pair_page,species_a,species_b,existing_a_hub_link,existing_b_hub_link,proposed_a_target,proposed_b_target,action
/compatibility/african-butterfly-fish-and-angelfish/,african-butterfly-fish,angelfish,False,False,/compatibility/african-butterfly-fish/,/compatibility/angelfish/,Ensure both owner links
/compatibility/african-butterfly-fish-and-betta-fish/,african-butterfly-fish,betta-fish,False,False,/compatibility/african-butterfly-fish/,/guides/betta-fish-care/tank-mates/,Ensure both owner links
/compatibility/african-butterfly-fish-and-black-ghost-knifefish/,african-butterfly-fish,black-ghost-knifefish,False,False,/compatibility/african-butterfly-fish/,/compatibility/black-ghost-knifefish/,Ensure both owner links
/compatibility/african-butterfly-fish-and-black-neon-tetra/,african-butterfly-fish,black-neon-tetra,False,False,/compatibility/african-butterfly-fish/,/compatibility/black-neon-tetra/,Ensure both owner links
/compatibility/african-butterfly-fish-and-black-phantom-tetra/,african-butterfly-fish,black-phantom-tetra,False,False,/compatibility/african-butterfly-fish/,/compatibility/black-phantom-tetra/,Ensure both owner links
/compatibility/african-butterfly-fish-and-black-ruby-barb/,african-butterfly-fish,black-ruby-barb,False,False,/compatibility/african-butterfly-fish/,/compatibility/black-ruby-barb/,Ensure both owner links
/compatibility/african-butterfly-fish-and-blue-tang/,african-butterfly-fish,blue-tang,False,False,/compatibility/african-butterfly-fish/,/compatibility/blue-tang/,Ensure both owner links
/compatibility/african-butterfly-fish-and-bolivian-ram/,african-butterfly-fish,bolivian-ram,False,False,/compatibility/african-butterfly-fish/,/compatibility/bolivian-ram/,Ensure both owner links
/compatibility/african-butterfly-fish-and-bosemans-rainbowfish/,african-butterfly-fish,bosemans-rainbowfish,False,False,/compatibility/african-butterfly-fish/,/compatibility/bosemans-rainbowfish/,Ensure both owner links
/compatibility/african-butterfly-fish-and-bristlenose-pleco/,african-butterfly-fish,bristlenose-pleco,False,False,/compatibility/african-butterfly-fish/,/compatibility/bristlenose-pleco/,Ensure both owner links
/compatibility/african-butterfly-fish-and-cardinal-tetra/,african-butterfly-fish,cardinal-tetra,False,False,/compatibility/african-butterfly-fish/,/compatibility/cardinal-tetra/,Ensure both owner links
/compatibility/african-butterfly-fish-and-cherry-barb/,african-butterfly-fish,cherry-barb,False,False,/compatibility/african-butterfly-fish/,/compatibility/cherry-barb/,Ensure both owner links
/compatibility/african-butterfly-fish-and-cherry-shrimp/,african-butterfly-fish,cherry-shrimp,False,False,/compatibility/african-butterfly-fish/,/compatibility/cherry-shrimp/,Ensure both owner links
/compatibility/african-butterfly-fish-and-chili-rasbora/,african-butterfly-fish,chili-rasbora,False,False,/compatibility/african-butterfly-fish/,/compatibility/chili-rasbora/,Ensure both owner links
/compatibility/african-butterfly-fish-and-clown-knifefish/,african-butterfly-fish,clown-knifefish,False,False,/compatibility/african-butterfly-fish/,/compatibility/clown-knifefish/,Ensure both owner links
/compatibility/african-butterfly-fish-and-clown-loach/,african-butterfly-fish,clown-loach,False,False,/compatibility/african-butterfly-fish/,/compatibility/clown-loach/,Ensure both owner links
/compatibility/african-butterfly-fish-and-clown-pleco/,african-butterfly-fish,clown-pleco,False,False,/compatibility/african-butterfly-fish/,/compatibility/clown-pleco/,Ensure both owner links
/compatibility/african-butterfly-fish-and-congo-tetra/,african-butterfly-fish,congo-tetra,False,False,/compatibility/african-butterfly-fish/,/compatibility/congo-tetra/,Ensure both owner links
/compatibility/african-butterfly-fish-and-coral-beauty/,african-butterfly-fish,coral-beauty,False,False,/compatibility/african-butterfly-fish/,/compatibility/coral-beauty/,Ensure both owner links
/compatibility/african-butterfly-fish-and-corydoras/,african-butterfly-fish,corydoras,False,False,/compatibility/african-butterfly-fish/,/compatibility/corydoras/,Ensure both owner links
/compatibility/african-butterfly-fish-and-denison-barb/,african-butterfly-fish,denison-barb,False,False,/compatibility/african-butterfly-fish/,/compatibility/denison-barb/,Ensure both owner links
/compatibility/african-butterfly-fish-and-diamond-tetra/,african-butterfly-fish,diamond-tetra,False,False,/compatibility/african-butterfly-fish/,/compatibility/diamond-tetra/,Ensure both owner links
/compatibility/african-butterfly-fish-and-discus/,african-butterfly-fish,discus,False,False,/compatibility/african-butterfly-fish/,/guides/discus-fish-care/tank-mates/,Ensure both owner links
/compatibility/african-butterfly-fish-and-dwarf-chain-loach/,african-butterfly-fish,dwarf-chain-loach,False,False,/compatibility/african-butterfly-fish/,/compatibility/dwarf-chain-loach/,Ensure both owner links
/compatibility/african-butterfly-fish-and-dwarf-gourami/,african-butterfly-fish,dwarf-gourami,False,False,/compatibility/african-butterfly-fish/,/compatibility/dwarf-gourami/,Ensure both owner links
/compatibility/african-butterfly-fish-and-electric-yellow-cichlid/,african-butterfly-fish,electric-yellow-cichlid,False,False,/compatibility/african-butterfly-fish/,/compatibility/electric-yellow-cichlid/,Ensure both owner links
/compatibility/african-butterfly-fish-and-ember-tetra/,african-butterfly-fish,ember-tetra,False,False,/compatibility/african-butterfly-fish/,/compatibility/ember-tetra/,Ensure both owner links
/compatibility/african-butterfly-fish-and-fire-eel/,african-butterfly-fish,fire-eel,False,False,/compatibility/african-butterfly-fish/,/compatibility/fire-eel/,Ensure both owner links
/compatibility/african-butterfly-fish-and-firefish-goby/,african-butterfly-fish,firefish-goby,False,False,/compatibility/african-butterfly-fish/,/compatibility/firefish-goby/,Ensure both owner links
/compatibility/african-butterfly-fish-and-flame-angelfish/,african-butterfly-fish,flame-angelfish,False,False,/compatibility/african-butterfly-fish/,/compatibility/flame-angelfish/,Ensure both owner links
/compatibility/african-butterfly-fish-and-foxface-rabbitfish/,african-butterfly-fish,foxface-rabbitfish,False,False,/compatibility/african-butterfly-fish/,/compatibility/foxface-rabbitfish/,Ensure both owner links
/compatibility/african-butterfly-fish-and-frontosa-cichlid/,african-butterfly-fish,frontosa-cichlid,False,False,/compatibility/african-butterfly-fish/,/compatibility/frontosa-cichlid/,Ensure both owner links
/compatibility/african-butterfly-fish-and-giant-danio/,african-butterfly-fish,giant-danio,False,False,/compatibility/african-butterfly-fish/,/compatibility/giant-danio/,Ensure both owner links
/compatibility/african-butterfly-fish-and-glass-catfish/,african-butterfly-fish,glass-catfish,False,False,/compatibility/african-butterfly-fish/,/compatibility/glass-catfish/,Ensure both owner links
/compatibility/african-butterfly-fish-and-glowlight-danio/,african-butterfly-fish,glowlight-danio,False,False,/compatibility/african-butterfly-fish/,/compatibility/glowlight-danio/,Ensure both owner links
/compatibility/african-butterfly-fish-and-glowlight-tetra/,african-butterfly-fish,glowlight-tetra,False,False,/compatibility/african-butterfly-fish/,/compatibility/glowlight-tetra/,Ensure both owner links
/compatibility/african-butterfly-fish-and-goldfish/,african-butterfly-fish,goldfish,False,False,/compatibility/african-butterfly-fish/,/compatibility/goldfish/,Ensure both owner links
/compatibility/african-butterfly-fish-and-green-terror-cichlid/,african-butterfly-fish,green-terror-cichlid,False,False,/compatibility/african-butterfly-fish/,/compatibility/green-terror-cichlid/,Ensure both owner links
/compatibility/african-butterfly-fish-and-guppy/,african-butterfly-fish,guppy,False,False,/compatibility/african-butterfly-fish/,/compatibility/guppy/,Ensure both owner links
/compatibility/african-butterfly-fish-and-harlequin-rasbora/,african-butterfly-fish,harlequin-rasbora,False,False,/compatibility/african-butterfly-fish/,/compatibility/harlequin-rasbora/,Ensure both owner links
/compatibility/african-butterfly-fish-and-hillstream-loach/,african-butterfly-fish,hillstream-loach,False,False,/compatibility/african-butterfly-fish/,/compatibility/hillstream-loach/,Ensure both owner links
/compatibility/african-butterfly-fish-and-honey-gourami/,african-butterfly-fish,honey-gourami,False,False,/compatibility/african-butterfly-fish/,/compatibility/honey-gourami/,Ensure both owner links
/compatibility/african-butterfly-fish-and-jewel-cichlid/,african-butterfly-fish,jewel-cichlid,False,False,/compatibility/african-butterfly-fish/,/compatibility/jewel-cichlid/,Ensure both owner links
/compatibility/african-butterfly-fish-and-julii-cory/,african-butterfly-fish,julii-cory,False,False,/compatibility/african-butterfly-fish/,/compatibility/julii-cory/,Ensure both owner links
/compatibility/african-butterfly-fish-and-keyhole-cichlid/,african-butterfly-fish,keyhole-cichlid,False,False,/compatibility/african-butterfly-fish/,/compatibility/keyhole-cichlid/,Ensure both owner links
/compatibility/african-butterfly-fish-and-koi/,african-butterfly-fish,koi,False,False,/compatibility/african-butterfly-fish/,/guides/koi-fish-care/tank-mates/,Ensure both owner links
/compatibility/african-butterfly-fish-and-kuhli-loach/,african-butterfly-fish,kuhli-loach,False,False,/compatibility/african-butterfly-fish/,/compatibility/kuhli-loach/,Ensure both owner links
/compatibility/african-butterfly-fish-and-lemon-tetra/,african-butterfly-fish,lemon-tetra,False,False,/compatibility/african-butterfly-fish/,/compatibility/lemon-tetra/,Ensure both owner links
/compatibility/african-butterfly-fish-and-lionfish/,african-butterfly-fish,lionfish,False,False,/compatibility/african-butterfly-fish/,/compatibility/lionfish/,Ensure both owner links
/compatibility/african-butterfly-fish-and-molly/,african-butterfly-fish,molly,False,False,/compatibility/african-butterfly-fish/,/compatibility/molly/,Ensure both owner links
/compatibility/african-butterfly-fish-and-moonlight-gourami/,african-butterfly-fish,moonlight-gourami,False,False,/compatibility/african-butterfly-fish/,/compatibility/moonlight-gourami/,Ensure both owner links
/compatibility/african-butterfly-fish-and-mystery-snail/,african-butterfly-fish,mystery-snail,False,False,/compatibility/african-butterfly-fish/,/compatibility/mystery-snail/,Ensure both owner links
/compatibility/african-butterfly-fish-and-neon-rainbowfish/,african-butterfly-fish,neon-rainbowfish,False,False,/compatibility/african-butterfly-fish/,/compatibility/neon-rainbowfish/,Ensure both owner links
/compatibility/african-butterfly-fish-and-neon-tetra/,african-butterfly-fish,neon-tetra,False,False,/compatibility/african-butterfly-fish/,/compatibility/neon-tetra/,Ensure both owner links
/compatibility/african-butterfly-fish-and-nerite-snail/,african-butterfly-fish,nerite-snail,False,False,/compatibility/african-butterfly-fish/,/compatibility/nerite-snail/,Ensure both owner links
/compatibility/african-butterfly-fish-and-oscar/,african-butterfly-fish,oscar,False,False,/compatibility/african-butterfly-fish/,/guides/oscar-fish-care/tank-mates/,Ensure both owner links
/compatibility/african-butterfly-fish-and-otocinclus/,african-butterfly-fish,otocinclus,False,False,/compatibility/african-butterfly-fish/,/compatibility/otocinclus/,Ensure both owner links
/compatibility/african-butterfly-fish-and-pajama-cardinalfish/,african-butterfly-fish,pajama-cardinalfish,False,False,/compatibility/african-butterfly-fish/,/compatibility/pajama-cardinalfish/,Ensure both owner links
/compatibility/african-butterfly-fish-and-panda-cory/,african-butterfly-fish,panda-cory,False,False,/compatibility/african-butterfly-fish/,/compatibility/panda-cory/,Ensure both owner links
/compatibility/african-butterfly-fish-and-pea-puffer/,african-butterfly-fish,pea-puffer,False,False,/compatibility/african-butterfly-fish/,/compatibility/pea-puffer/,Ensure both owner links
/compatibility/african-butterfly-fish-and-peacock-cichlid/,african-butterfly-fish,peacock-cichlid,False,False,/compatibility/african-butterfly-fish/,/compatibility/peacock-cichlid/,Ensure both owner links
/compatibility/african-butterfly-fish-and-pearl-danio/,african-butterfly-fish,pearl-danio,False,False,/compatibility/african-butterfly-fish/,/compatibility/pearl-danio/,Ensure both owner links
/compatibility/african-butterfly-fish-and-peppered-cory/,african-butterfly-fish,peppered-cory,False,False,/compatibility/african-butterfly-fish/,/compatibility/peppered-cory/,Ensure both owner links
/compatibility/african-butterfly-fish-and-percula-clownfish/,african-butterfly-fish,percula-clownfish,False,False,/compatibility/african-butterfly-fish/,/compatibility/percula-clownfish/,Ensure both owner links
/compatibility/african-butterfly-fish-and-platy/,african-butterfly-fish,platy,False,False,/compatibility/african-butterfly-fish/,/compatibility/platy/,Ensure both owner links
/compatibility/african-butterfly-fish-and-pygmy-corydoras/,african-butterfly-fish,pygmy-corydoras,False,False,/compatibility/african-butterfly-fish/,/compatibility/pygmy-corydoras/,Ensure both owner links
/compatibility/african-butterfly-fish-and-rainbow-shark/,african-butterfly-fish,rainbow-shark,False,False,/compatibility/african-butterfly-fish/,/compatibility/rainbow-shark/,Ensure both owner links
/compatibility/african-butterfly-fish-and-red-eye-tetra/,african-butterfly-fish,red-eye-tetra,False,False,/compatibility/african-butterfly-fish/,/compatibility/red-eye-tetra/,Ensure both owner links
/compatibility/african-butterfly-fish-and-rosy-barb/,african-butterfly-fish,rosy-barb,False,False,/compatibility/african-butterfly-fish/,/compatibility/rosy-barb/,Ensure both owner links
/compatibility/african-butterfly-fish-and-royal-gramma/,african-butterfly-fish,royal-gramma,False,False,/compatibility/african-butterfly-fish/,/compatibility/royal-gramma/,Ensure both owner links
/compatibility/african-butterfly-fish-and-senegal-bichir/,african-butterfly-fish,senegal-bichir,False,False,/compatibility/african-butterfly-fish/,/compatibility/senegal-bichir/,Ensure both owner links
/compatibility/african-butterfly-fish-and-serpae-tetra/,african-butterfly-fish,serpae-tetra,False,False,/compatibility/african-butterfly-fish/,/compatibility/serpae-tetra/,Ensure both owner links
/compatibility/african-butterfly-fish-and-severum-cichlid/,african-butterfly-fish,severum-cichlid,False,False,/compatibility/african-butterfly-fish/,/compatibility/severum-cichlid/,Ensure both owner links
/compatibility/african-butterfly-fish-and-silver-arowana/,african-butterfly-fish,silver-arowana,False,False,/compatibility/african-butterfly-fish/,/compatibility/silver-arowana/,Ensure both owner links
/compatibility/african-butterfly-fish-and-silver-dollar/,african-butterfly-fish,silver-dollar,False,False,/compatibility/african-butterfly-fish/,/compatibility/silver-dollar/,Ensure both owner links
/compatibility/african-butterfly-fish-and-sparkling-gourami/,african-butterfly-fish,sparkling-gourami,False,False,/compatibility/african-butterfly-fish/,/compatibility/sparkling-gourami/,Ensure both owner links
/compatibility/african-butterfly-fish-and-sterbai-cory/,african-butterfly-fish,sterbai-cory,False,False,/compatibility/african-butterfly-fish/,/compatibility/sterbai-cory/,Ensure both owner links
/compatibility/african-butterfly-fish-and-swordtail/,african-butterfly-fish,swordtail,False,False,/compatibility/african-butterfly-fish/,/compatibility/swordtail/,Ensure both owner links
/compatibility/african-butterfly-fish-and-texas-cichlid/,african-butterfly-fish,texas-cichlid,False,False,/compatibility/african-butterfly-fish/,/compatibility/texas-cichlid/,Ensure both owner links
/compatibility/african-butterfly-fish-and-threadfin-rainbowfish/,african-butterfly-fish,threadfin-rainbowfish,False,False,/compatibility/african-butterfly-fish/,/compatibility/threadfin-rainbowfish/,Ensure both owner links
/compatibility/african-butterfly-fish-and-three-spot-gourami/,african-butterfly-fish,three-spot-gourami,False,False,/compatibility/african-butterfly-fish/,/compatibility/three-spot-gourami/,Ensure both owner links
/compatibility/african-butterfly-fish-and-tiger-barb/,african-butterfly-fish,tiger-barb,False,False,/compatibility/african-butterfly-fish/,/compatibility/tiger-barb/,Ensure both owner links
/compatibility/african-butterfly-fish-and-watchman-goby/,african-butterfly-fish,watchman-goby,False,False,/compatibility/african-butterfly-fish/,/compatibility/watchman-goby/,Ensure both owner links
/compatibility/african-butterfly-fish-and-weather-loach/,african-butterfly-fish,weather-loach,False,False,/compatibility/african-butterfly-fish/,/compatibility/weather-loach/,Ensure both owner links
/compatibility/african-butterfly-fish-and-x-ray-tetra/,african-butterfly-fish,x-ray-tetra,False,False,/compatibility/african-butterfly-fish/,/compatibility/x-ray-tetra/,Ensure both owner links
/compatibility/african-butterfly-fish-and-yellow-tang/,african-butterfly-fish,yellow-tang,False,False,/compatibility/african-butterfly-fish/,/compatibility/yellow-tang/,Ensure both owner links
/compatibility/african-butterfly-fish-and-yoyo-loach/,african-butterfly-fish,yoyo-loach,False,False,/compatibility/african-butterfly-fish/,/compatibility/yoyo-loach/,Ensure both owner links
/compatibility/african-butterfly-fish-and-zebra-danio/,african-butterfly-fish,zebra-danio,False,False,/compatibility/african-butterfly-fish/,/compatibility/zebra-danio/,Ensure both owner links
/compatibility/african-butterfly-fish-and-zebra-loach/,african-butterfly-fish,zebra-loach,False,False,/compatibility/african-butterfly-fish/,/compatibility/zebra-loach/,Ensure both owner links
/compatibility/african-butterfly-fish-and-zebra-pleco/,african-butterfly-fish,zebra-pleco,False,False,/compatibility/african-butterfly-fish/,/compatibility/zebra-pleco/,Ensure both owner links
/compatibility/angelfish-and-betta-fish/,angelfish,betta-fish,False,False,/compatibility/angelfish/,/guides/betta-fish-care/tank-mates/,Ensure both owner links
/compatibility/angelfish-and-black-ghost-knifefish/,angelfish,black-ghost-knifefish,False,False,/compatibility/angelfish/,/compatibility/black-ghost-knifefish/,Ensure both owner links
/compatibility/angelfish-and-black-neon-tetra/,angelfish,black-neon-tetra,False,False,/compatibility/angelfish/,/compatibility/black-neon-tetra/,Ensure both owner links
/compatibility/angelfish-and-black-phantom-tetra/,angelfish,black-phantom-tetra,False,False,/compatibility/angelfish/,/compatibility/black-phantom-tetra/,Ensure both owner links
/compatibility/angelfish-and-black-ruby-barb/,angelfish,black-ruby-barb,False,False,/compatibility/angelfish/,/compatibility/black-ruby-barb/,Ensure both owner links
/compatibility/angelfish-and-blue-tang/,angelfish,blue-tang,False,False,/compatibility/angelfish/,/compatibility/blue-tang/,Ensure both owner links
/compatibility/angelfish-and-bolivian-ram/,angelfish,bolivian-ram,False,False,/compatibility/angelfish/,/compatibility/bolivian-ram/,Ensure both owner links
/compatibility/angelfish-and-bosemans-rainbowfish/,angelfish,bosemans-rainbowfish,False,False,/compatibility/angelfish/,/compatibility/bosemans-rainbowfish/,Ensure both owner links
/compatibility/angelfish-and-bristlenose-pleco/,angelfish,bristlenose-pleco,False,False,/compatibility/angelfish/,/compatibility/bristlenose-pleco/,Ensure both owner links
/compatibility/angelfish-and-cardinal-tetra/,angelfish,cardinal-tetra,False,False,/compatibility/angelfish/,/compatibility/cardinal-tetra/,Ensure both owner links
/compatibility/angelfish-and-cherry-barb/,angelfish,cherry-barb,False,False,/compatibility/angelfish/,/compatibility/cherry-barb/,Ensure both owner links
/compatibility/angelfish-and-cherry-shrimp/,angelfish,cherry-shrimp,False,False,/compatibility/angelfish/,/compatibility/cherry-shrimp/,Ensure both owner links
/compatibility/angelfish-and-chili-rasbora/,angelfish,chili-rasbora,False,False,/compatibility/angelfish/,/compatibility/chili-rasbora/,Ensure both owner links
/compatibility/angelfish-and-clown-knifefish/,angelfish,clown-knifefish,False,False,/compatibility/angelfish/,/compatibility/clown-knifefish/,Ensure both owner links
/compatibility/angelfish-and-clown-loach/,angelfish,clown-loach,False,False,/compatibility/angelfish/,/compatibility/clown-loach/,Ensure both owner links
/compatibility/angelfish-and-clown-pleco/,angelfish,clown-pleco,False,False,/compatibility/angelfish/,/compatibility/clown-pleco/,Ensure both owner links
/compatibility/angelfish-and-congo-tetra/,angelfish,congo-tetra,False,False,/compatibility/angelfish/,/compatibility/congo-tetra/,Ensure both owner links
/compatibility/angelfish-and-coral-beauty/,angelfish,coral-beauty,False,False,/compatibility/angelfish/,/compatibility/coral-beauty/,Ensure both owner links
/compatibility/angelfish-and-corydoras/,angelfish,corydoras,False,False,/compatibility/angelfish/,/compatibility/corydoras/,Ensure both owner links
/compatibility/angelfish-and-denison-barb/,angelfish,denison-barb,False,False,/compatibility/angelfish/,/compatibility/denison-barb/,Ensure both owner links
/compatibility/angelfish-and-diamond-tetra/,angelfish,diamond-tetra,False,False,/compatibility/angelfish/,/compatibility/diamond-tetra/,Ensure both owner links
/compatibility/angelfish-and-discus/,angelfish,discus,False,False,/compatibility/angelfish/,/guides/discus-fish-care/tank-mates/,Ensure both owner links
/compatibility/angelfish-and-dwarf-chain-loach/,angelfish,dwarf-chain-loach,False,False,/compatibility/angelfish/,/compatibility/dwarf-chain-loach/,Ensure both owner links
/compatibility/angelfish-and-dwarf-gourami/,angelfish,dwarf-gourami,False,False,/compatibility/angelfish/,/compatibility/dwarf-gourami/,Ensure both owner links
/compatibility/angelfish-and-electric-yellow-cichlid/,angelfish,electric-yellow-cichlid,False,False,/compatibility/angelfish/,/compatibility/electric-yellow-cichlid/,Ensure both owner links
/compatibility/angelfish-and-ember-tetra/,angelfish,ember-tetra,False,False,/compatibility/angelfish/,/compatibility/ember-tetra/,Ensure both owner links
/compatibility/angelfish-and-fire-eel/,angelfish,fire-eel,False,False,/compatibility/angelfish/,/compatibility/fire-eel/,Ensure both owner links
/compatibility/angelfish-and-firefish-goby/,angelfish,firefish-goby,False,False,/compatibility/angelfish/,/compatibility/firefish-goby/,Ensure both owner links
/compatibility/angelfish-and-flame-angelfish/,angelfish,flame-angelfish,False,False,/compatibility/angelfish/,/compatibility/flame-angelfish/,Ensure both owner links
/compatibility/angelfish-and-foxface-rabbitfish/,angelfish,foxface-rabbitfish,False,False,/compatibility/angelfish/,/compatibility/foxface-rabbitfish/,Ensure both owner links
/compatibility/angelfish-and-frontosa-cichlid/,angelfish,frontosa-cichlid,False,False,/compatibility/angelfish/,/compatibility/frontosa-cichlid/,Ensure both owner links
/compatibility/angelfish-and-giant-danio/,angelfish,giant-danio,False,False,/compatibility/angelfish/,/compatibility/giant-danio/,Ensure both owner links
/compatibility/angelfish-and-glass-catfish/,angelfish,glass-catfish,False,False,/compatibility/angelfish/,/compatibility/glass-catfish/,Ensure both owner links
/compatibility/angelfish-and-glowlight-danio/,angelfish,glowlight-danio,False,False,/compatibility/angelfish/,/compatibility/glowlight-danio/,Ensure both owner links
/compatibility/angelfish-and-glowlight-tetra/,angelfish,glowlight-tetra,False,False,/compatibility/angelfish/,/compatibility/glowlight-tetra/,Ensure both owner links
/compatibility/angelfish-and-goldfish/,angelfish,goldfish,False,False,/compatibility/angelfish/,/compatibility/goldfish/,Ensure both owner links
/compatibility/angelfish-and-green-terror-cichlid/,angelfish,green-terror-cichlid,False,False,/compatibility/angelfish/,/compatibility/green-terror-cichlid/,Ensure both owner links
/compatibility/angelfish-and-guppy/,angelfish,guppy,False,False,/compatibility/angelfish/,/compatibility/guppy/,Ensure both owner links
/compatibility/angelfish-and-harlequin-rasbora/,angelfish,harlequin-rasbora,False,False,/compatibility/angelfish/,/compatibility/harlequin-rasbora/,Ensure both owner links
/compatibility/angelfish-and-hillstream-loach/,angelfish,hillstream-loach,False,False,/compatibility/angelfish/,/compatibility/hillstream-loach/,Ensure both owner links
/compatibility/angelfish-and-honey-gourami/,angelfish,honey-gourami,False,False,/compatibility/angelfish/,/compatibility/honey-gourami/,Ensure both owner links
/compatibility/angelfish-and-jewel-cichlid/,angelfish,jewel-cichlid,False,False,/compatibility/angelfish/,/compatibility/jewel-cichlid/,Ensure both owner links
/compatibility/angelfish-and-julii-cory/,angelfish,julii-cory,False,False,/compatibility/angelfish/,/compatibility/julii-cory/,Ensure both owner links
/compatibility/angelfish-and-keyhole-cichlid/,angelfish,keyhole-cichlid,False,False,/compatibility/angelfish/,/compatibility/keyhole-cichlid/,Ensure both owner links
/compatibility/angelfish-and-koi/,angelfish,koi,False,False,/compatibility/angelfish/,/guides/koi-fish-care/tank-mates/,Ensure both owner links
/compatibility/angelfish-and-kuhli-loach/,angelfish,kuhli-loach,False,False,/compatibility/angelfish/,/compatibility/kuhli-loach/,Ensure both owner links
/compatibility/angelfish-and-lemon-tetra/,angelfish,lemon-tetra,False,False,/compatibility/angelfish/,/compatibility/lemon-tetra/,Ensure both owner links
/compatibility/angelfish-and-lionfish/,angelfish,lionfish,False,False,/compatibility/angelfish/,/compatibility/lionfish/,Ensure both owner links
/compatibility/angelfish-and-molly/,angelfish,molly,False,False,/compatibility/angelfish/,/compatibility/molly/,Ensure both owner links
/compatibility/angelfish-and-moonlight-gourami/,angelfish,moonlight-gourami,False,False,/compatibility/angelfish/,/compatibility/moonlight-gourami/,Ensure both owner links
/compatibility/angelfish-and-mystery-snail/,angelfish,mystery-snail,False,False,/compatibility/angelfish/,/compatibility/mystery-snail/,Ensure both owner links
/compatibility/angelfish-and-neon-rainbowfish/,angelfish,neon-rainbowfish,False,False,/compatibility/angelfish/,/compatibility/neon-rainbowfish/,Ensure both owner links
/compatibility/angelfish-and-neon-tetra/,angelfish,neon-tetra,False,False,/compatibility/angelfish/,/compatibility/neon-tetra/,Ensure both owner links
/compatibility/angelfish-and-nerite-snail/,angelfish,nerite-snail,False,False,/compatibility/angelfish/,/compatibility/nerite-snail/,Ensure both owner links
/compatibility/angelfish-and-oscar/,angelfish,oscar,False,False,/compatibility/angelfish/,/guides/oscar-fish-care/tank-mates/,Ensure both owner links
/compatibility/angelfish-and-otocinclus/,angelfish,otocinclus,False,False,/compatibility/angelfish/,/compatibility/otocinclus/,Ensure both owner links
/compatibility/angelfish-and-pajama-cardinalfish/,angelfish,pajama-cardinalfish,False,False,/compatibility/angelfish/,/compatibility/pajama-cardinalfish/,Ensure both owner links
/compatibility/angelfish-and-panda-cory/,angelfish,panda-cory,False,False,/compatibility/angelfish/,/compatibility/panda-cory/,Ensure both owner links
/compatibility/angelfish-and-pea-puffer/,angelfish,pea-puffer,False,False,/compatibility/angelfish/,/compatibility/pea-puffer/,Ensure both owner links
/compatibility/angelfish-and-peacock-cichlid/,angelfish,peacock-cichlid,False,False,/compatibility/angelfish/,/compatibility/peacock-cichlid/,Ensure both owner links
/compatibility/angelfish-and-pearl-danio/,angelfish,pearl-danio,False,False,/compatibility/angelfish/,/compatibility/pearl-danio/,Ensure both owner links
/compatibility/angelfish-and-peppered-cory/,angelfish,peppered-cory,False,False,/compatibility/angelfish/,/compatibility/peppered-cory/,Ensure both owner links
/compatibility/angelfish-and-percula-clownfish/,angelfish,percula-clownfish,False,False,/compatibility/angelfish/,/compatibility/percula-clownfish/,Ensure both owner links
/compatibility/angelfish-and-platy/,angelfish,platy,False,False,/compatibility/angelfish/,/compatibility/platy/,Ensure both owner links
/compatibility/angelfish-and-pygmy-corydoras/,angelfish,pygmy-corydoras,False,False,/compatibility/angelfish/,/compatibility/pygmy-corydoras/,Ensure both owner links
/compatibility/angelfish-and-rainbow-shark/,angelfish,rainbow-shark,False,False,/compatibility/angelfish/,/compatibility/rainbow-shark/,Ensure both owner links
/compatibility/angelfish-and-red-eye-tetra/,angelfish,red-eye-tetra,False,False,/compatibility/angelfish/,/compatibility/red-eye-tetra/,Ensure both owner links
/compatibility/angelfish-and-rosy-barb/,angelfish,rosy-barb,False,False,/compatibility/angelfish/,/compatibility/rosy-barb/,Ensure both owner links
/compatibility/angelfish-and-royal-gramma/,angelfish,royal-gramma,False,False,/compatibility/angelfish/,/compatibility/royal-gramma/,Ensure both owner links
/compatibility/angelfish-and-senegal-bichir/,angelfish,senegal-bichir,False,False,/compatibility/angelfish/,/compatibility/senegal-bichir/,Ensure both owner links
/compatibility/angelfish-and-serpae-tetra/,angelfish,serpae-tetra,False,False,/compatibility/angelfish/,/compatibility/serpae-tetra/,Ensure both owner links
/compatibility/angelfish-and-severum-cichlid/,angelfish,severum-cichlid,False,False,/compatibility/angelfish/,/compatibility/severum-cichlid/,Ensure both owner links
/compatibility/angelfish-and-silver-arowana/,angelfish,silver-arowana,False,False,/compatibility/angelfish/,/compatibility/silver-arowana/,Ensure both owner links
/compatibility/angelfish-and-silver-dollar/,angelfish,silver-dollar,False,False,/compatibility/angelfish/,/compatibility/silver-dollar/,Ensure both owner links
/compatibility/angelfish-and-sparkling-gourami/,angelfish,sparkling-gourami,False,False,/compatibility/angelfish/,/compatibility/sparkling-gourami/,Ensure both owner links
/compatibility/angelfish-and-sterbai-cory/,angelfish,sterbai-cory,False,False,/compatibility/angelfish/,/compatibility/sterbai-cory/,Ensure both owner links
/compatibility/angelfish-and-swordtail/,angelfish,swordtail,False,False,/compatibility/angelfish/,/compatibility/swordtail/,Ensure both owner links
/compatibility/angelfish-and-texas-cichlid/,angelfish,texas-cichlid,False,False,/compatibility/angelfish/,/compatibility/texas-cichlid/,Ensure both owner links
/compatibility/angelfish-and-threadfin-rainbowfish/,angelfish,threadfin-rainbowfish,False,False,/compatibility/angelfish/,/compatibility/threadfin-rainbowfish/,Ensure both owner links
/compatibility/angelfish-and-three-spot-gourami/,angelfish,three-spot-gourami,False,False,/compatibility/angelfish/,/compatibility/three-spot-gourami/,Ensure both owner links
/compatibility/angelfish-and-tiger-barb/,angelfish,tiger-barb,False,False,/compatibility/angelfish/,/compatibility/tiger-barb/,Ensure both owner links
/compatibility/angelfish-and-watchman-goby/,angelfish,watchman-goby,False,False,/compatibility/angelfish/,/compatibility/watchman-goby/,Ensure both owner links
/compatibility/angelfish-and-weather-loach/,angelfish,weather-loach,False,False,/compatibility/angelfish/,/compatibility/weather-loach/,Ensure both owner links
/compatibility/angelfish-and-x-ray-tetra/,angelfish,x-ray-tetra,False,False,/compatibility/angelfish/,/compatibility/x-ray-tetra/,Ensure both owner links
/compatibility/angelfish-and-yellow-tang/,angelfish,yellow-tang,False,False,/compatibility/angelfish/,/compatibility/yellow-tang/,Ensure both owner links
/compatibility/angelfish-and-yoyo-loach/,angelfish,yoyo-loach,False,False,/compatibility/angelfish/,/compatibility/yoyo-loach/,Ensure both owner links
/compatibility/angelfish-and-zebra-danio/,angelfish,zebra-danio,False,False,/compatibility/angelfish/,/compatibility/zebra-danio/,Ensure both owner links
/compatibility/angelfish-and-zebra-loach/,angelfish,zebra-loach,False,False,/compatibility/angelfish/,/compatibility/zebra-loach/,Ensure both owner links
/compatibility/angelfish-and-zebra-pleco/,angelfish,zebra-pleco,False,False,/compatibility/angelfish/,/compatibility/zebra-pleco/,Ensure both owner links
/compatibility/betta-fish-and-amano-shrimp/,betta-fish,amano-shrimp,True,False,/guides/betta-fish-care/tank-mates/,,Add both owner links; missing species needs editorial decision
/compatibility/betta-fish-and-black-ghost-knifefish/,betta-fish,black-ghost-knifefish,False,False,/guides/betta-fish-care/tank-mates/,/compatibility/black-ghost-knifefish/,Ensure both owner links
/compatibility/betta-fish-and-black-neon-tetra/,betta-fish,black-neon-tetra,False,False,/guides/betta-fish-care/tank-mates/,/compatibility/black-neon-tetra/,Ensure both owner links
/compatibility/betta-fish-and-black-phantom-tetra/,betta-fish,black-phantom-tetra,False,False,/guides/betta-fish-care/tank-mates/,/compatibility/black-phantom-tetra/,Ensure both owner links
/compatibility/betta-fish-and-black-ruby-barb/,betta-fish,black-ruby-barb,False,False,/guides/betta-fish-care/tank-mates/,/compatibility/black-ruby-barb/,Ensure both owner links
/compatibility/betta-fish-and-blue-tang/,betta-fish,blue-tang,False,False,/guides/betta-fish-care/tank-mates/,/compatibility/blue-tang/,Ensure both owner links
/compatibility/betta-fish-and-bolivian-ram/,betta-fish,bolivian-ram,False,False,/guides/betta-fish-care/tank-mates/,/compatibility/bolivian-ram/,Ensure both owner links
/compatibility/betta-fish-and-bosemans-rainbowfish/,betta-fish,bosemans-rainbowfish,False,False,/guides/betta-fish-care/tank-mates/,/compatibility/bosemans-rainbowfish/,Ensure both owner links
/compatibility/betta-fish-and-bristlenose-pleco/,betta-fish,bristlenose-pleco,False,False,/guides/betta-fish-care/tank-mates/,/compatibility/bristlenose-pleco/,Ensure both owner links
/compatibility/betta-fish-and-cardinal-tetra/,betta-fish,cardinal-tetra,False,False,/guides/betta-fish-care/tank-mates/,/compatibility/cardinal-tetra/,Ensure both owner links
/compatibility/betta-fish-and-cherry-barb/,betta-fish,cherry-barb,False,False,/guides/betta-fish-care/tank-mates/,/compatibility/cherry-barb/,Ensure both owner links
/compatibility/betta-fish-and-cherry-shrimp/,betta-fish,cherry-shrimp,False,False,/guides/betta-fish-care/tank-mates/,/compatibility/cherry-shrimp/,Ensure both owner links
/compatibility/betta-fish-and-chili-rasbora/,betta-fish,chili-rasbora,False,False,/guides/betta-fish-care/tank-mates/,/compatibility/chili-rasbora/,Ensure both owner links
/compatibility/betta-fish-and-clown-knifefish/,betta-fish,clown-knifefish,False,False,/guides/betta-fish-care/tank-mates/,/compatibility/clown-knifefish/,Ensure both owner links
/compatibility/betta-fish-and-clown-loach/,betta-fish,clown-loach,False,False,/guides/betta-fish-care/tank-mates/,/compatibility/clown-loach/,Ensure both owner links
/compatibility/betta-fish-and-clown-pleco/,betta-fish,clown-pleco,False,False,/guides/betta-fish-care/tank-mates/,/compatibility/clown-pleco/,Ensure both owner links
/compatibility/betta-fish-and-congo-tetra/,betta-fish,congo-tetra,False,False,/guides/betta-fish-care/tank-mates/,/compatibility/congo-tetra/,Ensure both owner links
/compatibility/betta-fish-and-coral-beauty/,betta-fish,coral-beauty,False,False,/guides/betta-fish-care/tank-mates/,/compatibility/coral-beauty/,Ensure both owner links
/compatibility/betta-fish-and-corydoras/,betta-fish,corydoras,False,False,/guides/betta-fish-care/tank-mates/,/compatibility/corydoras/,Ensure both owner links
/compatibility/betta-fish-and-denison-barb/,betta-fish,denison-barb,False,False,/guides/betta-fish-care/tank-mates/,/compatibility/denison-barb/,Ensure both owner links
/compatibility/betta-fish-and-diamond-tetra/,betta-fish,diamond-tetra,False,False,/guides/betta-fish-care/tank-mates/,/compatibility/diamond-tetra/,Ensure both owner links
/compatibility/betta-fish-and-discus/,betta-fish,discus,False,False,/guides/betta-fish-care/tank-mates/,/guides/discus-fish-care/tank-mates/,Ensure both owner links
/compatibility/betta-fish-and-dwarf-chain-loach/,betta-fish,dwarf-chain-loach,False,False,/guides/betta-fish-care/tank-mates/,/compatibility/dwarf-chain-loach/,Ensure both owner links
/compatibility/betta-fish-and-dwarf-gourami/,betta-fish,dwarf-gourami,False,False,/guides/betta-fish-care/tank-mates/,/compatibility/dwarf-gourami/,Ensure both owner links
/compatibility/betta-fish-and-electric-yellow-cichlid/,betta-fish,electric-yellow-cichlid,False,False,/guides/betta-fish-care/tank-mates/,/compatibility/electric-yellow-cichlid/,Ensure both owner links
/compatibility/betta-fish-and-ember-tetra/,betta-fish,ember-tetra,False,False,/guides/betta-fish-care/tank-mates/,/compatibility/ember-tetra/,Ensure both owner links
/compatibility/betta-fish-and-fire-eel/,betta-fish,fire-eel,False,False,/guides/betta-fish-care/tank-mates/,/compatibility/fire-eel/,Ensure both owner links
/compatibility/betta-fish-and-firefish-goby/,betta-fish,firefish-goby,False,False,/guides/betta-fish-care/tank-mates/,/compatibility/firefish-goby/,Ensure both owner links
/compatibility/betta-fish-and-flame-angelfish/,betta-fish,flame-angelfish,False,False,/guides/betta-fish-care/tank-mates/,/compatibility/flame-angelfish/,Ensure both owner links
/compatibility/betta-fish-and-foxface-rabbitfish/,betta-fish,foxface-rabbitfish,False,False,/guides/betta-fish-care/tank-mates/,/compatibility/foxface-rabbitfish/,Ensure both owner links
/compatibility/betta-fish-and-frontosa-cichlid/,betta-fish,frontosa-cichlid,False,False,/guides/betta-fish-care/tank-mates/,/compatibility/frontosa-cichlid/,Ensure both owner links
/compatibility/betta-fish-and-ghost-shrimp/,betta-fish,ghost-shrimp,True,False,/guides/betta-fish-care/tank-mates/,,Add both owner links; missing species needs editorial decision
/compatibility/betta-fish-and-giant-danio/,betta-fish,giant-danio,False,False,/guides/betta-fish-care/tank-mates/,/compatibility/giant-danio/,Ensure both owner links
/compatibility/betta-fish-and-glass-catfish/,betta-fish,glass-catfish,False,False,/guides/betta-fish-care/tank-mates/,/compatibility/glass-catfish/,Ensure both owner links
/compatibility/betta-fish-and-glowlight-danio/,betta-fish,glowlight-danio,False,False,/guides/betta-fish-care/tank-mates/,/compatibility/glowlight-danio/,Ensure both owner links
/compatibility/betta-fish-and-glowlight-tetra/,betta-fish,glowlight-tetra,False,False,/guides/betta-fish-care/tank-mates/,/compatibility/glowlight-tetra/,Ensure both owner links
/compatibility/betta-fish-and-goldfish/,betta-fish,goldfish,False,False,/guides/betta-fish-care/tank-mates/,/compatibility/goldfish/,Ensure both owner links
/compatibility/betta-fish-and-green-terror-cichlid/,betta-fish,green-terror-cichlid,False,False,/guides/betta-fish-care/tank-mates/,/compatibility/green-terror-cichlid/,Ensure both owner links
/compatibility/betta-fish-and-guppy/,betta-fish,guppy,False,False,/guides/betta-fish-care/tank-mates/,/compatibility/guppy/,Ensure both owner links
/compatibility/betta-fish-and-harlequin-rasbora/,betta-fish,harlequin-rasbora,False,False,/guides/betta-fish-care/tank-mates/,/compatibility/harlequin-rasbora/,Ensure both owner links
/compatibility/betta-fish-and-hillstream-loach/,betta-fish,hillstream-loach,False,False,/guides/betta-fish-care/tank-mates/,/compatibility/hillstream-loach/,Ensure both owner links
/compatibility/betta-fish-and-honey-gourami/,betta-fish,honey-gourami,False,False,/guides/betta-fish-care/tank-mates/,/compatibility/honey-gourami/,Ensure both owner links
/compatibility/betta-fish-and-jewel-cichlid/,betta-fish,jewel-cichlid,False,False,/guides/betta-fish-care/tank-mates/,/compatibility/jewel-cichlid/,Ensure both owner links
/compatibility/betta-fish-and-julii-cory/,betta-fish,julii-cory,False,False,/guides/betta-fish-care/tank-mates/,/compatibility/julii-cory/,Ensure both owner links
/compatibility/betta-fish-and-keyhole-cichlid/,betta-fish,keyhole-cichlid,False,False,/guides/betta-fish-care/tank-mates/,/compatibility/keyhole-cichlid/,Ensure both owner links
/compatibility/betta-fish-and-koi/,betta-fish,koi,False,False,/guides/betta-fish-care/tank-mates/,/guides/koi-fish-care/tank-mates/,Ensure both owner links
/compatibility/betta-fish-and-kuhli-loach/,betta-fish,kuhli-loach,False,False,/guides/betta-fish-care/tank-mates/,/compatibility/kuhli-loach/,Ensure both owner links
/compatibility/betta-fish-and-lemon-tetra/,betta-fish,lemon-tetra,False,False,/guides/betta-fish-care/tank-mates/,/compatibility/lemon-tetra/,Ensure both owner links
/compatibility/betta-fish-and-lionfish/,betta-fish,lionfish,False,False,/guides/betta-fish-care/tank-mates/,/compatibility/lionfish/,Ensure both owner links
/compatibility/betta-fish-and-molly/,betta-fish,molly,False,False,/guides/betta-fish-care/tank-mates/,/compatibility/molly/,Ensure both owner links
/compatibility/betta-fish-and-moonlight-gourami/,betta-fish,moonlight-gourami,False,False,/guides/betta-fish-care/tank-mates/,/compatibility/moonlight-gourami/,Ensure both owner links
/compatibility/betta-fish-and-mystery-snail/,betta-fish,mystery-snail,False,False,/guides/betta-fish-care/tank-mates/,/compatibility/mystery-snail/,Ensure both owner links
/compatibility/betta-fish-and-neon-rainbowfish/,betta-fish,neon-rainbowfish,False,False,/guides/betta-fish-care/tank-mates/,/compatibility/neon-rainbowfish/,Ensure both owner links
/compatibility/betta-fish-and-neon-tetra/,betta-fish,neon-tetra,False,False,/guides/betta-fish-care/tank-mates/,/compatibility/neon-tetra/,Ensure both owner links
/compatibility/betta-fish-and-nerite-snail/,betta-fish,nerite-snail,False,False,/guides/betta-fish-care/tank-mates/,/compatibility/nerite-snail/,Ensure both owner links
/compatibility/betta-fish-and-oscar/,betta-fish,oscar,False,False,/guides/betta-fish-care/tank-mates/,/guides/oscar-fish-care/tank-mates/,Ensure both owner links
/compatibility/betta-fish-and-otocinclus/,betta-fish,otocinclus,False,False,/guides/betta-fish-care/tank-mates/,/compatibility/otocinclus/,Ensure both owner links
/compatibility/betta-fish-and-pajama-cardinalfish/,betta-fish,pajama-cardinalfish,False,False,/guides/betta-fish-care/tank-mates/,/compatibility/pajama-cardinalfish/,Ensure both owner links
/compatibility/betta-fish-and-panda-cory/,betta-fish,panda-cory,False,False,/guides/betta-fish-care/tank-mates/,/compatibility/panda-cory/,Ensure both owner links
/compatibility/betta-fish-and-pea-puffer/,betta-fish,pea-puffer,False,False,/guides/betta-fish-care/tank-mates/,/compatibility/pea-puffer/,Ensure both owner links
/compatibility/betta-fish-and-peacock-cichlid/,betta-fish,peacock-cichlid,False,False,/guides/betta-fish-care/tank-mates/,/compatibility/peacock-cichlid/,Ensure both owner links
/compatibility/betta-fish-and-pearl-danio/,betta-fish,pearl-danio,False,False,/guides/betta-fish-care/tank-mates/,/compatibility/pearl-danio/,Ensure both owner links
/compatibility/betta-fish-and-peppered-cory/,betta-fish,peppered-cory,False,False,/guides/betta-fish-care/tank-mates/,/compatibility/peppered-cory/,Ensure both owner links
/compatibility/betta-fish-and-percula-clownfish/,betta-fish,percula-clownfish,False,False,/guides/betta-fish-care/tank-mates/,/compatibility/percula-clownfish/,Ensure both owner links
/compatibility/betta-fish-and-platy/,betta-fish,platy,False,False,/guides/betta-fish-care/tank-mates/,/compatibility/platy/,Ensure both owner links
/compatibility/betta-fish-and-pygmy-corydoras/,betta-fish,pygmy-corydoras,False,False,/guides/betta-fish-care/tank-mates/,/compatibility/pygmy-corydoras/,Ensure both owner links
/compatibility/betta-fish-and-rainbow-shark/,betta-fish,rainbow-shark,False,False,/guides/betta-fish-care/tank-mates/,/compatibility/rainbow-shark/,Ensure both owner links
/compatibility/betta-fish-and-red-eye-tetra/,betta-fish,red-eye-tetra,False,False,/guides/betta-fish-care/tank-mates/,/compatibility/red-eye-tetra/,Ensure both owner links
/compatibility/betta-fish-and-rosy-barb/,betta-fish,rosy-barb,False,False,/guides/betta-fish-care/tank-mates/,/compatibility/rosy-barb/,Ensure both owner links
/compatibility/betta-fish-and-royal-gramma/,betta-fish,royal-gramma,False,False,/guides/betta-fish-care/tank-mates/,/compatibility/royal-gramma/,Ensure both owner links
/compatibility/betta-fish-and-senegal-bichir/,betta-fish,senegal-bichir,False,False,/guides/betta-fish-care/tank-mates/,/compatibility/senegal-bichir/,Ensure both owner links
/compatibility/betta-fish-and-serpae-tetra/,betta-fish,serpae-tetra,False,False,/guides/betta-fish-care/tank-mates/,/compatibility/serpae-tetra/,Ensure both owner links
/compatibility/betta-fish-and-severum-cichlid/,betta-fish,severum-cichlid,False,False,/guides/betta-fish-care/tank-mates/,/compatibility/severum-cichlid/,Ensure both owner links
/compatibility/betta-fish-and-silver-arowana/,betta-fish,silver-arowana,False,False,/guides/betta-fish-care/tank-mates/,/compatibility/silver-arowana/,Ensure both owner links
/compatibility/betta-fish-and-silver-dollar/,betta-fish,silver-dollar,False,False,/guides/betta-fish-care/tank-mates/,/compatibility/silver-dollar/,Ensure both owner links
/compatibility/betta-fish-and-sparkling-gourami/,betta-fish,sparkling-gourami,False,False,/guides/betta-fish-care/tank-mates/,/compatibility/sparkling-gourami/,Ensure both owner links
/compatibility/betta-fish-and-sterbai-cory/,betta-fish,sterbai-cory,False,False,/guides/betta-fish-care/tank-mates/,/compatibility/sterbai-cory/,Ensure both owner links
/compatibility/betta-fish-and-swordtail/,betta-fish,swordtail,False,False,/guides/betta-fish-care/tank-mates/,/compatibility/swordtail/,Ensure both owner links
/compatibility/betta-fish-and-texas-cichlid/,betta-fish,texas-cichlid,False,False,/guides/betta-fish-care/tank-mates/,/compatibility/texas-cichlid/,Ensure both owner links
/compatibility/betta-fish-and-threadfin-rainbowfish/,betta-fish,threadfin-rainbowfish,False,False,/guides/betta-fish-care/tank-mates/,/compatibility/threadfin-rainbowfish/,Ensure both owner links
/compatibility/betta-fish-and-three-spot-gourami/,betta-fish,three-spot-gourami,False,False,/guides/betta-fish-care/tank-mates/,/compatibility/three-spot-gourami/,Ensure both owner links
/compatibility/betta-fish-and-tiger-barb/,betta-fish,tiger-barb,False,False,/guides/betta-fish-care/tank-mates/,/compatibility/tiger-barb/,Ensure both owner links
/compatibility/betta-fish-and-watchman-goby/,betta-fish,watchman-goby,False,False,/guides/betta-fish-care/tank-mates/,/compatibility/watchman-goby/,Ensure both owner links
/compatibility/betta-fish-and-weather-loach/,betta-fish,weather-loach,False,False,/guides/betta-fish-care/tank-mates/,/compatibility/weather-loach/,Ensure both owner links
/compatibility/betta-fish-and-x-ray-tetra/,betta-fish,x-ray-tetra,False,False,/guides/betta-fish-care/tank-mates/,/compatibility/x-ray-tetra/,Ensure both owner links
/compatibility/betta-fish-and-yellow-tang/,betta-fish,yellow-tang,False,False,/guides/betta-fish-care/tank-mates/,/compatibility/yellow-tang/,Ensure both owner links
/compatibility/betta-fish-and-yoyo-loach/,betta-fish,yoyo-loach,False,False,/guides/betta-fish-care/tank-mates/,/compatibility/yoyo-loach/,Ensure both owner links
/compatibility/betta-fish-and-zebra-danio/,betta-fish,zebra-danio,False,False,/guides/betta-fish-care/tank-mates/,/compatibility/zebra-danio/,Ensure both owner links
/compatibility/betta-fish-and-zebra-loach/,betta-fish,zebra-loach,False,False,/guides/betta-fish-care/tank-mates/,/compatibility/zebra-loach/,Ensure both owner links
/compatibility/betta-fish-and-zebra-pleco/,betta-fish,zebra-pleco,False,False,/guides/betta-fish-care/tank-mates/,/compatibility/zebra-pleco/,Ensure both owner links
/compatibility/black-ghost-knifefish-and-black-neon-tetra/,black-ghost-knifefish,black-neon-tetra,False,False,/compatibility/black-ghost-knifefish/,/compatibility/black-neon-tetra/,Ensure both owner links
/compatibility/black-ghost-knifefish-and-black-phantom-tetra/,black-ghost-knifefish,black-phantom-tetra,False,False,/compatibility/black-ghost-knifefish/,/compatibility/black-phantom-tetra/,Ensure both owner links
/compatibility/black-ghost-knifefish-and-black-ruby-barb/,black-ghost-knifefish,black-ruby-barb,False,False,/compatibility/black-ghost-knifefish/,/compatibility/black-ruby-barb/,Ensure both owner links
/compatibility/black-ghost-knifefish-and-blue-tang/,black-ghost-knifefish,blue-tang,False,False,/compatibility/black-ghost-knifefish/,/compatibility/blue-tang/,Ensure both owner links
/compatibility/black-ghost-knifefish-and-bolivian-ram/,black-ghost-knifefish,bolivian-ram,False,False,/compatibility/black-ghost-knifefish/,/compatibility/bolivian-ram/,Ensure both owner links
/compatibility/black-ghost-knifefish-and-bosemans-rainbowfish/,black-ghost-knifefish,bosemans-rainbowfish,False,False,/compatibility/black-ghost-knifefish/,/compatibility/bosemans-rainbowfish/,Ensure both owner links
/compatibility/black-ghost-knifefish-and-bristlenose-pleco/,black-ghost-knifefish,bristlenose-pleco,False,False,/compatibility/black-ghost-knifefish/,/compatibility/bristlenose-pleco/,Ensure both owner links
/compatibility/black-ghost-knifefish-and-cardinal-tetra/,black-ghost-knifefish,cardinal-tetra,False,False,/compatibility/black-ghost-knifefish/,/compatibility/cardinal-tetra/,Ensure both owner links
/compatibility/black-ghost-knifefish-and-cherry-barb/,black-ghost-knifefish,cherry-barb,False,False,/compatibility/black-ghost-knifefish/,/compatibility/cherry-barb/,Ensure both owner links
/compatibility/black-ghost-knifefish-and-cherry-shrimp/,black-ghost-knifefish,cherry-shrimp,False,False,/compatibility/black-ghost-knifefish/,/compatibility/cherry-shrimp/,Ensure both owner links
/compatibility/black-ghost-knifefish-and-chili-rasbora/,black-ghost-knifefish,chili-rasbora,False,False,/compatibility/black-ghost-knifefish/,/compatibility/chili-rasbora/,Ensure both owner links
/compatibility/black-ghost-knifefish-and-clown-knifefish/,black-ghost-knifefish,clown-knifefish,False,False,/compatibility/black-ghost-knifefish/,/compatibility/clown-knifefish/,Ensure both owner links
/compatibility/black-ghost-knifefish-and-clown-loach/,black-ghost-knifefish,clown-loach,False,False,/compatibility/black-ghost-knifefish/,/compatibility/clown-loach/,Ensure both owner links
/compatibility/black-ghost-knifefish-and-clown-pleco/,black-ghost-knifefish,clown-pleco,False,False,/compatibility/black-ghost-knifefish/,/compatibility/clown-pleco/,Ensure both owner links
/compatibility/black-ghost-knifefish-and-congo-tetra/,black-ghost-knifefish,congo-tetra,False,False,/compatibility/black-ghost-knifefish/,/compatibility/congo-tetra/,Ensure both owner links
/compatibility/black-ghost-knifefish-and-coral-beauty/,black-ghost-knifefish,coral-beauty,False,False,/compatibility/black-ghost-knifefish/,/compatibility/coral-beauty/,Ensure both owner links
/compatibility/black-ghost-knifefish-and-corydoras/,black-ghost-knifefish,corydoras,False,False,/compatibility/black-ghost-knifefish/,/compatibility/corydoras/,Ensure both owner links
/compatibility/black-ghost-knifefish-and-denison-barb/,black-ghost-knifefish,denison-barb,False,False,/compatibility/black-ghost-knifefish/,/compatibility/denison-barb/,Ensure both owner links
/compatibility/black-ghost-knifefish-and-diamond-tetra/,black-ghost-knifefish,diamond-tetra,False,False,/compatibility/black-ghost-knifefish/,/compatibility/diamond-tetra/,Ensure both owner links
/compatibility/black-ghost-knifefish-and-discus/,black-ghost-knifefish,discus,False,False,/compatibility/black-ghost-knifefish/,/guides/discus-fish-care/tank-mates/,Ensure both owner links
/compatibility/black-ghost-knifefish-and-dwarf-chain-loach/,black-ghost-knifefish,dwarf-chain-loach,False,False,/compatibility/black-ghost-knifefish/,/compatibility/dwarf-chain-loach/,Ensure both owner links
/compatibility/black-ghost-knifefish-and-dwarf-gourami/,black-ghost-knifefish,dwarf-gourami,False,False,/compatibility/black-ghost-knifefish/,/compatibility/dwarf-gourami/,Ensure both owner links
/compatibility/black-ghost-knifefish-and-electric-yellow-cichlid/,black-ghost-knifefish,electric-yellow-cichlid,False,False,/compatibility/black-ghost-knifefish/,/compatibility/electric-yellow-cichlid/,Ensure both owner links
/compatibility/black-ghost-knifefish-and-ember-tetra/,black-ghost-knifefish,ember-tetra,False,False,/compatibility/black-ghost-knifefish/,/compatibility/ember-tetra/,Ensure both owner links
/compatibility/black-ghost-knifefish-and-fire-eel/,black-ghost-knifefish,fire-eel,False,False,/compatibility/black-ghost-knifefish/,/compatibility/fire-eel/,Ensure both owner links
/compatibility/black-ghost-knifefish-and-firefish-goby/,black-ghost-knifefish,firefish-goby,False,False,/compatibility/black-ghost-knifefish/,/compatibility/firefish-goby/,Ensure both owner links
/compatibility/black-ghost-knifefish-and-flame-angelfish/,black-ghost-knifefish,flame-angelfish,False,False,/compatibility/black-ghost-knifefish/,/compatibility/flame-angelfish/,Ensure both owner links
/compatibility/black-ghost-knifefish-and-foxface-rabbitfish/,black-ghost-knifefish,foxface-rabbitfish,False,False,/compatibility/black-ghost-knifefish/,/compatibility/foxface-rabbitfish/,Ensure both owner links
/compatibility/black-ghost-knifefish-and-frontosa-cichlid/,black-ghost-knifefish,frontosa-cichlid,False,False,/compatibility/black-ghost-knifefish/,/compatibility/frontosa-cichlid/,Ensure both owner links
/compatibility/black-ghost-knifefish-and-giant-danio/,black-ghost-knifefish,giant-danio,False,False,/compatibility/black-ghost-knifefish/,/compatibility/giant-danio/,Ensure both owner links
/compatibility/black-ghost-knifefish-and-glass-catfish/,black-ghost-knifefish,glass-catfish,False,False,/compatibility/black-ghost-knifefish/,/compatibility/glass-catfish/,Ensure both owner links
/compatibility/black-ghost-knifefish-and-glowlight-danio/,black-ghost-knifefish,glowlight-danio,False,False,/compatibility/black-ghost-knifefish/,/compatibility/glowlight-danio/,Ensure both owner links
/compatibility/black-ghost-knifefish-and-glowlight-tetra/,black-ghost-knifefish,glowlight-tetra,False,False,/compatibility/black-ghost-knifefish/,/compatibility/glowlight-tetra/,Ensure both owner links
/compatibility/black-ghost-knifefish-and-goldfish/,black-ghost-knifefish,goldfish,False,False,/compatibility/black-ghost-knifefish/,/compatibility/goldfish/,Ensure both owner links
/compatibility/black-ghost-knifefish-and-green-terror-cichlid/,black-ghost-knifefish,green-terror-cichlid,False,False,/compatibility/black-ghost-knifefish/,/compatibility/green-terror-cichlid/,Ensure both owner links
/compatibility/black-ghost-knifefish-and-guppy/,black-ghost-knifefish,guppy,False,False,/compatibility/black-ghost-knifefish/,/compatibility/guppy/,Ensure both owner links
/compatibility/black-ghost-knifefish-and-harlequin-rasbora/,black-ghost-knifefish,harlequin-rasbora,False,False,/compatibility/black-ghost-knifefish/,/compatibility/harlequin-rasbora/,Ensure both owner links
/compatibility/black-ghost-knifefish-and-hillstream-loach/,black-ghost-knifefish,hillstream-loach,False,False,/compatibility/black-ghost-knifefish/,/compatibility/hillstream-loach/,Ensure both owner links
/compatibility/black-ghost-knifefish-and-honey-gourami/,black-ghost-knifefish,honey-gourami,False,False,/compatibility/black-ghost-knifefish/,/compatibility/honey-gourami/,Ensure both owner links
/compatibility/black-ghost-knifefish-and-jewel-cichlid/,black-ghost-knifefish,jewel-cichlid,False,False,/compatibility/black-ghost-knifefish/,/compatibility/jewel-cichlid/,Ensure both owner links
/compatibility/black-ghost-knifefish-and-julii-cory/,black-ghost-knifefish,julii-cory,False,False,/compatibility/black-ghost-knifefish/,/compatibility/julii-cory/,Ensure both owner links
/compatibility/black-ghost-knifefish-and-keyhole-cichlid/,black-ghost-knifefish,keyhole-cichlid,False,False,/compatibility/black-ghost-knifefish/,/compatibility/keyhole-cichlid/,Ensure both owner links
/compatibility/black-ghost-knifefish-and-koi/,black-ghost-knifefish,koi,False,False,/compatibility/black-ghost-knifefish/,/guides/koi-fish-care/tank-mates/,Ensure both owner links
/compatibility/black-ghost-knifefish-and-kuhli-loach/,black-ghost-knifefish,kuhli-loach,False,False,/compatibility/black-ghost-knifefish/,/compatibility/kuhli-loach/,Ensure both owner links
/compatibility/black-ghost-knifefish-and-lemon-tetra/,black-ghost-knifefish,lemon-tetra,False,False,/compatibility/black-ghost-knifefish/,/compatibility/lemon-tetra/,Ensure both owner links
/compatibility/black-ghost-knifefish-and-lionfish/,black-ghost-knifefish,lionfish,False,False,/compatibility/black-ghost-knifefish/,/compatibility/lionfish/,Ensure both owner links
/compatibility/black-ghost-knifefish-and-molly/,black-ghost-knifefish,molly,False,False,/compatibility/black-ghost-knifefish/,/compatibility/molly/,Ensure both owner links
/compatibility/black-ghost-knifefish-and-moonlight-gourami/,black-ghost-knifefish,moonlight-gourami,False,False,/compatibility/black-ghost-knifefish/,/compatibility/moonlight-gourami/,Ensure both owner links
/compatibility/black-ghost-knifefish-and-mystery-snail/,black-ghost-knifefish,mystery-snail,False,False,/compatibility/black-ghost-knifefish/,/compatibility/mystery-snail/,Ensure both owner links
/compatibility/black-ghost-knifefish-and-neon-rainbowfish/,black-ghost-knifefish,neon-rainbowfish,False,False,/compatibility/black-ghost-knifefish/,/compatibility/neon-rainbowfish/,Ensure both owner links
/compatibility/black-ghost-knifefish-and-neon-tetra/,black-ghost-knifefish,neon-tetra,False,False,/compatibility/black-ghost-knifefish/,/compatibility/neon-tetra/,Ensure both owner links
/compatibility/black-ghost-knifefish-and-nerite-snail/,black-ghost-knifefish,nerite-snail,False,False,/compatibility/black-ghost-knifefish/,/compatibility/nerite-snail/,Ensure both owner links
/compatibility/black-ghost-knifefish-and-oscar/,black-ghost-knifefish,oscar,False,False,/compatibility/black-ghost-knifefish/,/guides/oscar-fish-care/tank-mates/,Ensure both owner links
/compatibility/black-ghost-knifefish-and-otocinclus/,black-ghost-knifefish,otocinclus,False,False,/compatibility/black-ghost-knifefish/,/compatibility/otocinclus/,Ensure both owner links
/compatibility/black-ghost-knifefish-and-pajama-cardinalfish/,black-ghost-knifefish,pajama-cardinalfish,False,False,/compatibility/black-ghost-knifefish/,/compatibility/pajama-cardinalfish/,Ensure both owner links
/compatibility/black-ghost-knifefish-and-panda-cory/,black-ghost-knifefish,panda-cory,False,False,/compatibility/black-ghost-knifefish/,/compatibility/panda-cory/,Ensure both owner links
/compatibility/black-ghost-knifefish-and-pea-puffer/,black-ghost-knifefish,pea-puffer,False,False,/compatibility/black-ghost-knifefish/,/compatibility/pea-puffer/,Ensure both owner links
/compatibility/black-ghost-knifefish-and-peacock-cichlid/,black-ghost-knifefish,peacock-cichlid,False,False,/compatibility/black-ghost-knifefish/,/compatibility/peacock-cichlid/,Ensure both owner links
/compatibility/black-ghost-knifefish-and-pearl-danio/,black-ghost-knifefish,pearl-danio,False,False,/compatibility/black-ghost-knifefish/,/compatibility/pearl-danio/,Ensure both owner links
/compatibility/black-ghost-knifefish-and-peppered-cory/,black-ghost-knifefish,peppered-cory,False,False,/compatibility/black-ghost-knifefish/,/compatibility/peppered-cory/,Ensure both owner links
/compatibility/black-ghost-knifefish-and-percula-clownfish/,black-ghost-knifefish,percula-clownfish,False,False,/compatibility/black-ghost-knifefish/,/compatibility/percula-clownfish/,Ensure both owner links
/compatibility/black-ghost-knifefish-and-platy/,black-ghost-knifefish,platy,False,False,/compatibility/black-ghost-knifefish/,/compatibility/platy/,Ensure both owner links
/compatibility/black-ghost-knifefish-and-pygmy-corydoras/,black-ghost-knifefish,pygmy-corydoras,False,False,/compatibility/black-ghost-knifefish/,/compatibility/pygmy-corydoras/,Ensure both owner links
/compatibility/black-ghost-knifefish-and-rainbow-shark/,black-ghost-knifefish,rainbow-shark,False,False,/compatibility/black-ghost-knifefish/,/compatibility/rainbow-shark/,Ensure both owner links
/compatibility/black-ghost-knifefish-and-red-eye-tetra/,black-ghost-knifefish,red-eye-tetra,False,False,/compatibility/black-ghost-knifefish/,/compatibility/red-eye-tetra/,Ensure both owner links
/compatibility/black-ghost-knifefish-and-rosy-barb/,black-ghost-knifefish,rosy-barb,False,False,/compatibility/black-ghost-knifefish/,/compatibility/rosy-barb/,Ensure both owner links
/compatibility/black-ghost-knifefish-and-royal-gramma/,black-ghost-knifefish,royal-gramma,False,False,/compatibility/black-ghost-knifefish/,/compatibility/royal-gramma/,Ensure both owner links
/compatibility/black-ghost-knifefish-and-senegal-bichir/,black-ghost-knifefish,senegal-bichir,False,False,/compatibility/black-ghost-knifefish/,/compatibility/senegal-bichir/,Ensure both owner links
/compatibility/black-ghost-knifefish-and-serpae-tetra/,black-ghost-knifefish,serpae-tetra,False,False,/compatibility/black-ghost-knifefish/,/compatibility/serpae-tetra/,Ensure both owner links
/compatibility/black-ghost-knifefish-and-severum-cichlid/,black-ghost-knifefish,severum-cichlid,False,False,/compatibility/black-ghost-knifefish/,/compatibility/severum-cichlid/,Ensure both owner links
/compatibility/black-ghost-knifefish-and-silver-arowana/,black-ghost-knifefish,silver-arowana,False,False,/compatibility/black-ghost-knifefish/,/compatibility/silver-arowana/,Ensure both owner links
/compatibility/black-ghost-knifefish-and-silver-dollar/,black-ghost-knifefish,silver-dollar,False,False,/compatibility/black-ghost-knifefish/,/compatibility/silver-dollar/,Ensure both owner links
/compatibility/black-ghost-knifefish-and-sparkling-gourami/,black-ghost-knifefish,sparkling-gourami,False,False,/compatibility/black-ghost-knifefish/,/compatibility/sparkling-gourami/,Ensure both owner links
/compatibility/black-ghost-knifefish-and-sterbai-cory/,black-ghost-knifefish,sterbai-cory,False,False,/compatibility/black-ghost-knifefish/,/compatibility/sterbai-cory/,Ensure both owner links
/compatibility/black-ghost-knifefish-and-swordtail/,black-ghost-knifefish,swordtail,False,False,/compatibility/black-ghost-knifefish/,/compatibility/swordtail/,Ensure both owner links
/compatibility/black-ghost-knifefish-and-texas-cichlid/,black-ghost-knifefish,texas-cichlid,False,False,/compatibility/black-ghost-knifefish/,/compatibility/texas-cichlid/,Ensure both owner links
/compatibility/black-ghost-knifefish-and-threadfin-rainbowfish/,black-ghost-knifefish,threadfin-rainbowfish,False,False,/compatibility/black-ghost-knifefish/,/compatibility/threadfin-rainbowfish/,Ensure both owner links
/compatibility/black-ghost-knifefish-and-three-spot-gourami/,black-ghost-knifefish,three-spot-gourami,False,False,/compatibility/black-ghost-knifefish/,/compatibility/three-spot-gourami/,Ensure both owner links
/compatibility/black-ghost-knifefish-and-tiger-barb/,black-ghost-knifefish,tiger-barb,False,False,/compatibility/black-ghost-knifefish/,/compatibility/tiger-barb/,Ensure both owner links
/compatibility/black-ghost-knifefish-and-watchman-goby/,black-ghost-knifefish,watchman-goby,False,False,/compatibility/black-ghost-knifefish/,/compatibility/watchman-goby/,Ensure both owner links
/compatibility/black-ghost-knifefish-and-weather-loach/,black-ghost-knifefish,weather-loach,False,False,/compatibility/black-ghost-knifefish/,/compatibility/weather-loach/,Ensure both owner links
/compatibility/black-ghost-knifefish-and-x-ray-tetra/,black-ghost-knifefish,x-ray-tetra,False,False,/compatibility/black-ghost-knifefish/,/compatibility/x-ray-tetra/,Ensure both owner links
/compatibility/black-ghost-knifefish-and-yellow-tang/,black-ghost-knifefish,yellow-tang,False,False,/compatibility/black-ghost-knifefish/,/compatibility/yellow-tang/,Ensure both owner links
/compatibility/black-ghost-knifefish-and-yoyo-loach/,black-ghost-knifefish,yoyo-loach,False,False,/compatibility/black-ghost-knifefish/,/compatibility/yoyo-loach/,Ensure both owner links
/compatibility/black-ghost-knifefish-and-zebra-danio/,black-ghost-knifefish,zebra-danio,False,False,/compatibility/black-ghost-knifefish/,/compatibility/zebra-danio/,Ensure both owner links
/compatibility/black-ghost-knifefish-and-zebra-loach/,black-ghost-knifefish,zebra-loach,False,False,/compatibility/black-ghost-knifefish/,/compatibility/zebra-loach/,Ensure both owner links
/compatibility/black-ghost-knifefish-and-zebra-pleco/,black-ghost-knifefish,zebra-pleco,False,False,/compatibility/black-ghost-knifefish/,/compatibility/zebra-pleco/,Ensure both owner links
/compatibility/black-neon-tetra-and-black-phantom-tetra/,black-neon-tetra,black-phantom-tetra,False,False,/compatibility/black-neon-tetra/,/compatibility/black-phantom-tetra/,Ensure both owner links
/compatibility/black-neon-tetra-and-black-ruby-barb/,black-neon-tetra,black-ruby-barb,False,False,/compatibility/black-neon-tetra/,/compatibility/black-ruby-barb/,Ensure both owner links
/compatibility/black-neon-tetra-and-blue-tang/,black-neon-tetra,blue-tang,False,False,/compatibility/black-neon-tetra/,/compatibility/blue-tang/,Ensure both owner links
/compatibility/black-neon-tetra-and-bolivian-ram/,black-neon-tetra,bolivian-ram,False,False,/compatibility/black-neon-tetra/,/compatibility/bolivian-ram/,Ensure both owner links
/compatibility/black-neon-tetra-and-bosemans-rainbowfish/,black-neon-tetra,bosemans-rainbowfish,False,False,/compatibility/black-neon-tetra/,/compatibility/bosemans-rainbowfish/,Ensure both owner links
/compatibility/black-neon-tetra-and-bristlenose-pleco/,black-neon-tetra,bristlenose-pleco,False,False,/compatibility/black-neon-tetra/,/compatibility/bristlenose-pleco/,Ensure both owner links
/compatibility/black-neon-tetra-and-cardinal-tetra/,black-neon-tetra,cardinal-tetra,False,False,/compatibility/black-neon-tetra/,/compatibility/cardinal-tetra/,Ensure both owner links
/compatibility/black-neon-tetra-and-cherry-barb/,black-neon-tetra,cherry-barb,False,False,/compatibility/black-neon-tetra/,/compatibility/cherry-barb/,Ensure both owner links
/compatibility/black-neon-tetra-and-cherry-shrimp/,black-neon-tetra,cherry-shrimp,False,False,/compatibility/black-neon-tetra/,/compatibility/cherry-shrimp/,Ensure both owner links
/compatibility/black-neon-tetra-and-chili-rasbora/,black-neon-tetra,chili-rasbora,False,False,/compatibility/black-neon-tetra/,/compatibility/chili-rasbora/,Ensure both owner links
/compatibility/black-neon-tetra-and-clown-knifefish/,black-neon-tetra,clown-knifefish,False,False,/compatibility/black-neon-tetra/,/compatibility/clown-knifefish/,Ensure both owner links
/compatibility/black-neon-tetra-and-clown-loach/,black-neon-tetra,clown-loach,False,False,/compatibility/black-neon-tetra/,/compatibility/clown-loach/,Ensure both owner links
/compatibility/black-neon-tetra-and-clown-pleco/,black-neon-tetra,clown-pleco,False,False,/compatibility/black-neon-tetra/,/compatibility/clown-pleco/,Ensure both owner links
/compatibility/black-neon-tetra-and-congo-tetra/,black-neon-tetra,congo-tetra,False,False,/compatibility/black-neon-tetra/,/compatibility/congo-tetra/,Ensure both owner links
/compatibility/black-neon-tetra-and-coral-beauty/,black-neon-tetra,coral-beauty,False,False,/compatibility/black-neon-tetra/,/compatibility/coral-beauty/,Ensure both owner links
/compatibility/black-neon-tetra-and-corydoras/,black-neon-tetra,corydoras,False,False,/compatibility/black-neon-tetra/,/compatibility/corydoras/,Ensure both owner links
/compatibility/black-neon-tetra-and-denison-barb/,black-neon-tetra,denison-barb,False,False,/compatibility/black-neon-tetra/,/compatibility/denison-barb/,Ensure both owner links
/compatibility/black-neon-tetra-and-diamond-tetra/,black-neon-tetra,diamond-tetra,False,False,/compatibility/black-neon-tetra/,/compatibility/diamond-tetra/,Ensure both owner links
/compatibility/black-neon-tetra-and-discus/,black-neon-tetra,discus,False,False,/compatibility/black-neon-tetra/,/guides/discus-fish-care/tank-mates/,Ensure both owner links
/compatibility/black-neon-tetra-and-dwarf-chain-loach/,black-neon-tetra,dwarf-chain-loach,False,False,/compatibility/black-neon-tetra/,/compatibility/dwarf-chain-loach/,Ensure both owner links
/compatibility/black-neon-tetra-and-dwarf-gourami/,black-neon-tetra,dwarf-gourami,False,False,/compatibility/black-neon-tetra/,/compatibility/dwarf-gourami/,Ensure both owner links
/compatibility/black-neon-tetra-and-electric-yellow-cichlid/,black-neon-tetra,electric-yellow-cichlid,False,False,/compatibility/black-neon-tetra/,/compatibility/electric-yellow-cichlid/,Ensure both owner links
/compatibility/black-neon-tetra-and-ember-tetra/,black-neon-tetra,ember-tetra,False,False,/compatibility/black-neon-tetra/,/compatibility/ember-tetra/,Ensure both owner links
/compatibility/black-neon-tetra-and-fire-eel/,black-neon-tetra,fire-eel,False,False,/compatibility/black-neon-tetra/,/compatibility/fire-eel/,Ensure both owner links
/compatibility/black-neon-tetra-and-firefish-goby/,black-neon-tetra,firefish-goby,False,False,/compatibility/black-neon-tetra/,/compatibility/firefish-goby/,Ensure both owner links
/compatibility/black-neon-tetra-and-flame-angelfish/,black-neon-tetra,flame-angelfish,False,False,/compatibility/black-neon-tetra/,/compatibility/flame-angelfish/,Ensure both owner links
/compatibility/black-neon-tetra-and-foxface-rabbitfish/,black-neon-tetra,foxface-rabbitfish,False,False,/compatibility/black-neon-tetra/,/compatibility/foxface-rabbitfish/,Ensure both owner links
/compatibility/black-neon-tetra-and-frontosa-cichlid/,black-neon-tetra,frontosa-cichlid,False,False,/compatibility/black-neon-tetra/,/compatibility/frontosa-cichlid/,Ensure both owner links
/compatibility/black-neon-tetra-and-giant-danio/,black-neon-tetra,giant-danio,False,False,/compatibility/black-neon-tetra/,/compatibility/giant-danio/,Ensure both owner links
/compatibility/black-neon-tetra-and-glass-catfish/,black-neon-tetra,glass-catfish,False,False,/compatibility/black-neon-tetra/,/compatibility/glass-catfish/,Ensure both owner links
/compatibility/black-neon-tetra-and-glowlight-danio/,black-neon-tetra,glowlight-danio,False,False,/compatibility/black-neon-tetra/,/compatibility/glowlight-danio/,Ensure both owner links
/compatibility/black-neon-tetra-and-glowlight-tetra/,black-neon-tetra,glowlight-tetra,False,False,/compatibility/black-neon-tetra/,/compatibility/glowlight-tetra/,Ensure both owner links
/compatibility/black-neon-tetra-and-goldfish/,black-neon-tetra,goldfish,False,False,/compatibility/black-neon-tetra/,/compatibility/goldfish/,Ensure both owner links
/compatibility/black-neon-tetra-and-green-terror-cichlid/,black-neon-tetra,green-terror-cichlid,False,False,/compatibility/black-neon-tetra/,/compatibility/green-terror-cichlid/,Ensure both owner links
/compatibility/black-neon-tetra-and-guppy/,black-neon-tetra,guppy,False,False,/compatibility/black-neon-tetra/,/compatibility/guppy/,Ensure both owner links
/compatibility/black-neon-tetra-and-harlequin-rasbora/,black-neon-tetra,harlequin-rasbora,False,False,/compatibility/black-neon-tetra/,/compatibility/harlequin-rasbora/,Ensure both owner links
/compatibility/black-neon-tetra-and-hillstream-loach/,black-neon-tetra,hillstream-loach,False,False,/compatibility/black-neon-tetra/,/compatibility/hillstream-loach/,Ensure both owner links
/compatibility/black-neon-tetra-and-honey-gourami/,black-neon-tetra,honey-gourami,False,False,/compatibility/black-neon-tetra/,/compatibility/honey-gourami/,Ensure both owner links
/compatibility/black-neon-tetra-and-jewel-cichlid/,black-neon-tetra,jewel-cichlid,False,False,/compatibility/black-neon-tetra/,/compatibility/jewel-cichlid/,Ensure both owner links
/compatibility/black-neon-tetra-and-julii-cory/,black-neon-tetra,julii-cory,False,False,/compatibility/black-neon-tetra/,/compatibility/julii-cory/,Ensure both owner links
/compatibility/black-neon-tetra-and-keyhole-cichlid/,black-neon-tetra,keyhole-cichlid,False,False,/compatibility/black-neon-tetra/,/compatibility/keyhole-cichlid/,Ensure both owner links
/compatibility/black-neon-tetra-and-koi/,black-neon-tetra,koi,False,False,/compatibility/black-neon-tetra/,/guides/koi-fish-care/tank-mates/,Ensure both owner links
/compatibility/black-neon-tetra-and-kuhli-loach/,black-neon-tetra,kuhli-loach,False,False,/compatibility/black-neon-tetra/,/compatibility/kuhli-loach/,Ensure both owner links
/compatibility/black-neon-tetra-and-lemon-tetra/,black-neon-tetra,lemon-tetra,False,False,/compatibility/black-neon-tetra/,/compatibility/lemon-tetra/,Ensure both owner links
/compatibility/black-neon-tetra-and-lionfish/,black-neon-tetra,lionfish,False,False,/compatibility/black-neon-tetra/,/compatibility/lionfish/,Ensure both owner links
/compatibility/black-neon-tetra-and-molly/,black-neon-tetra,molly,False,False,/compatibility/black-neon-tetra/,/compatibility/molly/,Ensure both owner links
/compatibility/black-neon-tetra-and-moonlight-gourami/,black-neon-tetra,moonlight-gourami,False,False,/compatibility/black-neon-tetra/,/compatibility/moonlight-gourami/,Ensure both owner links
/compatibility/black-neon-tetra-and-mystery-snail/,black-neon-tetra,mystery-snail,False,False,/compatibility/black-neon-tetra/,/compatibility/mystery-snail/,Ensure both owner links
/compatibility/black-neon-tetra-and-neon-rainbowfish/,black-neon-tetra,neon-rainbowfish,False,False,/compatibility/black-neon-tetra/,/compatibility/neon-rainbowfish/,Ensure both owner links
/compatibility/black-neon-tetra-and-neon-tetra/,black-neon-tetra,neon-tetra,False,False,/compatibility/black-neon-tetra/,/compatibility/neon-tetra/,Ensure both owner links
/compatibility/black-neon-tetra-and-nerite-snail/,black-neon-tetra,nerite-snail,False,False,/compatibility/black-neon-tetra/,/compatibility/nerite-snail/,Ensure both owner links
/compatibility/black-neon-tetra-and-oscar/,black-neon-tetra,oscar,False,False,/compatibility/black-neon-tetra/,/guides/oscar-fish-care/tank-mates/,Ensure both owner links
/compatibility/black-neon-tetra-and-otocinclus/,black-neon-tetra,otocinclus,False,False,/compatibility/black-neon-tetra/,/compatibility/otocinclus/,Ensure both owner links
/compatibility/black-neon-tetra-and-pajama-cardinalfish/,black-neon-tetra,pajama-cardinalfish,False,False,/compatibility/black-neon-tetra/,/compatibility/pajama-cardinalfish/,Ensure both owner links
/compatibility/black-neon-tetra-and-panda-cory/,black-neon-tetra,panda-cory,False,False,/compatibility/black-neon-tetra/,/compatibility/panda-cory/,Ensure both owner links
/compatibility/black-neon-tetra-and-pea-puffer/,black-neon-tetra,pea-puffer,False,False,/compatibility/black-neon-tetra/,/compatibility/pea-puffer/,Ensure both owner links
/compatibility/black-neon-tetra-and-peacock-cichlid/,black-neon-tetra,peacock-cichlid,False,False,/compatibility/black-neon-tetra/,/compatibility/peacock-cichlid/,Ensure both owner links
/compatibility/black-neon-tetra-and-pearl-danio/,black-neon-tetra,pearl-danio,False,False,/compatibility/black-neon-tetra/,/compatibility/pearl-danio/,Ensure both owner links
/compatibility/black-neon-tetra-and-peppered-cory/,black-neon-tetra,peppered-cory,False,False,/compatibility/black-neon-tetra/,/compatibility/peppered-cory/,Ensure both owner links
/compatibility/black-neon-tetra-and-percula-clownfish/,black-neon-tetra,percula-clownfish,False,False,/compatibility/black-neon-tetra/,/compatibility/percula-clownfish/,Ensure both owner links
/compatibility/black-neon-tetra-and-platy/,black-neon-tetra,platy,False,False,/compatibility/black-neon-tetra/,/compatibility/platy/,Ensure both owner links
/compatibility/black-neon-tetra-and-pygmy-corydoras/,black-neon-tetra,pygmy-corydoras,False,False,/compatibility/black-neon-tetra/,/compatibility/pygmy-corydoras/,Ensure both owner links
/compatibility/black-neon-tetra-and-rainbow-shark/,black-neon-tetra,rainbow-shark,False,False,/compatibility/black-neon-tetra/,/compatibility/rainbow-shark/,Ensure both owner links
/compatibility/black-neon-tetra-and-red-eye-tetra/,black-neon-tetra,red-eye-tetra,False,False,/compatibility/black-neon-tetra/,/compatibility/red-eye-tetra/,Ensure both owner links
/compatibility/black-neon-tetra-and-rosy-barb/,black-neon-tetra,rosy-barb,False,False,/compatibility/black-neon-tetra/,/compatibility/rosy-barb/,Ensure both owner links
/compatibility/black-neon-tetra-and-royal-gramma/,black-neon-tetra,royal-gramma,False,False,/compatibility/black-neon-tetra/,/compatibility/royal-gramma/,Ensure both owner links
/compatibility/black-neon-tetra-and-senegal-bichir/,black-neon-tetra,senegal-bichir,False,False,/compatibility/black-neon-tetra/,/compatibility/senegal-bichir/,Ensure both owner links
/compatibility/black-neon-tetra-and-serpae-tetra/,black-neon-tetra,serpae-tetra,False,False,/compatibility/black-neon-tetra/,/compatibility/serpae-tetra/,Ensure both owner links
/compatibility/black-neon-tetra-and-severum-cichlid/,black-neon-tetra,severum-cichlid,False,False,/compatibility/black-neon-tetra/,/compatibility/severum-cichlid/,Ensure both owner links
/compatibility/black-neon-tetra-and-silver-arowana/,black-neon-tetra,silver-arowana,False,False,/compatibility/black-neon-tetra/,/compatibility/silver-arowana/,Ensure both owner links
/compatibility/black-neon-tetra-and-silver-dollar/,black-neon-tetra,silver-dollar,False,False,/compatibility/black-neon-tetra/,/compatibility/silver-dollar/,Ensure both owner links
/compatibility/black-neon-tetra-and-sparkling-gourami/,black-neon-tetra,sparkling-gourami,False,False,/compatibility/black-neon-tetra/,/compatibility/sparkling-gourami/,Ensure both owner links
/compatibility/black-neon-tetra-and-sterbai-cory/,black-neon-tetra,sterbai-cory,False,False,/compatibility/black-neon-tetra/,/compatibility/sterbai-cory/,Ensure both owner links
/compatibility/black-neon-tetra-and-swordtail/,black-neon-tetra,swordtail,False,False,/compatibility/black-neon-tetra/,/compatibility/swordtail/,Ensure both owner links
/compatibility/black-neon-tetra-and-texas-cichlid/,black-neon-tetra,texas-cichlid,False,False,/compatibility/black-neon-tetra/,/compatibility/texas-cichlid/,Ensure both owner links
/compatibility/black-neon-tetra-and-threadfin-rainbowfish/,black-neon-tetra,threadfin-rainbowfish,False,False,/compatibility/black-neon-tetra/,/compatibility/threadfin-rainbowfish/,Ensure both owner links
/compatibility/black-neon-tetra-and-three-spot-gourami/,black-neon-tetra,three-spot-gourami,False,False,/compatibility/black-neon-tetra/,/compatibility/three-spot-gourami/,Ensure both owner links
/compatibility/black-neon-tetra-and-tiger-barb/,black-neon-tetra,tiger-barb,False,False,/compatibility/black-neon-tetra/,/compatibility/tiger-barb/,Ensure both owner links
/compatibility/black-neon-tetra-and-watchman-goby/,black-neon-tetra,watchman-goby,False,False,/compatibility/black-neon-tetra/,/compatibility/watchman-goby/,Ensure both owner links
/compatibility/black-neon-tetra-and-weather-loach/,black-neon-tetra,weather-loach,False,False,/compatibility/black-neon-tetra/,/compatibility/weather-loach/,Ensure both owner links
/compatibility/black-neon-tetra-and-x-ray-tetra/,black-neon-tetra,x-ray-tetra,False,False,/compatibility/black-neon-tetra/,/compatibility/x-ray-tetra/,Ensure both owner links
/compatibility/black-neon-tetra-and-yellow-tang/,black-neon-tetra,yellow-tang,False,False,/compatibility/black-neon-tetra/,/compatibility/yellow-tang/,Ensure both owner links
/compatibility/black-neon-tetra-and-yoyo-loach/,black-neon-tetra,yoyo-loach,False,False,/compatibility/black-neon-tetra/,/compatibility/yoyo-loach/,Ensure both owner links
/compatibility/black-neon-tetra-and-zebra-danio/,black-neon-tetra,zebra-danio,False,False,/compatibility/black-neon-tetra/,/compatibility/zebra-danio/,Ensure both owner links
/compatibility/black-neon-tetra-and-zebra-loach/,black-neon-tetra,zebra-loach,False,False,/compatibility/black-neon-tetra/,/compatibility/zebra-loach/,Ensure both owner links
/compatibility/black-neon-tetra-and-zebra-pleco/,black-neon-tetra,zebra-pleco,False,False,/compatibility/black-neon-tetra/,/compatibility/zebra-pleco/,Ensure both owner links
/compatibility/black-phantom-tetra-and-black-ruby-barb/,black-phantom-tetra,black-ruby-barb,False,False,/compatibility/black-phantom-tetra/,/compatibility/black-ruby-barb/,Ensure both owner links
/compatibility/black-phantom-tetra-and-blue-tang/,black-phantom-tetra,blue-tang,False,False,/compatibility/black-phantom-tetra/,/compatibility/blue-tang/,Ensure both owner links
/compatibility/black-phantom-tetra-and-bolivian-ram/,black-phantom-tetra,bolivian-ram,False,False,/compatibility/black-phantom-tetra/,/compatibility/bolivian-ram/,Ensure both owner links
/compatibility/black-phantom-tetra-and-bosemans-rainbowfish/,black-phantom-tetra,bosemans-rainbowfish,False,False,/compatibility/black-phantom-tetra/,/compatibility/bosemans-rainbowfish/,Ensure both owner links
/compatibility/black-phantom-tetra-and-bristlenose-pleco/,black-phantom-tetra,bristlenose-pleco,False,False,/compatibility/black-phantom-tetra/,/compatibility/bristlenose-pleco/,Ensure both owner links
/compatibility/black-phantom-tetra-and-cardinal-tetra/,black-phantom-tetra,cardinal-tetra,False,False,/compatibility/black-phantom-tetra/,/compatibility/cardinal-tetra/,Ensure both owner links
/compatibility/black-phantom-tetra-and-cherry-barb/,black-phantom-tetra,cherry-barb,False,False,/compatibility/black-phantom-tetra/,/compatibility/cherry-barb/,Ensure both owner links
/compatibility/black-phantom-tetra-and-cherry-shrimp/,black-phantom-tetra,cherry-shrimp,False,False,/compatibility/black-phantom-tetra/,/compatibility/cherry-shrimp/,Ensure both owner links
/compatibility/black-phantom-tetra-and-chili-rasbora/,black-phantom-tetra,chili-rasbora,False,False,/compatibility/black-phantom-tetra/,/compatibility/chili-rasbora/,Ensure both owner links
/compatibility/black-phantom-tetra-and-clown-knifefish/,black-phantom-tetra,clown-knifefish,False,False,/compatibility/black-phantom-tetra/,/compatibility/clown-knifefish/,Ensure both owner links
/compatibility/black-phantom-tetra-and-clown-loach/,black-phantom-tetra,clown-loach,False,False,/compatibility/black-phantom-tetra/,/compatibility/clown-loach/,Ensure both owner links
/compatibility/black-phantom-tetra-and-clown-pleco/,black-phantom-tetra,clown-pleco,False,False,/compatibility/black-phantom-tetra/,/compatibility/clown-pleco/,Ensure both owner links
/compatibility/black-phantom-tetra-and-congo-tetra/,black-phantom-tetra,congo-tetra,False,False,/compatibility/black-phantom-tetra/,/compatibility/congo-tetra/,Ensure both owner links
/compatibility/black-phantom-tetra-and-coral-beauty/,black-phantom-tetra,coral-beauty,False,False,/compatibility/black-phantom-tetra/,/compatibility/coral-beauty/,Ensure both owner links
/compatibility/black-phantom-tetra-and-corydoras/,black-phantom-tetra,corydoras,False,False,/compatibility/black-phantom-tetra/,/compatibility/corydoras/,Ensure both owner links
/compatibility/black-phantom-tetra-and-denison-barb/,black-phantom-tetra,denison-barb,False,False,/compatibility/black-phantom-tetra/,/compatibility/denison-barb/,Ensure both owner links
/compatibility/black-phantom-tetra-and-diamond-tetra/,black-phantom-tetra,diamond-tetra,False,False,/compatibility/black-phantom-tetra/,/compatibility/diamond-tetra/,Ensure both owner links
/compatibility/black-phantom-tetra-and-discus/,black-phantom-tetra,discus,False,False,/compatibility/black-phantom-tetra/,/guides/discus-fish-care/tank-mates/,Ensure both owner links
/compatibility/black-phantom-tetra-and-dwarf-chain-loach/,black-phantom-tetra,dwarf-chain-loach,False,False,/compatibility/black-phantom-tetra/,/compatibility/dwarf-chain-loach/,Ensure both owner links
/compatibility/black-phantom-tetra-and-dwarf-gourami/,black-phantom-tetra,dwarf-gourami,False,False,/compatibility/black-phantom-tetra/,/compatibility/dwarf-gourami/,Ensure both owner links
/compatibility/black-phantom-tetra-and-electric-yellow-cichlid/,black-phantom-tetra,electric-yellow-cichlid,False,False,/compatibility/black-phantom-tetra/,/compatibility/electric-yellow-cichlid/,Ensure both owner links
/compatibility/black-phantom-tetra-and-ember-tetra/,black-phantom-tetra,ember-tetra,False,False,/compatibility/black-phantom-tetra/,/compatibility/ember-tetra/,Ensure both owner links
/compatibility/black-phantom-tetra-and-fire-eel/,black-phantom-tetra,fire-eel,False,False,/compatibility/black-phantom-tetra/,/compatibility/fire-eel/,Ensure both owner links
/compatibility/black-phantom-tetra-and-firefish-goby/,black-phantom-tetra,firefish-goby,False,False,/compatibility/black-phantom-tetra/,/compatibility/firefish-goby/,Ensure both owner links
/compatibility/black-phantom-tetra-and-flame-angelfish/,black-phantom-tetra,flame-angelfish,False,False,/compatibility/black-phantom-tetra/,/compatibility/flame-angelfish/,Ensure both owner links
/compatibility/black-phantom-tetra-and-foxface-rabbitfish/,black-phantom-tetra,foxface-rabbitfish,False,False,/compatibility/black-phantom-tetra/,/compatibility/foxface-rabbitfish/,Ensure both owner links
/compatibility/black-phantom-tetra-and-frontosa-cichlid/,black-phantom-tetra,frontosa-cichlid,False,False,/compatibility/black-phantom-tetra/,/compatibility/frontosa-cichlid/,Ensure both owner links
/compatibility/black-phantom-tetra-and-giant-danio/,black-phantom-tetra,giant-danio,False,False,/compatibility/black-phantom-tetra/,/compatibility/giant-danio/,Ensure both owner links
/compatibility/black-phantom-tetra-and-glass-catfish/,black-phantom-tetra,glass-catfish,False,False,/compatibility/black-phantom-tetra/,/compatibility/glass-catfish/,Ensure both owner links
/compatibility/black-phantom-tetra-and-glowlight-danio/,black-phantom-tetra,glowlight-danio,False,False,/compatibility/black-phantom-tetra/,/compatibility/glowlight-danio/,Ensure both owner links
/compatibility/black-phantom-tetra-and-glowlight-tetra/,black-phantom-tetra,glowlight-tetra,False,False,/compatibility/black-phantom-tetra/,/compatibility/glowlight-tetra/,Ensure both owner links
/compatibility/black-phantom-tetra-and-goldfish/,black-phantom-tetra,goldfish,False,False,/compatibility/black-phantom-tetra/,/compatibility/goldfish/,Ensure both owner links
/compatibility/black-phantom-tetra-and-green-terror-cichlid/,black-phantom-tetra,green-terror-cichlid,False,False,/compatibility/black-phantom-tetra/,/compatibility/green-terror-cichlid/,Ensure both owner links
/compatibility/black-phantom-tetra-and-guppy/,black-phantom-tetra,guppy,False,False,/compatibility/black-phantom-tetra/,/compatibility/guppy/,Ensure both owner links
/compatibility/black-phantom-tetra-and-harlequin-rasbora/,black-phantom-tetra,harlequin-rasbora,False,False,/compatibility/black-phantom-tetra/,/compatibility/harlequin-rasbora/,Ensure both owner links
/compatibility/black-phantom-tetra-and-hillstream-loach/,black-phantom-tetra,hillstream-loach,False,False,/compatibility/black-phantom-tetra/,/compatibility/hillstream-loach/,Ensure both owner links
/compatibility/black-phantom-tetra-and-honey-gourami/,black-phantom-tetra,honey-gourami,False,False,/compatibility/black-phantom-tetra/,/compatibility/honey-gourami/,Ensure both owner links
/compatibility/black-phantom-tetra-and-jewel-cichlid/,black-phantom-tetra,jewel-cichlid,False,False,/compatibility/black-phantom-tetra/,/compatibility/jewel-cichlid/,Ensure both owner links
/compatibility/black-phantom-tetra-and-julii-cory/,black-phantom-tetra,julii-cory,False,False,/compatibility/black-phantom-tetra/,/compatibility/julii-cory/,Ensure both owner links
/compatibility/black-phantom-tetra-and-keyhole-cichlid/,black-phantom-tetra,keyhole-cichlid,False,False,/compatibility/black-phantom-tetra/,/compatibility/keyhole-cichlid/,Ensure both owner links
/compatibility/black-phantom-tetra-and-koi/,black-phantom-tetra,koi,False,False,/compatibility/black-phantom-tetra/,/guides/koi-fish-care/tank-mates/,Ensure both owner links
/compatibility/black-phantom-tetra-and-kuhli-loach/,black-phantom-tetra,kuhli-loach,False,False,/compatibility/black-phantom-tetra/,/compatibility/kuhli-loach/,Ensure both owner links
/compatibility/black-phantom-tetra-and-lemon-tetra/,black-phantom-tetra,lemon-tetra,False,False,/compatibility/black-phantom-tetra/,/compatibility/lemon-tetra/,Ensure both owner links
/compatibility/black-phantom-tetra-and-lionfish/,black-phantom-tetra,lionfish,False,False,/compatibility/black-phantom-tetra/,/compatibility/lionfish/,Ensure both owner links
/compatibility/black-phantom-tetra-and-molly/,black-phantom-tetra,molly,False,False,/compatibility/black-phantom-tetra/,/compatibility/molly/,Ensure both owner links
/compatibility/black-phantom-tetra-and-moonlight-gourami/,black-phantom-tetra,moonlight-gourami,False,False,/compatibility/black-phantom-tetra/,/compatibility/moonlight-gourami/,Ensure both owner links
/compatibility/black-phantom-tetra-and-mystery-snail/,black-phantom-tetra,mystery-snail,False,False,/compatibility/black-phantom-tetra/,/compatibility/mystery-snail/,Ensure both owner links
/compatibility/black-phantom-tetra-and-neon-rainbowfish/,black-phantom-tetra,neon-rainbowfish,False,False,/compatibility/black-phantom-tetra/,/compatibility/neon-rainbowfish/,Ensure both owner links
/compatibility/black-phantom-tetra-and-neon-tetra/,black-phantom-tetra,neon-tetra,False,False,/compatibility/black-phantom-tetra/,/compatibility/neon-tetra/,Ensure both owner links
/compatibility/black-phantom-tetra-and-nerite-snail/,black-phantom-tetra,nerite-snail,False,False,/compatibility/black-phantom-tetra/,/compatibility/nerite-snail/,Ensure both owner links
/compatibility/black-phantom-tetra-and-oscar/,black-phantom-tetra,oscar,False,False,/compatibility/black-phantom-tetra/,/guides/oscar-fish-care/tank-mates/,Ensure both owner links
/compatibility/black-phantom-tetra-and-otocinclus/,black-phantom-tetra,otocinclus,False,False,/compatibility/black-phantom-tetra/,/compatibility/otocinclus/,Ensure both owner links
/compatibility/black-phantom-tetra-and-pajama-cardinalfish/,black-phantom-tetra,pajama-cardinalfish,False,False,/compatibility/black-phantom-tetra/,/compatibility/pajama-cardinalfish/,Ensure both owner links
/compatibility/black-phantom-tetra-and-panda-cory/,black-phantom-tetra,panda-cory,False,False,/compatibility/black-phantom-tetra/,/compatibility/panda-cory/,Ensure both owner links
/compatibility/black-phantom-tetra-and-pea-puffer/,black-phantom-tetra,pea-puffer,False,False,/compatibility/black-phantom-tetra/,/compatibility/pea-puffer/,Ensure both owner links
/compatibility/black-phantom-tetra-and-peacock-cichlid/,black-phantom-tetra,peacock-cichlid,False,False,/compatibility/black-phantom-tetra/,/compatibility/peacock-cichlid/,Ensure both owner links
/compatibility/black-phantom-tetra-and-pearl-danio/,black-phantom-tetra,pearl-danio,False,False,/compatibility/black-phantom-tetra/,/compatibility/pearl-danio/,Ensure both owner links
/compatibility/black-phantom-tetra-and-peppered-cory/,black-phantom-tetra,peppered-cory,False,False,/compatibility/black-phantom-tetra/,/compatibility/peppered-cory/,Ensure both owner links
/compatibility/black-phantom-tetra-and-percula-clownfish/,black-phantom-tetra,percula-clownfish,False,False,/compatibility/black-phantom-tetra/,/compatibility/percula-clownfish/,Ensure both owner links
/compatibility/black-phantom-tetra-and-platy/,black-phantom-tetra,platy,False,False,/compatibility/black-phantom-tetra/,/compatibility/platy/,Ensure both owner links
/compatibility/black-phantom-tetra-and-pygmy-corydoras/,black-phantom-tetra,pygmy-corydoras,False,False,/compatibility/black-phantom-tetra/,/compatibility/pygmy-corydoras/,Ensure both owner links
/compatibility/black-phantom-tetra-and-rainbow-shark/,black-phantom-tetra,rainbow-shark,False,False,/compatibility/black-phantom-tetra/,/compatibility/rainbow-shark/,Ensure both owner links
/compatibility/black-phantom-tetra-and-red-eye-tetra/,black-phantom-tetra,red-eye-tetra,False,False,/compatibility/black-phantom-tetra/,/compatibility/red-eye-tetra/,Ensure both owner links
/compatibility/black-phantom-tetra-and-rosy-barb/,black-phantom-tetra,rosy-barb,False,False,/compatibility/black-phantom-tetra/,/compatibility/rosy-barb/,Ensure both owner links
/compatibility/black-phantom-tetra-and-royal-gramma/,black-phantom-tetra,royal-gramma,False,False,/compatibility/black-phantom-tetra/,/compatibility/royal-gramma/,Ensure both owner links
/compatibility/black-phantom-tetra-and-senegal-bichir/,black-phantom-tetra,senegal-bichir,False,False,/compatibility/black-phantom-tetra/,/compatibility/senegal-bichir/,Ensure both owner links
/compatibility/black-phantom-tetra-and-serpae-tetra/,black-phantom-tetra,serpae-tetra,False,False,/compatibility/black-phantom-tetra/,/compatibility/serpae-tetra/,Ensure both owner links
/compatibility/black-phantom-tetra-and-severum-cichlid/,black-phantom-tetra,severum-cichlid,False,False,/compatibility/black-phantom-tetra/,/compatibility/severum-cichlid/,Ensure both owner links
/compatibility/black-phantom-tetra-and-silver-arowana/,black-phantom-tetra,silver-arowana,False,False,/compatibility/black-phantom-tetra/,/compatibility/silver-arowana/,Ensure both owner links
/compatibility/black-phantom-tetra-and-silver-dollar/,black-phantom-tetra,silver-dollar,False,False,/compatibility/black-phantom-tetra/,/compatibility/silver-dollar/,Ensure both owner links
/compatibility/black-phantom-tetra-and-sparkling-gourami/,black-phantom-tetra,sparkling-gourami,False,False,/compatibility/black-phantom-tetra/,/compatibility/sparkling-gourami/,Ensure both owner links
/compatibility/black-phantom-tetra-and-sterbai-cory/,black-phantom-tetra,sterbai-cory,False,False,/compatibility/black-phantom-tetra/,/compatibility/sterbai-cory/,Ensure both owner links
/compatibility/black-phantom-tetra-and-swordtail/,black-phantom-tetra,swordtail,False,False,/compatibility/black-phantom-tetra/,/compatibility/swordtail/,Ensure both owner links
/compatibility/black-phantom-tetra-and-texas-cichlid/,black-phantom-tetra,texas-cichlid,False,False,/compatibility/black-phantom-tetra/,/compatibility/texas-cichlid/,Ensure both owner links
/compatibility/black-phantom-tetra-and-threadfin-rainbowfish/,black-phantom-tetra,threadfin-rainbowfish,False,False,/compatibility/black-phantom-tetra/,/compatibility/threadfin-rainbowfish/,Ensure both owner links
/compatibility/black-phantom-tetra-and-three-spot-gourami/,black-phantom-tetra,three-spot-gourami,False,False,/compatibility/black-phantom-tetra/,/compatibility/three-spot-gourami/,Ensure both owner links
/compatibility/black-phantom-tetra-and-tiger-barb/,black-phantom-tetra,tiger-barb,False,False,/compatibility/black-phantom-tetra/,/compatibility/tiger-barb/,Ensure both owner links
/compatibility/black-phantom-tetra-and-watchman-goby/,black-phantom-tetra,watchman-goby,False,False,/compatibility/black-phantom-tetra/,/compatibility/watchman-goby/,Ensure both owner links
/compatibility/black-phantom-tetra-and-weather-loach/,black-phantom-tetra,weather-loach,False,False,/compatibility/black-phantom-tetra/,/compatibility/weather-loach/,Ensure both owner links
/compatibility/black-phantom-tetra-and-x-ray-tetra/,black-phantom-tetra,x-ray-tetra,False,False,/compatibility/black-phantom-tetra/,/compatibility/x-ray-tetra/,Ensure both owner links
/compatibility/black-phantom-tetra-and-yellow-tang/,black-phantom-tetra,yellow-tang,False,False,/compatibility/black-phantom-tetra/,/compatibility/yellow-tang/,Ensure both owner links
/compatibility/black-phantom-tetra-and-yoyo-loach/,black-phantom-tetra,yoyo-loach,False,False,/compatibility/black-phantom-tetra/,/compatibility/yoyo-loach/,Ensure both owner links
/compatibility/black-phantom-tetra-and-zebra-danio/,black-phantom-tetra,zebra-danio,False,False,/compatibility/black-phantom-tetra/,/compatibility/zebra-danio/,Ensure both owner links
/compatibility/black-phantom-tetra-and-zebra-loach/,black-phantom-tetra,zebra-loach,False,False,/compatibility/black-phantom-tetra/,/compatibility/zebra-loach/,Ensure both owner links
/compatibility/black-phantom-tetra-and-zebra-pleco/,black-phantom-tetra,zebra-pleco,False,False,/compatibility/black-phantom-tetra/,/compatibility/zebra-pleco/,Ensure both owner links
/compatibility/black-ruby-barb-and-blue-tang/,black-ruby-barb,blue-tang,False,False,/compatibility/black-ruby-barb/,/compatibility/blue-tang/,Ensure both owner links
/compatibility/black-ruby-barb-and-bolivian-ram/,black-ruby-barb,bolivian-ram,False,False,/compatibility/black-ruby-barb/,/compatibility/bolivian-ram/,Ensure both owner links
/compatibility/black-ruby-barb-and-bosemans-rainbowfish/,black-ruby-barb,bosemans-rainbowfish,False,False,/compatibility/black-ruby-barb/,/compatibility/bosemans-rainbowfish/,Ensure both owner links
/compatibility/black-ruby-barb-and-bristlenose-pleco/,black-ruby-barb,bristlenose-pleco,False,False,/compatibility/black-ruby-barb/,/compatibility/bristlenose-pleco/,Ensure both owner links
/compatibility/black-ruby-barb-and-cardinal-tetra/,black-ruby-barb,cardinal-tetra,False,False,/compatibility/black-ruby-barb/,/compatibility/cardinal-tetra/,Ensure both owner links
/compatibility/black-ruby-barb-and-cherry-barb/,black-ruby-barb,cherry-barb,False,False,/compatibility/black-ruby-barb/,/compatibility/cherry-barb/,Ensure both owner links
/compatibility/black-ruby-barb-and-cherry-shrimp/,black-ruby-barb,cherry-shrimp,False,False,/compatibility/black-ruby-barb/,/compatibility/cherry-shrimp/,Ensure both owner links
/compatibility/black-ruby-barb-and-chili-rasbora/,black-ruby-barb,chili-rasbora,False,False,/compatibility/black-ruby-barb/,/compatibility/chili-rasbora/,Ensure both owner links
/compatibility/black-ruby-barb-and-clown-knifefish/,black-ruby-barb,clown-knifefish,False,False,/compatibility/black-ruby-barb/,/compatibility/clown-knifefish/,Ensure both owner links
/compatibility/black-ruby-barb-and-clown-loach/,black-ruby-barb,clown-loach,False,False,/compatibility/black-ruby-barb/,/compatibility/clown-loach/,Ensure both owner links
/compatibility/black-ruby-barb-and-clown-pleco/,black-ruby-barb,clown-pleco,False,False,/compatibility/black-ruby-barb/,/compatibility/clown-pleco/,Ensure both owner links
/compatibility/black-ruby-barb-and-congo-tetra/,black-ruby-barb,congo-tetra,False,False,/compatibility/black-ruby-barb/,/compatibility/congo-tetra/,Ensure both owner links
/compatibility/black-ruby-barb-and-coral-beauty/,black-ruby-barb,coral-beauty,False,False,/compatibility/black-ruby-barb/,/compatibility/coral-beauty/,Ensure both owner links
/compatibility/black-ruby-barb-and-corydoras/,black-ruby-barb,corydoras,False,False,/compatibility/black-ruby-barb/,/compatibility/corydoras/,Ensure both owner links
/compatibility/black-ruby-barb-and-denison-barb/,black-ruby-barb,denison-barb,False,False,/compatibility/black-ruby-barb/,/compatibility/denison-barb/,Ensure both owner links
/compatibility/black-ruby-barb-and-diamond-tetra/,black-ruby-barb,diamond-tetra,False,False,/compatibility/black-ruby-barb/,/compatibility/diamond-tetra/,Ensure both owner links
/compatibility/black-ruby-barb-and-discus/,black-ruby-barb,discus,False,False,/compatibility/black-ruby-barb/,/guides/discus-fish-care/tank-mates/,Ensure both owner links
/compatibility/black-ruby-barb-and-dwarf-chain-loach/,black-ruby-barb,dwarf-chain-loach,False,False,/compatibility/black-ruby-barb/,/compatibility/dwarf-chain-loach/,Ensure both owner links
/compatibility/black-ruby-barb-and-dwarf-gourami/,black-ruby-barb,dwarf-gourami,False,False,/compatibility/black-ruby-barb/,/compatibility/dwarf-gourami/,Ensure both owner links
/compatibility/black-ruby-barb-and-electric-yellow-cichlid/,black-ruby-barb,electric-yellow-cichlid,False,False,/compatibility/black-ruby-barb/,/compatibility/electric-yellow-cichlid/,Ensure both owner links
/compatibility/black-ruby-barb-and-ember-tetra/,black-ruby-barb,ember-tetra,False,False,/compatibility/black-ruby-barb/,/compatibility/ember-tetra/,Ensure both owner links
/compatibility/black-ruby-barb-and-fire-eel/,black-ruby-barb,fire-eel,False,False,/compatibility/black-ruby-barb/,/compatibility/fire-eel/,Ensure both owner links
/compatibility/black-ruby-barb-and-firefish-goby/,black-ruby-barb,firefish-goby,False,False,/compatibility/black-ruby-barb/,/compatibility/firefish-goby/,Ensure both owner links
/compatibility/black-ruby-barb-and-flame-angelfish/,black-ruby-barb,flame-angelfish,False,False,/compatibility/black-ruby-barb/,/compatibility/flame-angelfish/,Ensure both owner links
/compatibility/black-ruby-barb-and-foxface-rabbitfish/,black-ruby-barb,foxface-rabbitfish,False,False,/compatibility/black-ruby-barb/,/compatibility/foxface-rabbitfish/,Ensure both owner links
/compatibility/black-ruby-barb-and-frontosa-cichlid/,black-ruby-barb,frontosa-cichlid,False,False,/compatibility/black-ruby-barb/,/compatibility/frontosa-cichlid/,Ensure both owner links
/compatibility/black-ruby-barb-and-giant-danio/,black-ruby-barb,giant-danio,False,False,/compatibility/black-ruby-barb/,/compatibility/giant-danio/,Ensure both owner links
/compatibility/black-ruby-barb-and-glass-catfish/,black-ruby-barb,glass-catfish,False,False,/compatibility/black-ruby-barb/,/compatibility/glass-catfish/,Ensure both owner links
/compatibility/black-ruby-barb-and-glowlight-danio/,black-ruby-barb,glowlight-danio,False,False,/compatibility/black-ruby-barb/,/compatibility/glowlight-danio/,Ensure both owner links
/compatibility/black-ruby-barb-and-glowlight-tetra/,black-ruby-barb,glowlight-tetra,False,False,/compatibility/black-ruby-barb/,/compatibility/glowlight-tetra/,Ensure both owner links
/compatibility/black-ruby-barb-and-goldfish/,black-ruby-barb,goldfish,False,False,/compatibility/black-ruby-barb/,/compatibility/goldfish/,Ensure both owner links
/compatibility/black-ruby-barb-and-green-terror-cichlid/,black-ruby-barb,green-terror-cichlid,False,False,/compatibility/black-ruby-barb/,/compatibility/green-terror-cichlid/,Ensure both owner links
/compatibility/black-ruby-barb-and-guppy/,black-ruby-barb,guppy,False,False,/compatibility/black-ruby-barb/,/compatibility/guppy/,Ensure both owner links
/compatibility/black-ruby-barb-and-harlequin-rasbora/,black-ruby-barb,harlequin-rasbora,False,False,/compatibility/black-ruby-barb/,/compatibility/harlequin-rasbora/,Ensure both owner links
/compatibility/black-ruby-barb-and-hillstream-loach/,black-ruby-barb,hillstream-loach,False,False,/compatibility/black-ruby-barb/,/compatibility/hillstream-loach/,Ensure both owner links
/compatibility/black-ruby-barb-and-honey-gourami/,black-ruby-barb,honey-gourami,False,False,/compatibility/black-ruby-barb/,/compatibility/honey-gourami/,Ensure both owner links
/compatibility/black-ruby-barb-and-jewel-cichlid/,black-ruby-barb,jewel-cichlid,False,False,/compatibility/black-ruby-barb/,/compatibility/jewel-cichlid/,Ensure both owner links
/compatibility/black-ruby-barb-and-julii-cory/,black-ruby-barb,julii-cory,False,False,/compatibility/black-ruby-barb/,/compatibility/julii-cory/,Ensure both owner links
/compatibility/black-ruby-barb-and-keyhole-cichlid/,black-ruby-barb,keyhole-cichlid,False,False,/compatibility/black-ruby-barb/,/compatibility/keyhole-cichlid/,Ensure both owner links
/compatibility/black-ruby-barb-and-koi/,black-ruby-barb,koi,False,False,/compatibility/black-ruby-barb/,/guides/koi-fish-care/tank-mates/,Ensure both owner links
/compatibility/black-ruby-barb-and-kuhli-loach/,black-ruby-barb,kuhli-loach,False,False,/compatibility/black-ruby-barb/,/compatibility/kuhli-loach/,Ensure both owner links
/compatibility/black-ruby-barb-and-lemon-tetra/,black-ruby-barb,lemon-tetra,False,False,/compatibility/black-ruby-barb/,/compatibility/lemon-tetra/,Ensure both owner links
/compatibility/black-ruby-barb-and-lionfish/,black-ruby-barb,lionfish,False,False,/compatibility/black-ruby-barb/,/compatibility/lionfish/,Ensure both owner links
/compatibility/black-ruby-barb-and-molly/,black-ruby-barb,molly,False,False,/compatibility/black-ruby-barb/,/compatibility/molly/,Ensure both owner links
/compatibility/black-ruby-barb-and-moonlight-gourami/,black-ruby-barb,moonlight-gourami,False,False,/compatibility/black-ruby-barb/,/compatibility/moonlight-gourami/,Ensure both owner links
/compatibility/black-ruby-barb-and-mystery-snail/,black-ruby-barb,mystery-snail,False,False,/compatibility/black-ruby-barb/,/compatibility/mystery-snail/,Ensure both owner links
/compatibility/black-ruby-barb-and-neon-rainbowfish/,black-ruby-barb,neon-rainbowfish,False,False,/compatibility/black-ruby-barb/,/compatibility/neon-rainbowfish/,Ensure both owner links
/compatibility/black-ruby-barb-and-neon-tetra/,black-ruby-barb,neon-tetra,False,False,/compatibility/black-ruby-barb/,/compatibility/neon-tetra/,Ensure both owner links
/compatibility/black-ruby-barb-and-nerite-snail/,black-ruby-barb,nerite-snail,False,False,/compatibility/black-ruby-barb/,/compatibility/nerite-snail/,Ensure both owner links
/compatibility/black-ruby-barb-and-oscar/,black-ruby-barb,oscar,False,False,/compatibility/black-ruby-barb/,/guides/oscar-fish-care/tank-mates/,Ensure both owner links
/compatibility/black-ruby-barb-and-otocinclus/,black-ruby-barb,otocinclus,False,False,/compatibility/black-ruby-barb/,/compatibility/otocinclus/,Ensure both owner links
/compatibility/black-ruby-barb-and-pajama-cardinalfish/,black-ruby-barb,pajama-cardinalfish,False,False,/compatibility/black-ruby-barb/,/compatibility/pajama-cardinalfish/,Ensure both owner links
/compatibility/black-ruby-barb-and-panda-cory/,black-ruby-barb,panda-cory,False,False,/compatibility/black-ruby-barb/,/compatibility/panda-cory/,Ensure both owner links
/compatibility/black-ruby-barb-and-pea-puffer/,black-ruby-barb,pea-puffer,False,False,/compatibility/black-ruby-barb/,/compatibility/pea-puffer/,Ensure both owner links
/compatibility/black-ruby-barb-and-peacock-cichlid/,black-ruby-barb,peacock-cichlid,False,False,/compatibility/black-ruby-barb/,/compatibility/peacock-cichlid/,Ensure both owner links
/compatibility/black-ruby-barb-and-pearl-danio/,black-ruby-barb,pearl-danio,False,False,/compatibility/black-ruby-barb/,/compatibility/pearl-danio/,Ensure both owner links
/compatibility/black-ruby-barb-and-peppered-cory/,black-ruby-barb,peppered-cory,False,False,/compatibility/black-ruby-barb/,/compatibility/peppered-cory/,Ensure both owner links
/compatibility/black-ruby-barb-and-percula-clownfish/,black-ruby-barb,percula-clownfish,False,False,/compatibility/black-ruby-barb/,/compatibility/percula-clownfish/,Ensure both owner links
/compatibility/black-ruby-barb-and-platy/,black-ruby-barb,platy,False,False,/compatibility/black-ruby-barb/,/compatibility/platy/,Ensure both owner links
/compatibility/black-ruby-barb-and-pygmy-corydoras/,black-ruby-barb,pygmy-corydoras,False,False,/compatibility/black-ruby-barb/,/compatibility/pygmy-corydoras/,Ensure both owner links
/compatibility/black-ruby-barb-and-rainbow-shark/,black-ruby-barb,rainbow-shark,False,False,/compatibility/black-ruby-barb/,/compatibility/rainbow-shark/,Ensure both owner links
/compatibility/black-ruby-barb-and-red-eye-tetra/,black-ruby-barb,red-eye-tetra,False,False,/compatibility/black-ruby-barb/,/compatibility/red-eye-tetra/,Ensure both owner links
/compatibility/black-ruby-barb-and-rosy-barb/,black-ruby-barb,rosy-barb,False,False,/compatibility/black-ruby-barb/,/compatibility/rosy-barb/,Ensure both owner links
/compatibility/black-ruby-barb-and-royal-gramma/,black-ruby-barb,royal-gramma,False,False,/compatibility/black-ruby-barb/,/compatibility/royal-gramma/,Ensure both owner links
/compatibility/black-ruby-barb-and-senegal-bichir/,black-ruby-barb,senegal-bichir,False,False,/compatibility/black-ruby-barb/,/compatibility/senegal-bichir/,Ensure both owner links
/compatibility/black-ruby-barb-and-serpae-tetra/,black-ruby-barb,serpae-tetra,False,False,/compatibility/black-ruby-barb/,/compatibility/serpae-tetra/,Ensure both owner links
/compatibility/black-ruby-barb-and-severum-cichlid/,black-ruby-barb,severum-cichlid,False,False,/compatibility/black-ruby-barb/,/compatibility/severum-cichlid/,Ensure both owner links
/compatibility/black-ruby-barb-and-silver-arowana/,black-ruby-barb,silver-arowana,False,False,/compatibility/black-ruby-barb/,/compatibility/silver-arowana/,Ensure both owner links
/compatibility/black-ruby-barb-and-silver-dollar/,black-ruby-barb,silver-dollar,False,False,/compatibility/black-ruby-barb/,/compatibility/silver-dollar/,Ensure both owner links
/compatibility/black-ruby-barb-and-sparkling-gourami/,black-ruby-barb,sparkling-gourami,False,False,/compatibility/black-ruby-barb/,/compatibility/sparkling-gourami/,Ensure both owner links
/compatibility/black-ruby-barb-and-sterbai-cory/,black-ruby-barb,sterbai-cory,False,False,/compatibility/black-ruby-barb/,/compatibility/sterbai-cory/,Ensure both owner links
/compatibility/black-ruby-barb-and-swordtail/,black-ruby-barb,swordtail,False,False,/compatibility/black-ruby-barb/,/compatibility/swordtail/,Ensure both owner links
/compatibility/black-ruby-barb-and-texas-cichlid/,black-ruby-barb,texas-cichlid,False,False,/compatibility/black-ruby-barb/,/compatibility/texas-cichlid/,Ensure both owner links
/compatibility/black-ruby-barb-and-threadfin-rainbowfish/,black-ruby-barb,threadfin-rainbowfish,False,False,/compatibility/black-ruby-barb/,/compatibility/threadfin-rainbowfish/,Ensure both owner links
/compatibility/black-ruby-barb-and-three-spot-gourami/,black-ruby-barb,three-spot-gourami,False,False,/compatibility/black-ruby-barb/,/compatibility/three-spot-gourami/,Ensure both owner links
/compatibility/black-ruby-barb-and-tiger-barb/,black-ruby-barb,tiger-barb,False,False,/compatibility/black-ruby-barb/,/compatibility/tiger-barb/,Ensure both owner links
/compatibility/black-ruby-barb-and-watchman-goby/,black-ruby-barb,watchman-goby,False,False,/compatibility/black-ruby-barb/,/compatibility/watchman-goby/,Ensure both owner links
/compatibility/black-ruby-barb-and-weather-loach/,black-ruby-barb,weather-loach,False,False,/compatibility/black-ruby-barb/,/compatibility/weather-loach/,Ensure both owner links
/compatibility/black-ruby-barb-and-x-ray-tetra/,black-ruby-barb,x-ray-tetra,False,False,/compatibility/black-ruby-barb/,/compatibility/x-ray-tetra/,Ensure both owner links
/compatibility/black-ruby-barb-and-yellow-tang/,black-ruby-barb,yellow-tang,False,False,/compatibility/black-ruby-barb/,/compatibility/yellow-tang/,Ensure both owner links
/compatibility/black-ruby-barb-and-yoyo-loach/,black-ruby-barb,yoyo-loach,False,False,/compatibility/black-ruby-barb/,/compatibility/yoyo-loach/,Ensure both owner links
/compatibility/black-ruby-barb-and-zebra-danio/,black-ruby-barb,zebra-danio,False,False,/compatibility/black-ruby-barb/,/compatibility/zebra-danio/,Ensure both owner links
/compatibility/black-ruby-barb-and-zebra-loach/,black-ruby-barb,zebra-loach,False,False,/compatibility/black-ruby-barb/,/compatibility/zebra-loach/,Ensure both owner links
/compatibility/black-ruby-barb-and-zebra-pleco/,black-ruby-barb,zebra-pleco,False,False,/compatibility/black-ruby-barb/,/compatibility/zebra-pleco/,Ensure both owner links
/compatibility/blue-tang-and-bolivian-ram/,blue-tang,bolivian-ram,False,False,/compatibility/blue-tang/,/compatibility/bolivian-ram/,Ensure both owner links
/compatibility/blue-tang-and-bosemans-rainbowfish/,blue-tang,bosemans-rainbowfish,False,False,/compatibility/blue-tang/,/compatibility/bosemans-rainbowfish/,Ensure both owner links
/compatibility/blue-tang-and-bristlenose-pleco/,blue-tang,bristlenose-pleco,False,False,/compatibility/blue-tang/,/compatibility/bristlenose-pleco/,Ensure both owner links
/compatibility/blue-tang-and-cardinal-tetra/,blue-tang,cardinal-tetra,False,False,/compatibility/blue-tang/,/compatibility/cardinal-tetra/,Ensure both owner links
/compatibility/blue-tang-and-cherry-barb/,blue-tang,cherry-barb,False,False,/compatibility/blue-tang/,/compatibility/cherry-barb/,Ensure both owner links
/compatibility/blue-tang-and-cherry-shrimp/,blue-tang,cherry-shrimp,False,False,/compatibility/blue-tang/,/compatibility/cherry-shrimp/,Ensure both owner links
/compatibility/blue-tang-and-chili-rasbora/,blue-tang,chili-rasbora,False,False,/compatibility/blue-tang/,/compatibility/chili-rasbora/,Ensure both owner links
/compatibility/blue-tang-and-clown-knifefish/,blue-tang,clown-knifefish,False,False,/compatibility/blue-tang/,/compatibility/clown-knifefish/,Ensure both owner links
/compatibility/blue-tang-and-clown-loach/,blue-tang,clown-loach,False,False,/compatibility/blue-tang/,/compatibility/clown-loach/,Ensure both owner links
/compatibility/blue-tang-and-clown-pleco/,blue-tang,clown-pleco,False,False,/compatibility/blue-tang/,/compatibility/clown-pleco/,Ensure both owner links
/compatibility/blue-tang-and-congo-tetra/,blue-tang,congo-tetra,False,False,/compatibility/blue-tang/,/compatibility/congo-tetra/,Ensure both owner links
/compatibility/blue-tang-and-coral-beauty/,blue-tang,coral-beauty,False,False,/compatibility/blue-tang/,/compatibility/coral-beauty/,Ensure both owner links
/compatibility/blue-tang-and-corydoras/,blue-tang,corydoras,False,False,/compatibility/blue-tang/,/compatibility/corydoras/,Ensure both owner links
/compatibility/blue-tang-and-denison-barb/,blue-tang,denison-barb,False,False,/compatibility/blue-tang/,/compatibility/denison-barb/,Ensure both owner links
/compatibility/blue-tang-and-diamond-tetra/,blue-tang,diamond-tetra,False,False,/compatibility/blue-tang/,/compatibility/diamond-tetra/,Ensure both owner links
/compatibility/blue-tang-and-discus/,blue-tang,discus,False,False,/compatibility/blue-tang/,/guides/discus-fish-care/tank-mates/,Ensure both owner links
/compatibility/blue-tang-and-dwarf-chain-loach/,blue-tang,dwarf-chain-loach,False,False,/compatibility/blue-tang/,/compatibility/dwarf-chain-loach/,Ensure both owner links
/compatibility/blue-tang-and-dwarf-gourami/,blue-tang,dwarf-gourami,False,False,/compatibility/blue-tang/,/compatibility/dwarf-gourami/,Ensure both owner links
/compatibility/blue-tang-and-electric-yellow-cichlid/,blue-tang,electric-yellow-cichlid,False,False,/compatibility/blue-tang/,/compatibility/electric-yellow-cichlid/,Ensure both owner links
/compatibility/blue-tang-and-ember-tetra/,blue-tang,ember-tetra,False,False,/compatibility/blue-tang/,/compatibility/ember-tetra/,Ensure both owner links
/compatibility/blue-tang-and-fire-eel/,blue-tang,fire-eel,False,False,/compatibility/blue-tang/,/compatibility/fire-eel/,Ensure both owner links
/compatibility/blue-tang-and-firefish-goby/,blue-tang,firefish-goby,False,False,/compatibility/blue-tang/,/compatibility/firefish-goby/,Ensure both owner links
/compatibility/blue-tang-and-flame-angelfish/,blue-tang,flame-angelfish,False,False,/compatibility/blue-tang/,/compatibility/flame-angelfish/,Ensure both owner links
/compatibility/blue-tang-and-foxface-rabbitfish/,blue-tang,foxface-rabbitfish,False,False,/compatibility/blue-tang/,/compatibility/foxface-rabbitfish/,Ensure both owner links
/compatibility/blue-tang-and-frontosa-cichlid/,blue-tang,frontosa-cichlid,False,False,/compatibility/blue-tang/,/compatibility/frontosa-cichlid/,Ensure both owner links
/compatibility/blue-tang-and-giant-danio/,blue-tang,giant-danio,False,False,/compatibility/blue-tang/,/compatibility/giant-danio/,Ensure both owner links
/compatibility/blue-tang-and-glass-catfish/,blue-tang,glass-catfish,False,False,/compatibility/blue-tang/,/compatibility/glass-catfish/,Ensure both owner links
/compatibility/blue-tang-and-glowlight-danio/,blue-tang,glowlight-danio,False,False,/compatibility/blue-tang/,/compatibility/glowlight-danio/,Ensure both owner links
/compatibility/blue-tang-and-glowlight-tetra/,blue-tang,glowlight-tetra,False,False,/compatibility/blue-tang/,/compatibility/glowlight-tetra/,Ensure both owner links
/compatibility/blue-tang-and-goldfish/,blue-tang,goldfish,False,False,/compatibility/blue-tang/,/compatibility/goldfish/,Ensure both owner links
/compatibility/blue-tang-and-green-terror-cichlid/,blue-tang,green-terror-cichlid,False,False,/compatibility/blue-tang/,/compatibility/green-terror-cichlid/,Ensure both owner links
/compatibility/blue-tang-and-guppy/,blue-tang,guppy,False,False,/compatibility/blue-tang/,/compatibility/guppy/,Ensure both owner links
/compatibility/blue-tang-and-harlequin-rasbora/,blue-tang,harlequin-rasbora,False,False,/compatibility/blue-tang/,/compatibility/harlequin-rasbora/,Ensure both owner links
/compatibility/blue-tang-and-hillstream-loach/,blue-tang,hillstream-loach,False,False,/compatibility/blue-tang/,/compatibility/hillstream-loach/,Ensure both owner links
/compatibility/blue-tang-and-honey-gourami/,blue-tang,honey-gourami,False,False,/compatibility/blue-tang/,/compatibility/honey-gourami/,Ensure both owner links
/compatibility/blue-tang-and-jewel-cichlid/,blue-tang,jewel-cichlid,False,False,/compatibility/blue-tang/,/compatibility/jewel-cichlid/,Ensure both owner links
/compatibility/blue-tang-and-julii-cory/,blue-tang,julii-cory,False,False,/compatibility/blue-tang/,/compatibility/julii-cory/,Ensure both owner links
/compatibility/blue-tang-and-keyhole-cichlid/,blue-tang,keyhole-cichlid,False,False,/compatibility/blue-tang/,/compatibility/keyhole-cichlid/,Ensure both owner links
/compatibility/blue-tang-and-koi/,blue-tang,koi,False,False,/compatibility/blue-tang/,/guides/koi-fish-care/tank-mates/,Ensure both owner links
/compatibility/blue-tang-and-kuhli-loach/,blue-tang,kuhli-loach,False,False,/compatibility/blue-tang/,/compatibility/kuhli-loach/,Ensure both owner links
/compatibility/blue-tang-and-lemon-tetra/,blue-tang,lemon-tetra,False,False,/compatibility/blue-tang/,/compatibility/lemon-tetra/,Ensure both owner links
/compatibility/blue-tang-and-lionfish/,blue-tang,lionfish,False,False,/compatibility/blue-tang/,/compatibility/lionfish/,Ensure both owner links
/compatibility/blue-tang-and-molly/,blue-tang,molly,False,False,/compatibility/blue-tang/,/compatibility/molly/,Ensure both owner links
/compatibility/blue-tang-and-moonlight-gourami/,blue-tang,moonlight-gourami,False,False,/compatibility/blue-tang/,/compatibility/moonlight-gourami/,Ensure both owner links
/compatibility/blue-tang-and-mystery-snail/,blue-tang,mystery-snail,False,False,/compatibility/blue-tang/,/compatibility/mystery-snail/,Ensure both owner links
/compatibility/blue-tang-and-neon-rainbowfish/,blue-tang,neon-rainbowfish,False,False,/compatibility/blue-tang/,/compatibility/neon-rainbowfish/,Ensure both owner links
/compatibility/blue-tang-and-neon-tetra/,blue-tang,neon-tetra,False,False,/compatibility/blue-tang/,/compatibility/neon-tetra/,Ensure both owner links
/compatibility/blue-tang-and-nerite-snail/,blue-tang,nerite-snail,False,False,/compatibility/blue-tang/,/compatibility/nerite-snail/,Ensure both owner links
/compatibility/blue-tang-and-oscar/,blue-tang,oscar,False,False,/compatibility/blue-tang/,/guides/oscar-fish-care/tank-mates/,Ensure both owner links
/compatibility/blue-tang-and-otocinclus/,blue-tang,otocinclus,False,False,/compatibility/blue-tang/,/compatibility/otocinclus/,Ensure both owner links
/compatibility/blue-tang-and-pajama-cardinalfish/,blue-tang,pajama-cardinalfish,False,False,/compatibility/blue-tang/,/compatibility/pajama-cardinalfish/,Ensure both owner links
/compatibility/blue-tang-and-panda-cory/,blue-tang,panda-cory,False,False,/compatibility/blue-tang/,/compatibility/panda-cory/,Ensure both owner links
/compatibility/blue-tang-and-pea-puffer/,blue-tang,pea-puffer,False,False,/compatibility/blue-tang/,/compatibility/pea-puffer/,Ensure both owner links
/compatibility/blue-tang-and-peacock-cichlid/,blue-tang,peacock-cichlid,False,False,/compatibility/blue-tang/,/compatibility/peacock-cichlid/,Ensure both owner links
/compatibility/blue-tang-and-pearl-danio/,blue-tang,pearl-danio,False,False,/compatibility/blue-tang/,/compatibility/pearl-danio/,Ensure both owner links
/compatibility/blue-tang-and-peppered-cory/,blue-tang,peppered-cory,False,False,/compatibility/blue-tang/,/compatibility/peppered-cory/,Ensure both owner links
/compatibility/blue-tang-and-percula-clownfish/,blue-tang,percula-clownfish,False,False,/compatibility/blue-tang/,/compatibility/percula-clownfish/,Ensure both owner links
/compatibility/blue-tang-and-platy/,blue-tang,platy,False,False,/compatibility/blue-tang/,/compatibility/platy/,Ensure both owner links
/compatibility/blue-tang-and-pygmy-corydoras/,blue-tang,pygmy-corydoras,False,False,/compatibility/blue-tang/,/compatibility/pygmy-corydoras/,Ensure both owner links
/compatibility/blue-tang-and-rainbow-shark/,blue-tang,rainbow-shark,False,False,/compatibility/blue-tang/,/compatibility/rainbow-shark/,Ensure both owner links
/compatibility/blue-tang-and-red-eye-tetra/,blue-tang,red-eye-tetra,False,False,/compatibility/blue-tang/,/compatibility/red-eye-tetra/,Ensure both owner links
/compatibility/blue-tang-and-rosy-barb/,blue-tang,rosy-barb,False,False,/compatibility/blue-tang/,/compatibility/rosy-barb/,Ensure both owner links
/compatibility/blue-tang-and-royal-gramma/,blue-tang,royal-gramma,False,False,/compatibility/blue-tang/,/compatibility/royal-gramma/,Ensure both owner links
/compatibility/blue-tang-and-senegal-bichir/,blue-tang,senegal-bichir,False,False,/compatibility/blue-tang/,/compatibility/senegal-bichir/,Ensure both owner links
/compatibility/blue-tang-and-serpae-tetra/,blue-tang,serpae-tetra,False,False,/compatibility/blue-tang/,/compatibility/serpae-tetra/,Ensure both owner links
/compatibility/blue-tang-and-severum-cichlid/,blue-tang,severum-cichlid,False,False,/compatibility/blue-tang/,/compatibility/severum-cichlid/,Ensure both owner links
/compatibility/blue-tang-and-silver-arowana/,blue-tang,silver-arowana,False,False,/compatibility/blue-tang/,/compatibility/silver-arowana/,Ensure both owner links
/compatibility/blue-tang-and-silver-dollar/,blue-tang,silver-dollar,False,False,/compatibility/blue-tang/,/compatibility/silver-dollar/,Ensure both owner links
/compatibility/blue-tang-and-sparkling-gourami/,blue-tang,sparkling-gourami,False,False,/compatibility/blue-tang/,/compatibility/sparkling-gourami/,Ensure both owner links
/compatibility/blue-tang-and-sterbai-cory/,blue-tang,sterbai-cory,False,False,/compatibility/blue-tang/,/compatibility/sterbai-cory/,Ensure both owner links
/compatibility/blue-tang-and-swordtail/,blue-tang,swordtail,False,False,/compatibility/blue-tang/,/compatibility/swordtail/,Ensure both owner links
/compatibility/blue-tang-and-texas-cichlid/,blue-tang,texas-cichlid,False,False,/compatibility/blue-tang/,/compatibility/texas-cichlid/,Ensure both owner links
/compatibility/blue-tang-and-threadfin-rainbowfish/,blue-tang,threadfin-rainbowfish,False,False,/compatibility/blue-tang/,/compatibility/threadfin-rainbowfish/,Ensure both owner links
/compatibility/blue-tang-and-three-spot-gourami/,blue-tang,three-spot-gourami,False,False,/compatibility/blue-tang/,/compatibility/three-spot-gourami/,Ensure both owner links
/compatibility/blue-tang-and-tiger-barb/,blue-tang,tiger-barb,False,False,/compatibility/blue-tang/,/compatibility/tiger-barb/,Ensure both owner links
/compatibility/blue-tang-and-watchman-goby/,blue-tang,watchman-goby,False,False,/compatibility/blue-tang/,/compatibility/watchman-goby/,Ensure both owner links
/compatibility/blue-tang-and-weather-loach/,blue-tang,weather-loach,False,False,/compatibility/blue-tang/,/compatibility/weather-loach/,Ensure both owner links
/compatibility/blue-tang-and-x-ray-tetra/,blue-tang,x-ray-tetra,False,False,/compatibility/blue-tang/,/compatibility/x-ray-tetra/,Ensure both owner links
/compatibility/blue-tang-and-yellow-tang/,blue-tang,yellow-tang,False,False,/compatibility/blue-tang/,/compatibility/yellow-tang/,Ensure both owner links
/compatibility/blue-tang-and-yoyo-loach/,blue-tang,yoyo-loach,False,False,/compatibility/blue-tang/,/compatibility/yoyo-loach/,Ensure both owner links
/compatibility/blue-tang-and-zebra-danio/,blue-tang,zebra-danio,False,False,/compatibility/blue-tang/,/compatibility/zebra-danio/,Ensure both owner links
/compatibility/blue-tang-and-zebra-loach/,blue-tang,zebra-loach,False,False,/compatibility/blue-tang/,/compatibility/zebra-loach/,Ensure both owner links
/compatibility/blue-tang-and-zebra-pleco/,blue-tang,zebra-pleco,False,False,/compatibility/blue-tang/,/compatibility/zebra-pleco/,Ensure both owner links
/compatibility/bolivian-ram-and-bosemans-rainbowfish/,bolivian-ram,bosemans-rainbowfish,False,False,/compatibility/bolivian-ram/,/compatibility/bosemans-rainbowfish/,Ensure both owner links
/compatibility/bolivian-ram-and-bristlenose-pleco/,bolivian-ram,bristlenose-pleco,False,False,/compatibility/bolivian-ram/,/compatibility/bristlenose-pleco/,Ensure both owner links
/compatibility/bolivian-ram-and-cardinal-tetra/,bolivian-ram,cardinal-tetra,False,False,/compatibility/bolivian-ram/,/compatibility/cardinal-tetra/,Ensure both owner links
/compatibility/bolivian-ram-and-cherry-barb/,bolivian-ram,cherry-barb,False,False,/compatibility/bolivian-ram/,/compatibility/cherry-barb/,Ensure both owner links
/compatibility/bolivian-ram-and-cherry-shrimp/,bolivian-ram,cherry-shrimp,False,False,/compatibility/bolivian-ram/,/compatibility/cherry-shrimp/,Ensure both owner links
/compatibility/bolivian-ram-and-chili-rasbora/,bolivian-ram,chili-rasbora,False,False,/compatibility/bolivian-ram/,/compatibility/chili-rasbora/,Ensure both owner links
/compatibility/bolivian-ram-and-clown-knifefish/,bolivian-ram,clown-knifefish,False,False,/compatibility/bolivian-ram/,/compatibility/clown-knifefish/,Ensure both owner links
/compatibility/bolivian-ram-and-clown-loach/,bolivian-ram,clown-loach,False,False,/compatibility/bolivian-ram/,/compatibility/clown-loach/,Ensure both owner links
/compatibility/bolivian-ram-and-clown-pleco/,bolivian-ram,clown-pleco,False,False,/compatibility/bolivian-ram/,/compatibility/clown-pleco/,Ensure both owner links
/compatibility/bolivian-ram-and-congo-tetra/,bolivian-ram,congo-tetra,False,False,/compatibility/bolivian-ram/,/compatibility/congo-tetra/,Ensure both owner links
/compatibility/bolivian-ram-and-coral-beauty/,bolivian-ram,coral-beauty,False,False,/compatibility/bolivian-ram/,/compatibility/coral-beauty/,Ensure both owner links
/compatibility/bolivian-ram-and-corydoras/,bolivian-ram,corydoras,False,False,/compatibility/bolivian-ram/,/compatibility/corydoras/,Ensure both owner links
/compatibility/bolivian-ram-and-denison-barb/,bolivian-ram,denison-barb,False,False,/compatibility/bolivian-ram/,/compatibility/denison-barb/,Ensure both owner links
/compatibility/bolivian-ram-and-diamond-tetra/,bolivian-ram,diamond-tetra,False,False,/compatibility/bolivian-ram/,/compatibility/diamond-tetra/,Ensure both owner links
/compatibility/bolivian-ram-and-discus/,bolivian-ram,discus,False,False,/compatibility/bolivian-ram/,/guides/discus-fish-care/tank-mates/,Ensure both owner links
/compatibility/bolivian-ram-and-dwarf-chain-loach/,bolivian-ram,dwarf-chain-loach,False,False,/compatibility/bolivian-ram/,/compatibility/dwarf-chain-loach/,Ensure both owner links
/compatibility/bolivian-ram-and-dwarf-gourami/,bolivian-ram,dwarf-gourami,False,False,/compatibility/bolivian-ram/,/compatibility/dwarf-gourami/,Ensure both owner links
/compatibility/bolivian-ram-and-electric-yellow-cichlid/,bolivian-ram,electric-yellow-cichlid,False,False,/compatibility/bolivian-ram/,/compatibility/electric-yellow-cichlid/,Ensure both owner links
/compatibility/bolivian-ram-and-ember-tetra/,bolivian-ram,ember-tetra,False,False,/compatibility/bolivian-ram/,/compatibility/ember-tetra/,Ensure both owner links
/compatibility/bolivian-ram-and-fire-eel/,bolivian-ram,fire-eel,False,False,/compatibility/bolivian-ram/,/compatibility/fire-eel/,Ensure both owner links
/compatibility/bolivian-ram-and-firefish-goby/,bolivian-ram,firefish-goby,False,False,/compatibility/bolivian-ram/,/compatibility/firefish-goby/,Ensure both owner links
/compatibility/bolivian-ram-and-flame-angelfish/,bolivian-ram,flame-angelfish,False,False,/compatibility/bolivian-ram/,/compatibility/flame-angelfish/,Ensure both owner links
/compatibility/bolivian-ram-and-foxface-rabbitfish/,bolivian-ram,foxface-rabbitfish,False,False,/compatibility/bolivian-ram/,/compatibility/foxface-rabbitfish/,Ensure both owner links
/compatibility/bolivian-ram-and-frontosa-cichlid/,bolivian-ram,frontosa-cichlid,False,False,/compatibility/bolivian-ram/,/compatibility/frontosa-cichlid/,Ensure both owner links
/compatibility/bolivian-ram-and-giant-danio/,bolivian-ram,giant-danio,False,False,/compatibility/bolivian-ram/,/compatibility/giant-danio/,Ensure both owner links
/compatibility/bolivian-ram-and-glass-catfish/,bolivian-ram,glass-catfish,False,False,/compatibility/bolivian-ram/,/compatibility/glass-catfish/,Ensure both owner links
/compatibility/bolivian-ram-and-glowlight-danio/,bolivian-ram,glowlight-danio,False,False,/compatibility/bolivian-ram/,/compatibility/glowlight-danio/,Ensure both owner links
/compatibility/bolivian-ram-and-glowlight-tetra/,bolivian-ram,glowlight-tetra,False,False,/compatibility/bolivian-ram/,/compatibility/glowlight-tetra/,Ensure both owner links
/compatibility/bolivian-ram-and-goldfish/,bolivian-ram,goldfish,False,False,/compatibility/bolivian-ram/,/compatibility/goldfish/,Ensure both owner links
/compatibility/bolivian-ram-and-green-terror-cichlid/,bolivian-ram,green-terror-cichlid,False,False,/compatibility/bolivian-ram/,/compatibility/green-terror-cichlid/,Ensure both owner links
/compatibility/bolivian-ram-and-guppy/,bolivian-ram,guppy,False,False,/compatibility/bolivian-ram/,/compatibility/guppy/,Ensure both owner links
/compatibility/bolivian-ram-and-harlequin-rasbora/,bolivian-ram,harlequin-rasbora,False,False,/compatibility/bolivian-ram/,/compatibility/harlequin-rasbora/,Ensure both owner links
/compatibility/bolivian-ram-and-hillstream-loach/,bolivian-ram,hillstream-loach,False,False,/compatibility/bolivian-ram/,/compatibility/hillstream-loach/,Ensure both owner links
/compatibility/bolivian-ram-and-honey-gourami/,bolivian-ram,honey-gourami,False,False,/compatibility/bolivian-ram/,/compatibility/honey-gourami/,Ensure both owner links
/compatibility/bolivian-ram-and-jewel-cichlid/,bolivian-ram,jewel-cichlid,False,False,/compatibility/bolivian-ram/,/compatibility/jewel-cichlid/,Ensure both owner links
/compatibility/bolivian-ram-and-julii-cory/,bolivian-ram,julii-cory,False,False,/compatibility/bolivian-ram/,/compatibility/julii-cory/,Ensure both owner links
/compatibility/bolivian-ram-and-keyhole-cichlid/,bolivian-ram,keyhole-cichlid,False,False,/compatibility/bolivian-ram/,/compatibility/keyhole-cichlid/,Ensure both owner links
/compatibility/bolivian-ram-and-koi/,bolivian-ram,koi,False,False,/compatibility/bolivian-ram/,/guides/koi-fish-care/tank-mates/,Ensure both owner links
/compatibility/bolivian-ram-and-kuhli-loach/,bolivian-ram,kuhli-loach,False,False,/compatibility/bolivian-ram/,/compatibility/kuhli-loach/,Ensure both owner links
/compatibility/bolivian-ram-and-lemon-tetra/,bolivian-ram,lemon-tetra,False,False,/compatibility/bolivian-ram/,/compatibility/lemon-tetra/,Ensure both owner links
/compatibility/bolivian-ram-and-lionfish/,bolivian-ram,lionfish,False,False,/compatibility/bolivian-ram/,/compatibility/lionfish/,Ensure both owner links
/compatibility/bolivian-ram-and-molly/,bolivian-ram,molly,False,False,/compatibility/bolivian-ram/,/compatibility/molly/,Ensure both owner links
/compatibility/bolivian-ram-and-moonlight-gourami/,bolivian-ram,moonlight-gourami,False,False,/compatibility/bolivian-ram/,/compatibility/moonlight-gourami/,Ensure both owner links
/compatibility/bolivian-ram-and-mystery-snail/,bolivian-ram,mystery-snail,False,False,/compatibility/bolivian-ram/,/compatibility/mystery-snail/,Ensure both owner links
/compatibility/bolivian-ram-and-neon-rainbowfish/,bolivian-ram,neon-rainbowfish,False,False,/compatibility/bolivian-ram/,/compatibility/neon-rainbowfish/,Ensure both owner links
/compatibility/bolivian-ram-and-neon-tetra/,bolivian-ram,neon-tetra,False,False,/compatibility/bolivian-ram/,/compatibility/neon-tetra/,Ensure both owner links
/compatibility/bolivian-ram-and-nerite-snail/,bolivian-ram,nerite-snail,False,False,/compatibility/bolivian-ram/,/compatibility/nerite-snail/,Ensure both owner links
/compatibility/bolivian-ram-and-oscar/,bolivian-ram,oscar,False,False,/compatibility/bolivian-ram/,/guides/oscar-fish-care/tank-mates/,Ensure both owner links
/compatibility/bolivian-ram-and-otocinclus/,bolivian-ram,otocinclus,False,False,/compatibility/bolivian-ram/,/compatibility/otocinclus/,Ensure both owner links
/compatibility/bolivian-ram-and-pajama-cardinalfish/,bolivian-ram,pajama-cardinalfish,False,False,/compatibility/bolivian-ram/,/compatibility/pajama-cardinalfish/,Ensure both owner links
/compatibility/bolivian-ram-and-panda-cory/,bolivian-ram,panda-cory,False,False,/compatibility/bolivian-ram/,/compatibility/panda-cory/,Ensure both owner links
/compatibility/bolivian-ram-and-pea-puffer/,bolivian-ram,pea-puffer,False,False,/compatibility/bolivian-ram/,/compatibility/pea-puffer/,Ensure both owner links
/compatibility/bolivian-ram-and-peacock-cichlid/,bolivian-ram,peacock-cichlid,False,False,/compatibility/bolivian-ram/,/compatibility/peacock-cichlid/,Ensure both owner links
/compatibility/bolivian-ram-and-pearl-danio/,bolivian-ram,pearl-danio,False,False,/compatibility/bolivian-ram/,/compatibility/pearl-danio/,Ensure both owner links
/compatibility/bolivian-ram-and-peppered-cory/,bolivian-ram,peppered-cory,False,False,/compatibility/bolivian-ram/,/compatibility/peppered-cory/,Ensure both owner links
/compatibility/bolivian-ram-and-percula-clownfish/,bolivian-ram,percula-clownfish,False,False,/compatibility/bolivian-ram/,/compatibility/percula-clownfish/,Ensure both owner links
/compatibility/bolivian-ram-and-platy/,bolivian-ram,platy,False,False,/compatibility/bolivian-ram/,/compatibility/platy/,Ensure both owner links
/compatibility/bolivian-ram-and-pygmy-corydoras/,bolivian-ram,pygmy-corydoras,False,False,/compatibility/bolivian-ram/,/compatibility/pygmy-corydoras/,Ensure both owner links
/compatibility/bolivian-ram-and-rainbow-shark/,bolivian-ram,rainbow-shark,False,False,/compatibility/bolivian-ram/,/compatibility/rainbow-shark/,Ensure both owner links
/compatibility/bolivian-ram-and-red-eye-tetra/,bolivian-ram,red-eye-tetra,False,False,/compatibility/bolivian-ram/,/compatibility/red-eye-tetra/,Ensure both owner links
/compatibility/bolivian-ram-and-rosy-barb/,bolivian-ram,rosy-barb,False,False,/compatibility/bolivian-ram/,/compatibility/rosy-barb/,Ensure both owner links
/compatibility/bolivian-ram-and-royal-gramma/,bolivian-ram,royal-gramma,False,False,/compatibility/bolivian-ram/,/compatibility/royal-gramma/,Ensure both owner links
/compatibility/bolivian-ram-and-senegal-bichir/,bolivian-ram,senegal-bichir,False,False,/compatibility/bolivian-ram/,/compatibility/senegal-bichir/,Ensure both owner links
/compatibility/bolivian-ram-and-serpae-tetra/,bolivian-ram,serpae-tetra,False,False,/compatibility/bolivian-ram/,/compatibility/serpae-tetra/,Ensure both owner links
/compatibility/bolivian-ram-and-severum-cichlid/,bolivian-ram,severum-cichlid,False,False,/compatibility/bolivian-ram/,/compatibility/severum-cichlid/,Ensure both owner links
/compatibility/bolivian-ram-and-silver-arowana/,bolivian-ram,silver-arowana,False,False,/compatibility/bolivian-ram/,/compatibility/silver-arowana/,Ensure both owner links
/compatibility/bolivian-ram-and-silver-dollar/,bolivian-ram,silver-dollar,False,False,/compatibility/bolivian-ram/,/compatibility/silver-dollar/,Ensure both owner links
/compatibility/bolivian-ram-and-sparkling-gourami/,bolivian-ram,sparkling-gourami,False,False,/compatibility/bolivian-ram/,/compatibility/sparkling-gourami/,Ensure both owner links
/compatibility/bolivian-ram-and-sterbai-cory/,bolivian-ram,sterbai-cory,False,False,/compatibility/bolivian-ram/,/compatibility/sterbai-cory/,Ensure both owner links
/compatibility/bolivian-ram-and-swordtail/,bolivian-ram,swordtail,False,False,/compatibility/bolivian-ram/,/compatibility/swordtail/,Ensure both owner links
/compatibility/bolivian-ram-and-texas-cichlid/,bolivian-ram,texas-cichlid,False,False,/compatibility/bolivian-ram/,/compatibility/texas-cichlid/,Ensure both owner links
/compatibility/bolivian-ram-and-threadfin-rainbowfish/,bolivian-ram,threadfin-rainbowfish,False,False,/compatibility/bolivian-ram/,/compatibility/threadfin-rainbowfish/,Ensure both owner links
/compatibility/bolivian-ram-and-three-spot-gourami/,bolivian-ram,three-spot-gourami,False,False,/compatibility/bolivian-ram/,/compatibility/three-spot-gourami/,Ensure both owner links
/compatibility/bolivian-ram-and-tiger-barb/,bolivian-ram,tiger-barb,False,False,/compatibility/bolivian-ram/,/compatibility/tiger-barb/,Ensure both owner links
/compatibility/bolivian-ram-and-watchman-goby/,bolivian-ram,watchman-goby,False,False,/compatibility/bolivian-ram/,/compatibility/watchman-goby/,Ensure both owner links
/compatibility/bolivian-ram-and-weather-loach/,bolivian-ram,weather-loach,False,False,/compatibility/bolivian-ram/,/compatibility/weather-loach/,Ensure both owner links
/compatibility/bolivian-ram-and-x-ray-tetra/,bolivian-ram,x-ray-tetra,False,False,/compatibility/bolivian-ram/,/compatibility/x-ray-tetra/,Ensure both owner links
/compatibility/bolivian-ram-and-yellow-tang/,bolivian-ram,yellow-tang,False,False,/compatibility/bolivian-ram/,/compatibility/yellow-tang/,Ensure both owner links
/compatibility/bolivian-ram-and-yoyo-loach/,bolivian-ram,yoyo-loach,False,False,/compatibility/bolivian-ram/,/compatibility/yoyo-loach/,Ensure both owner links
/compatibility/bolivian-ram-and-zebra-danio/,bolivian-ram,zebra-danio,False,False,/compatibility/bolivian-ram/,/compatibility/zebra-danio/,Ensure both owner links
/compatibility/bolivian-ram-and-zebra-loach/,bolivian-ram,zebra-loach,False,False,/compatibility/bolivian-ram/,/compatibility/zebra-loach/,Ensure both owner links
/compatibility/bolivian-ram-and-zebra-pleco/,bolivian-ram,zebra-pleco,False,False,/compatibility/bolivian-ram/,/compatibility/zebra-pleco/,Ensure both owner links
/compatibility/bosemans-rainbowfish-and-bristlenose-pleco/,bosemans-rainbowfish,bristlenose-pleco,False,False,/compatibility/bosemans-rainbowfish/,/compatibility/bristlenose-pleco/,Ensure both owner links
/compatibility/bosemans-rainbowfish-and-cardinal-tetra/,bosemans-rainbowfish,cardinal-tetra,False,False,/compatibility/bosemans-rainbowfish/,/compatibility/cardinal-tetra/,Ensure both owner links
/compatibility/bosemans-rainbowfish-and-cherry-barb/,bosemans-rainbowfish,cherry-barb,False,False,/compatibility/bosemans-rainbowfish/,/compatibility/cherry-barb/,Ensure both owner links
/compatibility/bosemans-rainbowfish-and-cherry-shrimp/,bosemans-rainbowfish,cherry-shrimp,False,False,/compatibility/bosemans-rainbowfish/,/compatibility/cherry-shrimp/,Ensure both owner links
/compatibility/bosemans-rainbowfish-and-chili-rasbora/,bosemans-rainbowfish,chili-rasbora,False,False,/compatibility/bosemans-rainbowfish/,/compatibility/chili-rasbora/,Ensure both owner links
/compatibility/bosemans-rainbowfish-and-clown-knifefish/,bosemans-rainbowfish,clown-knifefish,False,False,/compatibility/bosemans-rainbowfish/,/compatibility/clown-knifefish/,Ensure both owner links
/compatibility/bosemans-rainbowfish-and-clown-loach/,bosemans-rainbowfish,clown-loach,False,False,/compatibility/bosemans-rainbowfish/,/compatibility/clown-loach/,Ensure both owner links
/compatibility/bosemans-rainbowfish-and-clown-pleco/,bosemans-rainbowfish,clown-pleco,False,False,/compatibility/bosemans-rainbowfish/,/compatibility/clown-pleco/,Ensure both owner links
/compatibility/bosemans-rainbowfish-and-congo-tetra/,bosemans-rainbowfish,congo-tetra,False,False,/compatibility/bosemans-rainbowfish/,/compatibility/congo-tetra/,Ensure both owner links
/compatibility/bosemans-rainbowfish-and-coral-beauty/,bosemans-rainbowfish,coral-beauty,False,False,/compatibility/bosemans-rainbowfish/,/compatibility/coral-beauty/,Ensure both owner links
/compatibility/bosemans-rainbowfish-and-corydoras/,bosemans-rainbowfish,corydoras,False,False,/compatibility/bosemans-rainbowfish/,/compatibility/corydoras/,Ensure both owner links
/compatibility/bosemans-rainbowfish-and-denison-barb/,bosemans-rainbowfish,denison-barb,False,False,/compatibility/bosemans-rainbowfish/,/compatibility/denison-barb/,Ensure both owner links
/compatibility/bosemans-rainbowfish-and-diamond-tetra/,bosemans-rainbowfish,diamond-tetra,False,False,/compatibility/bosemans-rainbowfish/,/compatibility/diamond-tetra/,Ensure both owner links
/compatibility/bosemans-rainbowfish-and-discus/,bosemans-rainbowfish,discus,False,False,/compatibility/bosemans-rainbowfish/,/guides/discus-fish-care/tank-mates/,Ensure both owner links
/compatibility/bosemans-rainbowfish-and-dwarf-chain-loach/,bosemans-rainbowfish,dwarf-chain-loach,False,False,/compatibility/bosemans-rainbowfish/,/compatibility/dwarf-chain-loach/,Ensure both owner links
/compatibility/bosemans-rainbowfish-and-dwarf-gourami/,bosemans-rainbowfish,dwarf-gourami,False,False,/compatibility/bosemans-rainbowfish/,/compatibility/dwarf-gourami/,Ensure both owner links
/compatibility/bosemans-rainbowfish-and-electric-yellow-cichlid/,bosemans-rainbowfish,electric-yellow-cichlid,False,False,/compatibility/bosemans-rainbowfish/,/compatibility/electric-yellow-cichlid/,Ensure both owner links
/compatibility/bosemans-rainbowfish-and-ember-tetra/,bosemans-rainbowfish,ember-tetra,False,False,/compatibility/bosemans-rainbowfish/,/compatibility/ember-tetra/,Ensure both owner links
/compatibility/bosemans-rainbowfish-and-fire-eel/,bosemans-rainbowfish,fire-eel,False,False,/compatibility/bosemans-rainbowfish/,/compatibility/fire-eel/,Ensure both owner links
/compatibility/bosemans-rainbowfish-and-firefish-goby/,bosemans-rainbowfish,firefish-goby,False,False,/compatibility/bosemans-rainbowfish/,/compatibility/firefish-goby/,Ensure both owner links
/compatibility/bosemans-rainbowfish-and-flame-angelfish/,bosemans-rainbowfish,flame-angelfish,False,False,/compatibility/bosemans-rainbowfish/,/compatibility/flame-angelfish/,Ensure both owner links
/compatibility/bosemans-rainbowfish-and-foxface-rabbitfish/,bosemans-rainbowfish,foxface-rabbitfish,False,False,/compatibility/bosemans-rainbowfish/,/compatibility/foxface-rabbitfish/,Ensure both owner links
/compatibility/bosemans-rainbowfish-and-frontosa-cichlid/,bosemans-rainbowfish,frontosa-cichlid,False,False,/compatibility/bosemans-rainbowfish/,/compatibility/frontosa-cichlid/,Ensure both owner links
/compatibility/bosemans-rainbowfish-and-giant-danio/,bosemans-rainbowfish,giant-danio,False,False,/compatibility/bosemans-rainbowfish/,/compatibility/giant-danio/,Ensure both owner links
/compatibility/bosemans-rainbowfish-and-glass-catfish/,bosemans-rainbowfish,glass-catfish,False,False,/compatibility/bosemans-rainbowfish/,/compatibility/glass-catfish/,Ensure both owner links
/compatibility/bosemans-rainbowfish-and-glowlight-danio/,bosemans-rainbowfish,glowlight-danio,False,False,/compatibility/bosemans-rainbowfish/,/compatibility/glowlight-danio/,Ensure both owner links
/compatibility/bosemans-rainbowfish-and-glowlight-tetra/,bosemans-rainbowfish,glowlight-tetra,False,False,/compatibility/bosemans-rainbowfish/,/compatibility/glowlight-tetra/,Ensure both owner links
/compatibility/bosemans-rainbowfish-and-goldfish/,bosemans-rainbowfish,goldfish,False,False,/compatibility/bosemans-rainbowfish/,/compatibility/goldfish/,Ensure both owner links
/compatibility/bosemans-rainbowfish-and-green-terror-cichlid/,bosemans-rainbowfish,green-terror-cichlid,False,False,/compatibility/bosemans-rainbowfish/,/compatibility/green-terror-cichlid/,Ensure both owner links
/compatibility/bosemans-rainbowfish-and-guppy/,bosemans-rainbowfish,guppy,False,False,/compatibility/bosemans-rainbowfish/,/compatibility/guppy/,Ensure both owner links
/compatibility/bosemans-rainbowfish-and-harlequin-rasbora/,bosemans-rainbowfish,harlequin-rasbora,False,False,/compatibility/bosemans-rainbowfish/,/compatibility/harlequin-rasbora/,Ensure both owner links
/compatibility/bosemans-rainbowfish-and-hillstream-loach/,bosemans-rainbowfish,hillstream-loach,False,False,/compatibility/bosemans-rainbowfish/,/compatibility/hillstream-loach/,Ensure both owner links
/compatibility/bosemans-rainbowfish-and-honey-gourami/,bosemans-rainbowfish,honey-gourami,False,False,/compatibility/bosemans-rainbowfish/,/compatibility/honey-gourami/,Ensure both owner links
/compatibility/bosemans-rainbowfish-and-jewel-cichlid/,bosemans-rainbowfish,jewel-cichlid,False,False,/compatibility/bosemans-rainbowfish/,/compatibility/jewel-cichlid/,Ensure both owner links
/compatibility/bosemans-rainbowfish-and-julii-cory/,bosemans-rainbowfish,julii-cory,False,False,/compatibility/bosemans-rainbowfish/,/compatibility/julii-cory/,Ensure both owner links
/compatibility/bosemans-rainbowfish-and-keyhole-cichlid/,bosemans-rainbowfish,keyhole-cichlid,False,False,/compatibility/bosemans-rainbowfish/,/compatibility/keyhole-cichlid/,Ensure both owner links
/compatibility/bosemans-rainbowfish-and-koi/,bosemans-rainbowfish,koi,False,False,/compatibility/bosemans-rainbowfish/,/guides/koi-fish-care/tank-mates/,Ensure both owner links
/compatibility/bosemans-rainbowfish-and-kuhli-loach/,bosemans-rainbowfish,kuhli-loach,False,False,/compatibility/bosemans-rainbowfish/,/compatibility/kuhli-loach/,Ensure both owner links
/compatibility/bosemans-rainbowfish-and-lemon-tetra/,bosemans-rainbowfish,lemon-tetra,False,False,/compatibility/bosemans-rainbowfish/,/compatibility/lemon-tetra/,Ensure both owner links
/compatibility/bosemans-rainbowfish-and-lionfish/,bosemans-rainbowfish,lionfish,False,False,/compatibility/bosemans-rainbowfish/,/compatibility/lionfish/,Ensure both owner links
/compatibility/bosemans-rainbowfish-and-molly/,bosemans-rainbowfish,molly,False,False,/compatibility/bosemans-rainbowfish/,/compatibility/molly/,Ensure both owner links
/compatibility/bosemans-rainbowfish-and-moonlight-gourami/,bosemans-rainbowfish,moonlight-gourami,False,False,/compatibility/bosemans-rainbowfish/,/compatibility/moonlight-gourami/,Ensure both owner links
/compatibility/bosemans-rainbowfish-and-mystery-snail/,bosemans-rainbowfish,mystery-snail,False,False,/compatibility/bosemans-rainbowfish/,/compatibility/mystery-snail/,Ensure both owner links
/compatibility/bosemans-rainbowfish-and-neon-rainbowfish/,bosemans-rainbowfish,neon-rainbowfish,False,False,/compatibility/bosemans-rainbowfish/,/compatibility/neon-rainbowfish/,Ensure both owner links
/compatibility/bosemans-rainbowfish-and-neon-tetra/,bosemans-rainbowfish,neon-tetra,False,False,/compatibility/bosemans-rainbowfish/,/compatibility/neon-tetra/,Ensure both owner links
/compatibility/bosemans-rainbowfish-and-nerite-snail/,bosemans-rainbowfish,nerite-snail,False,False,/compatibility/bosemans-rainbowfish/,/compatibility/nerite-snail/,Ensure both owner links
/compatibility/bosemans-rainbowfish-and-oscar/,bosemans-rainbowfish,oscar,False,False,/compatibility/bosemans-rainbowfish/,/guides/oscar-fish-care/tank-mates/,Ensure both owner links
/compatibility/bosemans-rainbowfish-and-otocinclus/,bosemans-rainbowfish,otocinclus,False,False,/compatibility/bosemans-rainbowfish/,/compatibility/otocinclus/,Ensure both owner links
/compatibility/bosemans-rainbowfish-and-pajama-cardinalfish/,bosemans-rainbowfish,pajama-cardinalfish,False,False,/compatibility/bosemans-rainbowfish/,/compatibility/pajama-cardinalfish/,Ensure both owner links
/compatibility/bosemans-rainbowfish-and-panda-cory/,bosemans-rainbowfish,panda-cory,False,False,/compatibility/bosemans-rainbowfish/,/compatibility/panda-cory/,Ensure both owner links
/compatibility/bosemans-rainbowfish-and-pea-puffer/,bosemans-rainbowfish,pea-puffer,False,False,/compatibility/bosemans-rainbowfish/,/compatibility/pea-puffer/,Ensure both owner links
/compatibility/bosemans-rainbowfish-and-peacock-cichlid/,bosemans-rainbowfish,peacock-cichlid,False,False,/compatibility/bosemans-rainbowfish/,/compatibility/peacock-cichlid/,Ensure both owner links
/compatibility/bosemans-rainbowfish-and-pearl-danio/,bosemans-rainbowfish,pearl-danio,False,False,/compatibility/bosemans-rainbowfish/,/compatibility/pearl-danio/,Ensure both owner links
/compatibility/bosemans-rainbowfish-and-peppered-cory/,bosemans-rainbowfish,peppered-cory,False,False,/compatibility/bosemans-rainbowfish/,/compatibility/peppered-cory/,Ensure both owner links
/compatibility/bosemans-rainbowfish-and-percula-clownfish/,bosemans-rainbowfish,percula-clownfish,False,False,/compatibility/bosemans-rainbowfish/,/compatibility/percula-clownfish/,Ensure both owner links
/compatibility/bosemans-rainbowfish-and-platy/,bosemans-rainbowfish,platy,False,False,/compatibility/bosemans-rainbowfish/,/compatibility/platy/,Ensure both owner links
/compatibility/bosemans-rainbowfish-and-pygmy-corydoras/,bosemans-rainbowfish,pygmy-corydoras,False,False,/compatibility/bosemans-rainbowfish/,/compatibility/pygmy-corydoras/,Ensure both owner links
/compatibility/bosemans-rainbowfish-and-rainbow-shark/,bosemans-rainbowfish,rainbow-shark,False,False,/compatibility/bosemans-rainbowfish/,/compatibility/rainbow-shark/,Ensure both owner links
/compatibility/bosemans-rainbowfish-and-red-eye-tetra/,bosemans-rainbowfish,red-eye-tetra,False,False,/compatibility/bosemans-rainbowfish/,/compatibility/red-eye-tetra/,Ensure both owner links
/compatibility/bosemans-rainbowfish-and-rosy-barb/,bosemans-rainbowfish,rosy-barb,False,False,/compatibility/bosemans-rainbowfish/,/compatibility/rosy-barb/,Ensure both owner links
/compatibility/bosemans-rainbowfish-and-royal-gramma/,bosemans-rainbowfish,royal-gramma,False,False,/compatibility/bosemans-rainbowfish/,/compatibility/royal-gramma/,Ensure both owner links
/compatibility/bosemans-rainbowfish-and-senegal-bichir/,bosemans-rainbowfish,senegal-bichir,False,False,/compatibility/bosemans-rainbowfish/,/compatibility/senegal-bichir/,Ensure both owner links
/compatibility/bosemans-rainbowfish-and-serpae-tetra/,bosemans-rainbowfish,serpae-tetra,False,False,/compatibility/bosemans-rainbowfish/,/compatibility/serpae-tetra/,Ensure both owner links
/compatibility/bosemans-rainbowfish-and-severum-cichlid/,bosemans-rainbowfish,severum-cichlid,False,False,/compatibility/bosemans-rainbowfish/,/compatibility/severum-cichlid/,Ensure both owner links
/compatibility/bosemans-rainbowfish-and-silver-arowana/,bosemans-rainbowfish,silver-arowana,False,False,/compatibility/bosemans-rainbowfish/,/compatibility/silver-arowana/,Ensure both owner links
/compatibility/bosemans-rainbowfish-and-silver-dollar/,bosemans-rainbowfish,silver-dollar,False,False,/compatibility/bosemans-rainbowfish/,/compatibility/silver-dollar/,Ensure both owner links
/compatibility/bosemans-rainbowfish-and-sparkling-gourami/,bosemans-rainbowfish,sparkling-gourami,False,False,/compatibility/bosemans-rainbowfish/,/compatibility/sparkling-gourami/,Ensure both owner links
/compatibility/bosemans-rainbowfish-and-sterbai-cory/,bosemans-rainbowfish,sterbai-cory,False,False,/compatibility/bosemans-rainbowfish/,/compatibility/sterbai-cory/,Ensure both owner links
/compatibility/bosemans-rainbowfish-and-swordtail/,bosemans-rainbowfish,swordtail,False,False,/compatibility/bosemans-rainbowfish/,/compatibility/swordtail/,Ensure both owner links
/compatibility/bosemans-rainbowfish-and-texas-cichlid/,bosemans-rainbowfish,texas-cichlid,False,False,/compatibility/bosemans-rainbowfish/,/compatibility/texas-cichlid/,Ensure both owner links
/compatibility/bosemans-rainbowfish-and-threadfin-rainbowfish/,bosemans-rainbowfish,threadfin-rainbowfish,False,False,/compatibility/bosemans-rainbowfish/,/compatibility/threadfin-rainbowfish/,Ensure both owner links
/compatibility/bosemans-rainbowfish-and-three-spot-gourami/,bosemans-rainbowfish,three-spot-gourami,False,False,/compatibility/bosemans-rainbowfish/,/compatibility/three-spot-gourami/,Ensure both owner links
/compatibility/bosemans-rainbowfish-and-tiger-barb/,bosemans-rainbowfish,tiger-barb,False,False,/compatibility/bosemans-rainbowfish/,/compatibility/tiger-barb/,Ensure both owner links
/compatibility/bosemans-rainbowfish-and-watchman-goby/,bosemans-rainbowfish,watchman-goby,False,False,/compatibility/bosemans-rainbowfish/,/compatibility/watchman-goby/,Ensure both owner links
/compatibility/bosemans-rainbowfish-and-weather-loach/,bosemans-rainbowfish,weather-loach,False,False,/compatibility/bosemans-rainbowfish/,/compatibility/weather-loach/,Ensure both owner links
/compatibility/bosemans-rainbowfish-and-x-ray-tetra/,bosemans-rainbowfish,x-ray-tetra,False,False,/compatibility/bosemans-rainbowfish/,/compatibility/x-ray-tetra/,Ensure both owner links
/compatibility/bosemans-rainbowfish-and-yellow-tang/,bosemans-rainbowfish,yellow-tang,False,False,/compatibility/bosemans-rainbowfish/,/compatibility/yellow-tang/,Ensure both owner links
/compatibility/bosemans-rainbowfish-and-yoyo-loach/,bosemans-rainbowfish,yoyo-loach,False,False,/compatibility/bosemans-rainbowfish/,/compatibility/yoyo-loach/,Ensure both owner links
/compatibility/bosemans-rainbowfish-and-zebra-danio/,bosemans-rainbowfish,zebra-danio,False,False,/compatibility/bosemans-rainbowfish/,/compatibility/zebra-danio/,Ensure both owner links
/compatibility/bosemans-rainbowfish-and-zebra-loach/,bosemans-rainbowfish,zebra-loach,False,False,/compatibility/bosemans-rainbowfish/,/compatibility/zebra-loach/,Ensure both owner links
/compatibility/bosemans-rainbowfish-and-zebra-pleco/,bosemans-rainbowfish,zebra-pleco,False,False,/compatibility/bosemans-rainbowfish/,/compatibility/zebra-pleco/,Ensure both owner links
/compatibility/bristlenose-pleco-and-cardinal-tetra/,bristlenose-pleco,cardinal-tetra,False,False,/compatibility/bristlenose-pleco/,/compatibility/cardinal-tetra/,Ensure both owner links
/compatibility/bristlenose-pleco-and-cherry-barb/,bristlenose-pleco,cherry-barb,False,False,/compatibility/bristlenose-pleco/,/compatibility/cherry-barb/,Ensure both owner links
/compatibility/bristlenose-pleco-and-cherry-shrimp/,bristlenose-pleco,cherry-shrimp,False,False,/compatibility/bristlenose-pleco/,/compatibility/cherry-shrimp/,Ensure both owner links
/compatibility/bristlenose-pleco-and-chili-rasbora/,bristlenose-pleco,chili-rasbora,False,False,/compatibility/bristlenose-pleco/,/compatibility/chili-rasbora/,Ensure both owner links
/compatibility/bristlenose-pleco-and-clown-knifefish/,bristlenose-pleco,clown-knifefish,False,False,/compatibility/bristlenose-pleco/,/compatibility/clown-knifefish/,Ensure both owner links
/compatibility/bristlenose-pleco-and-clown-loach/,bristlenose-pleco,clown-loach,False,False,/compatibility/bristlenose-pleco/,/compatibility/clown-loach/,Ensure both owner links
/compatibility/bristlenose-pleco-and-clown-pleco/,bristlenose-pleco,clown-pleco,False,False,/compatibility/bristlenose-pleco/,/compatibility/clown-pleco/,Ensure both owner links
/compatibility/bristlenose-pleco-and-congo-tetra/,bristlenose-pleco,congo-tetra,False,False,/compatibility/bristlenose-pleco/,/compatibility/congo-tetra/,Ensure both owner links
/compatibility/bristlenose-pleco-and-coral-beauty/,bristlenose-pleco,coral-beauty,False,False,/compatibility/bristlenose-pleco/,/compatibility/coral-beauty/,Ensure both owner links
/compatibility/bristlenose-pleco-and-corydoras/,bristlenose-pleco,corydoras,False,False,/compatibility/bristlenose-pleco/,/compatibility/corydoras/,Ensure both owner links
/compatibility/bristlenose-pleco-and-denison-barb/,bristlenose-pleco,denison-barb,False,False,/compatibility/bristlenose-pleco/,/compatibility/denison-barb/,Ensure both owner links
/compatibility/bristlenose-pleco-and-diamond-tetra/,bristlenose-pleco,diamond-tetra,False,False,/compatibility/bristlenose-pleco/,/compatibility/diamond-tetra/,Ensure both owner links
/compatibility/bristlenose-pleco-and-discus/,bristlenose-pleco,discus,False,False,/compatibility/bristlenose-pleco/,/guides/discus-fish-care/tank-mates/,Ensure both owner links
/compatibility/bristlenose-pleco-and-dwarf-chain-loach/,bristlenose-pleco,dwarf-chain-loach,False,False,/compatibility/bristlenose-pleco/,/compatibility/dwarf-chain-loach/,Ensure both owner links
/compatibility/bristlenose-pleco-and-dwarf-gourami/,bristlenose-pleco,dwarf-gourami,False,False,/compatibility/bristlenose-pleco/,/compatibility/dwarf-gourami/,Ensure both owner links
/compatibility/bristlenose-pleco-and-electric-yellow-cichlid/,bristlenose-pleco,electric-yellow-cichlid,False,False,/compatibility/bristlenose-pleco/,/compatibility/electric-yellow-cichlid/,Ensure both owner links
/compatibility/bristlenose-pleco-and-ember-tetra/,bristlenose-pleco,ember-tetra,False,False,/compatibility/bristlenose-pleco/,/compatibility/ember-tetra/,Ensure both owner links
/compatibility/bristlenose-pleco-and-fire-eel/,bristlenose-pleco,fire-eel,False,False,/compatibility/bristlenose-pleco/,/compatibility/fire-eel/,Ensure both owner links
/compatibility/bristlenose-pleco-and-firefish-goby/,bristlenose-pleco,firefish-goby,False,False,/compatibility/bristlenose-pleco/,/compatibility/firefish-goby/,Ensure both owner links
/compatibility/bristlenose-pleco-and-flame-angelfish/,bristlenose-pleco,flame-angelfish,False,False,/compatibility/bristlenose-pleco/,/compatibility/flame-angelfish/,Ensure both owner links
/compatibility/bristlenose-pleco-and-foxface-rabbitfish/,bristlenose-pleco,foxface-rabbitfish,False,False,/compatibility/bristlenose-pleco/,/compatibility/foxface-rabbitfish/,Ensure both owner links
/compatibility/bristlenose-pleco-and-frontosa-cichlid/,bristlenose-pleco,frontosa-cichlid,False,False,/compatibility/bristlenose-pleco/,/compatibility/frontosa-cichlid/,Ensure both owner links
/compatibility/bristlenose-pleco-and-giant-danio/,bristlenose-pleco,giant-danio,False,False,/compatibility/bristlenose-pleco/,/compatibility/giant-danio/,Ensure both owner links
/compatibility/bristlenose-pleco-and-glass-catfish/,bristlenose-pleco,glass-catfish,False,False,/compatibility/bristlenose-pleco/,/compatibility/glass-catfish/,Ensure both owner links
/compatibility/bristlenose-pleco-and-glowlight-danio/,bristlenose-pleco,glowlight-danio,False,False,/compatibility/bristlenose-pleco/,/compatibility/glowlight-danio/,Ensure both owner links
/compatibility/bristlenose-pleco-and-glowlight-tetra/,bristlenose-pleco,glowlight-tetra,False,False,/compatibility/bristlenose-pleco/,/compatibility/glowlight-tetra/,Ensure both owner links
/compatibility/bristlenose-pleco-and-goldfish/,bristlenose-pleco,goldfish,False,False,/compatibility/bristlenose-pleco/,/compatibility/goldfish/,Ensure both owner links
/compatibility/bristlenose-pleco-and-green-terror-cichlid/,bristlenose-pleco,green-terror-cichlid,False,False,/compatibility/bristlenose-pleco/,/compatibility/green-terror-cichlid/,Ensure both owner links
/compatibility/bristlenose-pleco-and-guppy/,bristlenose-pleco,guppy,False,False,/compatibility/bristlenose-pleco/,/compatibility/guppy/,Ensure both owner links
/compatibility/bristlenose-pleco-and-harlequin-rasbora/,bristlenose-pleco,harlequin-rasbora,False,False,/compatibility/bristlenose-pleco/,/compatibility/harlequin-rasbora/,Ensure both owner links
/compatibility/bristlenose-pleco-and-hillstream-loach/,bristlenose-pleco,hillstream-loach,False,False,/compatibility/bristlenose-pleco/,/compatibility/hillstream-loach/,Ensure both owner links
/compatibility/bristlenose-pleco-and-honey-gourami/,bristlenose-pleco,honey-gourami,False,False,/compatibility/bristlenose-pleco/,/compatibility/honey-gourami/,Ensure both owner links
/compatibility/bristlenose-pleco-and-jewel-cichlid/,bristlenose-pleco,jewel-cichlid,False,False,/compatibility/bristlenose-pleco/,/compatibility/jewel-cichlid/,Ensure both owner links
/compatibility/bristlenose-pleco-and-julii-cory/,bristlenose-pleco,julii-cory,False,False,/compatibility/bristlenose-pleco/,/compatibility/julii-cory/,Ensure both owner links
/compatibility/bristlenose-pleco-and-keyhole-cichlid/,bristlenose-pleco,keyhole-cichlid,False,False,/compatibility/bristlenose-pleco/,/compatibility/keyhole-cichlid/,Ensure both owner links
/compatibility/bristlenose-pleco-and-koi/,bristlenose-pleco,koi,False,False,/compatibility/bristlenose-pleco/,/guides/koi-fish-care/tank-mates/,Ensure both owner links
/compatibility/bristlenose-pleco-and-kuhli-loach/,bristlenose-pleco,kuhli-loach,False,False,/compatibility/bristlenose-pleco/,/compatibility/kuhli-loach/,Ensure both owner links
/compatibility/bristlenose-pleco-and-lemon-tetra/,bristlenose-pleco,lemon-tetra,False,False,/compatibility/bristlenose-pleco/,/compatibility/lemon-tetra/,Ensure both owner links
/compatibility/bristlenose-pleco-and-lionfish/,bristlenose-pleco,lionfish,False,False,/compatibility/bristlenose-pleco/,/compatibility/lionfish/,Ensure both owner links
/compatibility/bristlenose-pleco-and-molly/,bristlenose-pleco,molly,False,False,/compatibility/bristlenose-pleco/,/compatibility/molly/,Ensure both owner links
/compatibility/bristlenose-pleco-and-moonlight-gourami/,bristlenose-pleco,moonlight-gourami,False,False,/compatibility/bristlenose-pleco/,/compatibility/moonlight-gourami/,Ensure both owner links
/compatibility/bristlenose-pleco-and-mystery-snail/,bristlenose-pleco,mystery-snail,False,False,/compatibility/bristlenose-pleco/,/compatibility/mystery-snail/,Ensure both owner links
/compatibility/bristlenose-pleco-and-neon-rainbowfish/,bristlenose-pleco,neon-rainbowfish,False,False,/compatibility/bristlenose-pleco/,/compatibility/neon-rainbowfish/,Ensure both owner links
/compatibility/bristlenose-pleco-and-neon-tetra/,bristlenose-pleco,neon-tetra,False,False,/compatibility/bristlenose-pleco/,/compatibility/neon-tetra/,Ensure both owner links
/compatibility/bristlenose-pleco-and-nerite-snail/,bristlenose-pleco,nerite-snail,False,False,/compatibility/bristlenose-pleco/,/compatibility/nerite-snail/,Ensure both owner links
/compatibility/bristlenose-pleco-and-oscar/,bristlenose-pleco,oscar,False,False,/compatibility/bristlenose-pleco/,/guides/oscar-fish-care/tank-mates/,Ensure both owner links
/compatibility/bristlenose-pleco-and-otocinclus/,bristlenose-pleco,otocinclus,False,False,/compatibility/bristlenose-pleco/,/compatibility/otocinclus/,Ensure both owner links
/compatibility/bristlenose-pleco-and-pajama-cardinalfish/,bristlenose-pleco,pajama-cardinalfish,False,False,/compatibility/bristlenose-pleco/,/compatibility/pajama-cardinalfish/,Ensure both owner links
/compatibility/bristlenose-pleco-and-panda-cory/,bristlenose-pleco,panda-cory,False,False,/compatibility/bristlenose-pleco/,/compatibility/panda-cory/,Ensure both owner links
/compatibility/bristlenose-pleco-and-pea-puffer/,bristlenose-pleco,pea-puffer,False,False,/compatibility/bristlenose-pleco/,/compatibility/pea-puffer/,Ensure both owner links
/compatibility/bristlenose-pleco-and-peacock-cichlid/,bristlenose-pleco,peacock-cichlid,False,False,/compatibility/bristlenose-pleco/,/compatibility/peacock-cichlid/,Ensure both owner links
/compatibility/bristlenose-pleco-and-pearl-danio/,bristlenose-pleco,pearl-danio,False,False,/compatibility/bristlenose-pleco/,/compatibility/pearl-danio/,Ensure both owner links
/compatibility/bristlenose-pleco-and-peppered-cory/,bristlenose-pleco,peppered-cory,False,False,/compatibility/bristlenose-pleco/,/compatibility/peppered-cory/,Ensure both owner links
/compatibility/bristlenose-pleco-and-percula-clownfish/,bristlenose-pleco,percula-clownfish,False,False,/compatibility/bristlenose-pleco/,/compatibility/percula-clownfish/,Ensure both owner links
/compatibility/bristlenose-pleco-and-platy/,bristlenose-pleco,platy,False,False,/compatibility/bristlenose-pleco/,/compatibility/platy/,Ensure both owner links
/compatibility/bristlenose-pleco-and-pygmy-corydoras/,bristlenose-pleco,pygmy-corydoras,False,False,/compatibility/bristlenose-pleco/,/compatibility/pygmy-corydoras/,Ensure both owner links
/compatibility/bristlenose-pleco-and-rainbow-shark/,bristlenose-pleco,rainbow-shark,False,False,/compatibility/bristlenose-pleco/,/compatibility/rainbow-shark/,Ensure both owner links
/compatibility/bristlenose-pleco-and-red-eye-tetra/,bristlenose-pleco,red-eye-tetra,False,False,/compatibility/bristlenose-pleco/,/compatibility/red-eye-tetra/,Ensure both owner links
/compatibility/bristlenose-pleco-and-rosy-barb/,bristlenose-pleco,rosy-barb,False,False,/compatibility/bristlenose-pleco/,/compatibility/rosy-barb/,Ensure both owner links
/compatibility/bristlenose-pleco-and-royal-gramma/,bristlenose-pleco,royal-gramma,False,False,/compatibility/bristlenose-pleco/,/compatibility/royal-gramma/,Ensure both owner links
/compatibility/bristlenose-pleco-and-senegal-bichir/,bristlenose-pleco,senegal-bichir,False,False,/compatibility/bristlenose-pleco/,/compatibility/senegal-bichir/,Ensure both owner links
/compatibility/bristlenose-pleco-and-serpae-tetra/,bristlenose-pleco,serpae-tetra,False,False,/compatibility/bristlenose-pleco/,/compatibility/serpae-tetra/,Ensure both owner links
/compatibility/bristlenose-pleco-and-severum-cichlid/,bristlenose-pleco,severum-cichlid,False,False,/compatibility/bristlenose-pleco/,/compatibility/severum-cichlid/,Ensure both owner links
/compatibility/bristlenose-pleco-and-silver-arowana/,bristlenose-pleco,silver-arowana,False,False,/compatibility/bristlenose-pleco/,/compatibility/silver-arowana/,Ensure both owner links
/compatibility/bristlenose-pleco-and-silver-dollar/,bristlenose-pleco,silver-dollar,False,False,/compatibility/bristlenose-pleco/,/compatibility/silver-dollar/,Ensure both owner links
/compatibility/bristlenose-pleco-and-sparkling-gourami/,bristlenose-pleco,sparkling-gourami,False,False,/compatibility/bristlenose-pleco/,/compatibility/sparkling-gourami/,Ensure both owner links
/compatibility/bristlenose-pleco-and-sterbai-cory/,bristlenose-pleco,sterbai-cory,False,False,/compatibility/bristlenose-pleco/,/compatibility/sterbai-cory/,Ensure both owner links
/compatibility/bristlenose-pleco-and-swordtail/,bristlenose-pleco,swordtail,False,False,/compatibility/bristlenose-pleco/,/compatibility/swordtail/,Ensure both owner links
/compatibility/bristlenose-pleco-and-texas-cichlid/,bristlenose-pleco,texas-cichlid,False,False,/compatibility/bristlenose-pleco/,/compatibility/texas-cichlid/,Ensure both owner links
/compatibility/bristlenose-pleco-and-threadfin-rainbowfish/,bristlenose-pleco,threadfin-rainbowfish,False,False,/compatibility/bristlenose-pleco/,/compatibility/threadfin-rainbowfish/,Ensure both owner links
/compatibility/bristlenose-pleco-and-three-spot-gourami/,bristlenose-pleco,three-spot-gourami,False,False,/compatibility/bristlenose-pleco/,/compatibility/three-spot-gourami/,Ensure both owner links
/compatibility/bristlenose-pleco-and-tiger-barb/,bristlenose-pleco,tiger-barb,False,False,/compatibility/bristlenose-pleco/,/compatibility/tiger-barb/,Ensure both owner links
/compatibility/bristlenose-pleco-and-watchman-goby/,bristlenose-pleco,watchman-goby,False,False,/compatibility/bristlenose-pleco/,/compatibility/watchman-goby/,Ensure both owner links
/compatibility/bristlenose-pleco-and-weather-loach/,bristlenose-pleco,weather-loach,False,False,/compatibility/bristlenose-pleco/,/compatibility/weather-loach/,Ensure both owner links
/compatibility/bristlenose-pleco-and-x-ray-tetra/,bristlenose-pleco,x-ray-tetra,False,False,/compatibility/bristlenose-pleco/,/compatibility/x-ray-tetra/,Ensure both owner links
/compatibility/bristlenose-pleco-and-yellow-tang/,bristlenose-pleco,yellow-tang,False,False,/compatibility/bristlenose-pleco/,/compatibility/yellow-tang/,Ensure both owner links
/compatibility/bristlenose-pleco-and-yoyo-loach/,bristlenose-pleco,yoyo-loach,False,False,/compatibility/bristlenose-pleco/,/compatibility/yoyo-loach/,Ensure both owner links
/compatibility/bristlenose-pleco-and-zebra-danio/,bristlenose-pleco,zebra-danio,False,False,/compatibility/bristlenose-pleco/,/compatibility/zebra-danio/,Ensure both owner links
/compatibility/bristlenose-pleco-and-zebra-loach/,bristlenose-pleco,zebra-loach,False,False,/compatibility/bristlenose-pleco/,/compatibility/zebra-loach/,Ensure both owner links
/compatibility/bristlenose-pleco-and-zebra-pleco/,bristlenose-pleco,zebra-pleco,False,False,/compatibility/bristlenose-pleco/,/compatibility/zebra-pleco/,Ensure both owner links
/compatibility/cardinal-tetra-and-cherry-barb/,cardinal-tetra,cherry-barb,False,False,/compatibility/cardinal-tetra/,/compatibility/cherry-barb/,Ensure both owner links
/compatibility/cardinal-tetra-and-cherry-shrimp/,cardinal-tetra,cherry-shrimp,False,False,/compatibility/cardinal-tetra/,/compatibility/cherry-shrimp/,Ensure both owner links
/compatibility/cardinal-tetra-and-chili-rasbora/,cardinal-tetra,chili-rasbora,False,False,/compatibility/cardinal-tetra/,/compatibility/chili-rasbora/,Ensure both owner links
/compatibility/cardinal-tetra-and-clown-knifefish/,cardinal-tetra,clown-knifefish,False,False,/compatibility/cardinal-tetra/,/compatibility/clown-knifefish/,Ensure both owner links
/compatibility/cardinal-tetra-and-clown-loach/,cardinal-tetra,clown-loach,False,False,/compatibility/cardinal-tetra/,/compatibility/clown-loach/,Ensure both owner links
/compatibility/cardinal-tetra-and-clown-pleco/,cardinal-tetra,clown-pleco,False,False,/compatibility/cardinal-tetra/,/compatibility/clown-pleco/,Ensure both owner links
/compatibility/cardinal-tetra-and-congo-tetra/,cardinal-tetra,congo-tetra,False,False,/compatibility/cardinal-tetra/,/compatibility/congo-tetra/,Ensure both owner links
/compatibility/cardinal-tetra-and-coral-beauty/,cardinal-tetra,coral-beauty,False,False,/compatibility/cardinal-tetra/,/compatibility/coral-beauty/,Ensure both owner links
/compatibility/cardinal-tetra-and-corydoras/,cardinal-tetra,corydoras,False,False,/compatibility/cardinal-tetra/,/compatibility/corydoras/,Ensure both owner links
/compatibility/cardinal-tetra-and-denison-barb/,cardinal-tetra,denison-barb,False,False,/compatibility/cardinal-tetra/,/compatibility/denison-barb/,Ensure both owner links
/compatibility/cardinal-tetra-and-diamond-tetra/,cardinal-tetra,diamond-tetra,False,False,/compatibility/cardinal-tetra/,/compatibility/diamond-tetra/,Ensure both owner links
/compatibility/cardinal-tetra-and-discus/,cardinal-tetra,discus,False,False,/compatibility/cardinal-tetra/,/guides/discus-fish-care/tank-mates/,Ensure both owner links
/compatibility/cardinal-tetra-and-dwarf-chain-loach/,cardinal-tetra,dwarf-chain-loach,False,False,/compatibility/cardinal-tetra/,/compatibility/dwarf-chain-loach/,Ensure both owner links
/compatibility/cardinal-tetra-and-dwarf-gourami/,cardinal-tetra,dwarf-gourami,False,False,/compatibility/cardinal-tetra/,/compatibility/dwarf-gourami/,Ensure both owner links
/compatibility/cardinal-tetra-and-electric-yellow-cichlid/,cardinal-tetra,electric-yellow-cichlid,False,False,/compatibility/cardinal-tetra/,/compatibility/electric-yellow-cichlid/,Ensure both owner links
/compatibility/cardinal-tetra-and-ember-tetra/,cardinal-tetra,ember-tetra,False,False,/compatibility/cardinal-tetra/,/compatibility/ember-tetra/,Ensure both owner links
/compatibility/cardinal-tetra-and-fire-eel/,cardinal-tetra,fire-eel,False,False,/compatibility/cardinal-tetra/,/compatibility/fire-eel/,Ensure both owner links
/compatibility/cardinal-tetra-and-firefish-goby/,cardinal-tetra,firefish-goby,False,False,/compatibility/cardinal-tetra/,/compatibility/firefish-goby/,Ensure both owner links
/compatibility/cardinal-tetra-and-flame-angelfish/,cardinal-tetra,flame-angelfish,False,False,/compatibility/cardinal-tetra/,/compatibility/flame-angelfish/,Ensure both owner links
/compatibility/cardinal-tetra-and-foxface-rabbitfish/,cardinal-tetra,foxface-rabbitfish,False,False,/compatibility/cardinal-tetra/,/compatibility/foxface-rabbitfish/,Ensure both owner links
/compatibility/cardinal-tetra-and-frontosa-cichlid/,cardinal-tetra,frontosa-cichlid,False,False,/compatibility/cardinal-tetra/,/compatibility/frontosa-cichlid/,Ensure both owner links
/compatibility/cardinal-tetra-and-giant-danio/,cardinal-tetra,giant-danio,False,False,/compatibility/cardinal-tetra/,/compatibility/giant-danio/,Ensure both owner links
/compatibility/cardinal-tetra-and-glass-catfish/,cardinal-tetra,glass-catfish,False,False,/compatibility/cardinal-tetra/,/compatibility/glass-catfish/,Ensure both owner links
/compatibility/cardinal-tetra-and-glowlight-danio/,cardinal-tetra,glowlight-danio,False,False,/compatibility/cardinal-tetra/,/compatibility/glowlight-danio/,Ensure both owner links
/compatibility/cardinal-tetra-and-glowlight-tetra/,cardinal-tetra,glowlight-tetra,False,False,/compatibility/cardinal-tetra/,/compatibility/glowlight-tetra/,Ensure both owner links
/compatibility/cardinal-tetra-and-goldfish/,cardinal-tetra,goldfish,False,False,/compatibility/cardinal-tetra/,/compatibility/goldfish/,Ensure both owner links
/compatibility/cardinal-tetra-and-green-terror-cichlid/,cardinal-tetra,green-terror-cichlid,False,False,/compatibility/cardinal-tetra/,/compatibility/green-terror-cichlid/,Ensure both owner links
/compatibility/cardinal-tetra-and-guppy/,cardinal-tetra,guppy,False,False,/compatibility/cardinal-tetra/,/compatibility/guppy/,Ensure both owner links
/compatibility/cardinal-tetra-and-harlequin-rasbora/,cardinal-tetra,harlequin-rasbora,False,False,/compatibility/cardinal-tetra/,/compatibility/harlequin-rasbora/,Ensure both owner links
/compatibility/cardinal-tetra-and-hillstream-loach/,cardinal-tetra,hillstream-loach,False,False,/compatibility/cardinal-tetra/,/compatibility/hillstream-loach/,Ensure both owner links
/compatibility/cardinal-tetra-and-honey-gourami/,cardinal-tetra,honey-gourami,False,False,/compatibility/cardinal-tetra/,/compatibility/honey-gourami/,Ensure both owner links
/compatibility/cardinal-tetra-and-jewel-cichlid/,cardinal-tetra,jewel-cichlid,False,False,/compatibility/cardinal-tetra/,/compatibility/jewel-cichlid/,Ensure both owner links
/compatibility/cardinal-tetra-and-julii-cory/,cardinal-tetra,julii-cory,False,False,/compatibility/cardinal-tetra/,/compatibility/julii-cory/,Ensure both owner links
/compatibility/cardinal-tetra-and-keyhole-cichlid/,cardinal-tetra,keyhole-cichlid,False,False,/compatibility/cardinal-tetra/,/compatibility/keyhole-cichlid/,Ensure both owner links
/compatibility/cardinal-tetra-and-koi/,cardinal-tetra,koi,False,False,/compatibility/cardinal-tetra/,/guides/koi-fish-care/tank-mates/,Ensure both owner links
/compatibility/cardinal-tetra-and-kuhli-loach/,cardinal-tetra,kuhli-loach,False,False,/compatibility/cardinal-tetra/,/compatibility/kuhli-loach/,Ensure both owner links
/compatibility/cardinal-tetra-and-lemon-tetra/,cardinal-tetra,lemon-tetra,False,False,/compatibility/cardinal-tetra/,/compatibility/lemon-tetra/,Ensure both owner links
/compatibility/cardinal-tetra-and-lionfish/,cardinal-tetra,lionfish,False,False,/compatibility/cardinal-tetra/,/compatibility/lionfish/,Ensure both owner links
/compatibility/cardinal-tetra-and-molly/,cardinal-tetra,molly,False,False,/compatibility/cardinal-tetra/,/compatibility/molly/,Ensure both owner links
/compatibility/cardinal-tetra-and-moonlight-gourami/,cardinal-tetra,moonlight-gourami,False,False,/compatibility/cardinal-tetra/,/compatibility/moonlight-gourami/,Ensure both owner links
/compatibility/cardinal-tetra-and-mystery-snail/,cardinal-tetra,mystery-snail,False,False,/compatibility/cardinal-tetra/,/compatibility/mystery-snail/,Ensure both owner links
/compatibility/cardinal-tetra-and-neon-rainbowfish/,cardinal-tetra,neon-rainbowfish,False,False,/compatibility/cardinal-tetra/,/compatibility/neon-rainbowfish/,Ensure both owner links
/compatibility/cardinal-tetra-and-neon-tetra/,cardinal-tetra,neon-tetra,False,False,/compatibility/cardinal-tetra/,/compatibility/neon-tetra/,Ensure both owner links
/compatibility/cardinal-tetra-and-nerite-snail/,cardinal-tetra,nerite-snail,False,False,/compatibility/cardinal-tetra/,/compatibility/nerite-snail/,Ensure both owner links
/compatibility/cardinal-tetra-and-oscar/,cardinal-tetra,oscar,False,False,/compatibility/cardinal-tetra/,/guides/oscar-fish-care/tank-mates/,Ensure both owner links
/compatibility/cardinal-tetra-and-otocinclus/,cardinal-tetra,otocinclus,False,False,/compatibility/cardinal-tetra/,/compatibility/otocinclus/,Ensure both owner links
/compatibility/cardinal-tetra-and-pajama-cardinalfish/,cardinal-tetra,pajama-cardinalfish,False,False,/compatibility/cardinal-tetra/,/compatibility/pajama-cardinalfish/,Ensure both owner links
/compatibility/cardinal-tetra-and-panda-cory/,cardinal-tetra,panda-cory,False,False,/compatibility/cardinal-tetra/,/compatibility/panda-cory/,Ensure both owner links
/compatibility/cardinal-tetra-and-pea-puffer/,cardinal-tetra,pea-puffer,False,False,/compatibility/cardinal-tetra/,/compatibility/pea-puffer/,Ensure both owner links
/compatibility/cardinal-tetra-and-peacock-cichlid/,cardinal-tetra,peacock-cichlid,False,False,/compatibility/cardinal-tetra/,/compatibility/peacock-cichlid/,Ensure both owner links
/compatibility/cardinal-tetra-and-pearl-danio/,cardinal-tetra,pearl-danio,False,False,/compatibility/cardinal-tetra/,/compatibility/pearl-danio/,Ensure both owner links
/compatibility/cardinal-tetra-and-peppered-cory/,cardinal-tetra,peppered-cory,False,False,/compatibility/cardinal-tetra/,/compatibility/peppered-cory/,Ensure both owner links
/compatibility/cardinal-tetra-and-percula-clownfish/,cardinal-tetra,percula-clownfish,False,False,/compatibility/cardinal-tetra/,/compatibility/percula-clownfish/,Ensure both owner links
/compatibility/cardinal-tetra-and-platy/,cardinal-tetra,platy,False,False,/compatibility/cardinal-tetra/,/compatibility/platy/,Ensure both owner links
/compatibility/cardinal-tetra-and-pygmy-corydoras/,cardinal-tetra,pygmy-corydoras,False,False,/compatibility/cardinal-tetra/,/compatibility/pygmy-corydoras/,Ensure both owner links
/compatibility/cardinal-tetra-and-rainbow-shark/,cardinal-tetra,rainbow-shark,False,False,/compatibility/cardinal-tetra/,/compatibility/rainbow-shark/,Ensure both owner links
/compatibility/cardinal-tetra-and-red-eye-tetra/,cardinal-tetra,red-eye-tetra,False,False,/compatibility/cardinal-tetra/,/compatibility/red-eye-tetra/,Ensure both owner links
/compatibility/cardinal-tetra-and-rosy-barb/,cardinal-tetra,rosy-barb,False,False,/compatibility/cardinal-tetra/,/compatibility/rosy-barb/,Ensure both owner links
/compatibility/cardinal-tetra-and-royal-gramma/,cardinal-tetra,royal-gramma,False,False,/compatibility/cardinal-tetra/,/compatibility/royal-gramma/,Ensure both owner links
/compatibility/cardinal-tetra-and-senegal-bichir/,cardinal-tetra,senegal-bichir,False,False,/compatibility/cardinal-tetra/,/compatibility/senegal-bichir/,Ensure both owner links
/compatibility/cardinal-tetra-and-serpae-tetra/,cardinal-tetra,serpae-tetra,False,False,/compatibility/cardinal-tetra/,/compatibility/serpae-tetra/,Ensure both owner links
/compatibility/cardinal-tetra-and-severum-cichlid/,cardinal-tetra,severum-cichlid,False,False,/compatibility/cardinal-tetra/,/compatibility/severum-cichlid/,Ensure both owner links
/compatibility/cardinal-tetra-and-silver-arowana/,cardinal-tetra,silver-arowana,False,False,/compatibility/cardinal-tetra/,/compatibility/silver-arowana/,Ensure both owner links
/compatibility/cardinal-tetra-and-silver-dollar/,cardinal-tetra,silver-dollar,False,False,/compatibility/cardinal-tetra/,/compatibility/silver-dollar/,Ensure both owner links
/compatibility/cardinal-tetra-and-sparkling-gourami/,cardinal-tetra,sparkling-gourami,False,False,/compatibility/cardinal-tetra/,/compatibility/sparkling-gourami/,Ensure both owner links
/compatibility/cardinal-tetra-and-sterbai-cory/,cardinal-tetra,sterbai-cory,False,False,/compatibility/cardinal-tetra/,/compatibility/sterbai-cory/,Ensure both owner links
/compatibility/cardinal-tetra-and-swordtail/,cardinal-tetra,swordtail,False,False,/compatibility/cardinal-tetra/,/compatibility/swordtail/,Ensure both owner links
/compatibility/cardinal-tetra-and-texas-cichlid/,cardinal-tetra,texas-cichlid,False,False,/compatibility/cardinal-tetra/,/compatibility/texas-cichlid/,Ensure both owner links
/compatibility/cardinal-tetra-and-threadfin-rainbowfish/,cardinal-tetra,threadfin-rainbowfish,False,False,/compatibility/cardinal-tetra/,/compatibility/threadfin-rainbowfish/,Ensure both owner links
/compatibility/cardinal-tetra-and-three-spot-gourami/,cardinal-tetra,three-spot-gourami,False,False,/compatibility/cardinal-tetra/,/compatibility/three-spot-gourami/,Ensure both owner links
/compatibility/cardinal-tetra-and-tiger-barb/,cardinal-tetra,tiger-barb,False,False,/compatibility/cardinal-tetra/,/compatibility/tiger-barb/,Ensure both owner links
/compatibility/cardinal-tetra-and-watchman-goby/,cardinal-tetra,watchman-goby,False,False,/compatibility/cardinal-tetra/,/compatibility/watchman-goby/,Ensure both owner links
/compatibility/cardinal-tetra-and-weather-loach/,cardinal-tetra,weather-loach,False,False,/compatibility/cardinal-tetra/,/compatibility/weather-loach/,Ensure both owner links
/compatibility/cardinal-tetra-and-x-ray-tetra/,cardinal-tetra,x-ray-tetra,False,False,/compatibility/cardinal-tetra/,/compatibility/x-ray-tetra/,Ensure both owner links
/compatibility/cardinal-tetra-and-yellow-tang/,cardinal-tetra,yellow-tang,False,False,/compatibility/cardinal-tetra/,/compatibility/yellow-tang/,Ensure both owner links
/compatibility/cardinal-tetra-and-yoyo-loach/,cardinal-tetra,yoyo-loach,False,False,/compatibility/cardinal-tetra/,/compatibility/yoyo-loach/,Ensure both owner links
/compatibility/cardinal-tetra-and-zebra-danio/,cardinal-tetra,zebra-danio,False,False,/compatibility/cardinal-tetra/,/compatibility/zebra-danio/,Ensure both owner links
/compatibility/cardinal-tetra-and-zebra-loach/,cardinal-tetra,zebra-loach,False,False,/compatibility/cardinal-tetra/,/compatibility/zebra-loach/,Ensure both owner links
/compatibility/cardinal-tetra-and-zebra-pleco/,cardinal-tetra,zebra-pleco,False,False,/compatibility/cardinal-tetra/,/compatibility/zebra-pleco/,Ensure both owner links
/compatibility/cherry-barb-and-cherry-shrimp/,cherry-barb,cherry-shrimp,False,False,/compatibility/cherry-barb/,/compatibility/cherry-shrimp/,Ensure both owner links
/compatibility/cherry-barb-and-chili-rasbora/,cherry-barb,chili-rasbora,False,False,/compatibility/cherry-barb/,/compatibility/chili-rasbora/,Ensure both owner links
/compatibility/cherry-barb-and-clown-knifefish/,cherry-barb,clown-knifefish,False,False,/compatibility/cherry-barb/,/compatibility/clown-knifefish/,Ensure both owner links
/compatibility/cherry-barb-and-clown-loach/,cherry-barb,clown-loach,False,False,/compatibility/cherry-barb/,/compatibility/clown-loach/,Ensure both owner links
/compatibility/cherry-barb-and-clown-pleco/,cherry-barb,clown-pleco,False,False,/compatibility/cherry-barb/,/compatibility/clown-pleco/,Ensure both owner links
/compatibility/cherry-barb-and-congo-tetra/,cherry-barb,congo-tetra,False,False,/compatibility/cherry-barb/,/compatibility/congo-tetra/,Ensure both owner links
/compatibility/cherry-barb-and-coral-beauty/,cherry-barb,coral-beauty,False,False,/compatibility/cherry-barb/,/compatibility/coral-beauty/,Ensure both owner links
/compatibility/cherry-barb-and-corydoras/,cherry-barb,corydoras,False,False,/compatibility/cherry-barb/,/compatibility/corydoras/,Ensure both owner links
/compatibility/cherry-barb-and-denison-barb/,cherry-barb,denison-barb,False,False,/compatibility/cherry-barb/,/compatibility/denison-barb/,Ensure both owner links
/compatibility/cherry-barb-and-diamond-tetra/,cherry-barb,diamond-tetra,False,False,/compatibility/cherry-barb/,/compatibility/diamond-tetra/,Ensure both owner links
/compatibility/cherry-barb-and-discus/,cherry-barb,discus,False,False,/compatibility/cherry-barb/,/guides/discus-fish-care/tank-mates/,Ensure both owner links
/compatibility/cherry-barb-and-dwarf-chain-loach/,cherry-barb,dwarf-chain-loach,False,False,/compatibility/cherry-barb/,/compatibility/dwarf-chain-loach/,Ensure both owner links
/compatibility/cherry-barb-and-dwarf-gourami/,cherry-barb,dwarf-gourami,False,False,/compatibility/cherry-barb/,/compatibility/dwarf-gourami/,Ensure both owner links
/compatibility/cherry-barb-and-electric-yellow-cichlid/,cherry-barb,electric-yellow-cichlid,False,False,/compatibility/cherry-barb/,/compatibility/electric-yellow-cichlid/,Ensure both owner links
/compatibility/cherry-barb-and-ember-tetra/,cherry-barb,ember-tetra,False,False,/compatibility/cherry-barb/,/compatibility/ember-tetra/,Ensure both owner links
/compatibility/cherry-barb-and-fire-eel/,cherry-barb,fire-eel,False,False,/compatibility/cherry-barb/,/compatibility/fire-eel/,Ensure both owner links
/compatibility/cherry-barb-and-firefish-goby/,cherry-barb,firefish-goby,False,False,/compatibility/cherry-barb/,/compatibility/firefish-goby/,Ensure both owner links
/compatibility/cherry-barb-and-flame-angelfish/,cherry-barb,flame-angelfish,False,False,/compatibility/cherry-barb/,/compatibility/flame-angelfish/,Ensure both owner links
/compatibility/cherry-barb-and-foxface-rabbitfish/,cherry-barb,foxface-rabbitfish,False,False,/compatibility/cherry-barb/,/compatibility/foxface-rabbitfish/,Ensure both owner links
/compatibility/cherry-barb-and-frontosa-cichlid/,cherry-barb,frontosa-cichlid,False,False,/compatibility/cherry-barb/,/compatibility/frontosa-cichlid/,Ensure both owner links
/compatibility/cherry-barb-and-giant-danio/,cherry-barb,giant-danio,False,False,/compatibility/cherry-barb/,/compatibility/giant-danio/,Ensure both owner links
/compatibility/cherry-barb-and-glass-catfish/,cherry-barb,glass-catfish,False,False,/compatibility/cherry-barb/,/compatibility/glass-catfish/,Ensure both owner links
/compatibility/cherry-barb-and-glowlight-danio/,cherry-barb,glowlight-danio,False,False,/compatibility/cherry-barb/,/compatibility/glowlight-danio/,Ensure both owner links
/compatibility/cherry-barb-and-glowlight-tetra/,cherry-barb,glowlight-tetra,False,False,/compatibility/cherry-barb/,/compatibility/glowlight-tetra/,Ensure both owner links
/compatibility/cherry-barb-and-goldfish/,cherry-barb,goldfish,False,False,/compatibility/cherry-barb/,/compatibility/goldfish/,Ensure both owner links
/compatibility/cherry-barb-and-green-terror-cichlid/,cherry-barb,green-terror-cichlid,False,False,/compatibility/cherry-barb/,/compatibility/green-terror-cichlid/,Ensure both owner links
/compatibility/cherry-barb-and-guppy/,cherry-barb,guppy,False,False,/compatibility/cherry-barb/,/compatibility/guppy/,Ensure both owner links
/compatibility/cherry-barb-and-harlequin-rasbora/,cherry-barb,harlequin-rasbora,False,False,/compatibility/cherry-barb/,/compatibility/harlequin-rasbora/,Ensure both owner links
/compatibility/cherry-barb-and-hillstream-loach/,cherry-barb,hillstream-loach,False,False,/compatibility/cherry-barb/,/compatibility/hillstream-loach/,Ensure both owner links
/compatibility/cherry-barb-and-honey-gourami/,cherry-barb,honey-gourami,False,False,/compatibility/cherry-barb/,/compatibility/honey-gourami/,Ensure both owner links
/compatibility/cherry-barb-and-jewel-cichlid/,cherry-barb,jewel-cichlid,False,False,/compatibility/cherry-barb/,/compatibility/jewel-cichlid/,Ensure both owner links
/compatibility/cherry-barb-and-julii-cory/,cherry-barb,julii-cory,False,False,/compatibility/cherry-barb/,/compatibility/julii-cory/,Ensure both owner links
/compatibility/cherry-barb-and-keyhole-cichlid/,cherry-barb,keyhole-cichlid,False,False,/compatibility/cherry-barb/,/compatibility/keyhole-cichlid/,Ensure both owner links
/compatibility/cherry-barb-and-koi/,cherry-barb,koi,False,False,/compatibility/cherry-barb/,/guides/koi-fish-care/tank-mates/,Ensure both owner links
/compatibility/cherry-barb-and-kuhli-loach/,cherry-barb,kuhli-loach,False,False,/compatibility/cherry-barb/,/compatibility/kuhli-loach/,Ensure both owner links
/compatibility/cherry-barb-and-lemon-tetra/,cherry-barb,lemon-tetra,False,False,/compatibility/cherry-barb/,/compatibility/lemon-tetra/,Ensure both owner links
/compatibility/cherry-barb-and-lionfish/,cherry-barb,lionfish,False,False,/compatibility/cherry-barb/,/compatibility/lionfish/,Ensure both owner links
/compatibility/cherry-barb-and-molly/,cherry-barb,molly,False,False,/compatibility/cherry-barb/,/compatibility/molly/,Ensure both owner links
/compatibility/cherry-barb-and-moonlight-gourami/,cherry-barb,moonlight-gourami,False,False,/compatibility/cherry-barb/,/compatibility/moonlight-gourami/,Ensure both owner links
/compatibility/cherry-barb-and-mystery-snail/,cherry-barb,mystery-snail,False,False,/compatibility/cherry-barb/,/compatibility/mystery-snail/,Ensure both owner links
/compatibility/cherry-barb-and-neon-rainbowfish/,cherry-barb,neon-rainbowfish,False,False,/compatibility/cherry-barb/,/compatibility/neon-rainbowfish/,Ensure both owner links
/compatibility/cherry-barb-and-neon-tetra/,cherry-barb,neon-tetra,False,False,/compatibility/cherry-barb/,/compatibility/neon-tetra/,Ensure both owner links
/compatibility/cherry-barb-and-nerite-snail/,cherry-barb,nerite-snail,False,False,/compatibility/cherry-barb/,/compatibility/nerite-snail/,Ensure both owner links
/compatibility/cherry-barb-and-oscar/,cherry-barb,oscar,False,False,/compatibility/cherry-barb/,/guides/oscar-fish-care/tank-mates/,Ensure both owner links
/compatibility/cherry-barb-and-otocinclus/,cherry-barb,otocinclus,False,False,/compatibility/cherry-barb/,/compatibility/otocinclus/,Ensure both owner links
/compatibility/cherry-barb-and-pajama-cardinalfish/,cherry-barb,pajama-cardinalfish,False,False,/compatibility/cherry-barb/,/compatibility/pajama-cardinalfish/,Ensure both owner links
/compatibility/cherry-barb-and-panda-cory/,cherry-barb,panda-cory,False,False,/compatibility/cherry-barb/,/compatibility/panda-cory/,Ensure both owner links
/compatibility/cherry-barb-and-pea-puffer/,cherry-barb,pea-puffer,False,False,/compatibility/cherry-barb/,/compatibility/pea-puffer/,Ensure both owner links
/compatibility/cherry-barb-and-peacock-cichlid/,cherry-barb,peacock-cichlid,False,False,/compatibility/cherry-barb/,/compatibility/peacock-cichlid/,Ensure both owner links
/compatibility/cherry-barb-and-pearl-danio/,cherry-barb,pearl-danio,False,False,/compatibility/cherry-barb/,/compatibility/pearl-danio/,Ensure both owner links
/compatibility/cherry-barb-and-peppered-cory/,cherry-barb,peppered-cory,False,False,/compatibility/cherry-barb/,/compatibility/peppered-cory/,Ensure both owner links
/compatibility/cherry-barb-and-percula-clownfish/,cherry-barb,percula-clownfish,False,False,/compatibility/cherry-barb/,/compatibility/percula-clownfish/,Ensure both owner links
/compatibility/cherry-barb-and-platy/,cherry-barb,platy,False,False,/compatibility/cherry-barb/,/compatibility/platy/,Ensure both owner links
/compatibility/cherry-barb-and-pygmy-corydoras/,cherry-barb,pygmy-corydoras,False,False,/compatibility/cherry-barb/,/compatibility/pygmy-corydoras/,Ensure both owner links
/compatibility/cherry-barb-and-rainbow-shark/,cherry-barb,rainbow-shark,False,False,/compatibility/cherry-barb/,/compatibility/rainbow-shark/,Ensure both owner links
/compatibility/cherry-barb-and-red-eye-tetra/,cherry-barb,red-eye-tetra,False,False,/compatibility/cherry-barb/,/compatibility/red-eye-tetra/,Ensure both owner links
/compatibility/cherry-barb-and-rosy-barb/,cherry-barb,rosy-barb,False,False,/compatibility/cherry-barb/,/compatibility/rosy-barb/,Ensure both owner links
/compatibility/cherry-barb-and-royal-gramma/,cherry-barb,royal-gramma,False,False,/compatibility/cherry-barb/,/compatibility/royal-gramma/,Ensure both owner links
/compatibility/cherry-barb-and-senegal-bichir/,cherry-barb,senegal-bichir,False,False,/compatibility/cherry-barb/,/compatibility/senegal-bichir/,Ensure both owner links
/compatibility/cherry-barb-and-serpae-tetra/,cherry-barb,serpae-tetra,False,False,/compatibility/cherry-barb/,/compatibility/serpae-tetra/,Ensure both owner links
/compatibility/cherry-barb-and-severum-cichlid/,cherry-barb,severum-cichlid,False,False,/compatibility/cherry-barb/,/compatibility/severum-cichlid/,Ensure both owner links
/compatibility/cherry-barb-and-silver-arowana/,cherry-barb,silver-arowana,False,False,/compatibility/cherry-barb/,/compatibility/silver-arowana/,Ensure both owner links
/compatibility/cherry-barb-and-silver-dollar/,cherry-barb,silver-dollar,False,False,/compatibility/cherry-barb/,/compatibility/silver-dollar/,Ensure both owner links
/compatibility/cherry-barb-and-sparkling-gourami/,cherry-barb,sparkling-gourami,False,False,/compatibility/cherry-barb/,/compatibility/sparkling-gourami/,Ensure both owner links
/compatibility/cherry-barb-and-sterbai-cory/,cherry-barb,sterbai-cory,False,False,/compatibility/cherry-barb/,/compatibility/sterbai-cory/,Ensure both owner links
/compatibility/cherry-barb-and-swordtail/,cherry-barb,swordtail,False,False,/compatibility/cherry-barb/,/compatibility/swordtail/,Ensure both owner links
/compatibility/cherry-barb-and-texas-cichlid/,cherry-barb,texas-cichlid,False,False,/compatibility/cherry-barb/,/compatibility/texas-cichlid/,Ensure both owner links
/compatibility/cherry-barb-and-threadfin-rainbowfish/,cherry-barb,threadfin-rainbowfish,False,False,/compatibility/cherry-barb/,/compatibility/threadfin-rainbowfish/,Ensure both owner links
/compatibility/cherry-barb-and-three-spot-gourami/,cherry-barb,three-spot-gourami,False,False,/compatibility/cherry-barb/,/compatibility/three-spot-gourami/,Ensure both owner links
/compatibility/cherry-barb-and-tiger-barb/,cherry-barb,tiger-barb,False,False,/compatibility/cherry-barb/,/compatibility/tiger-barb/,Ensure both owner links
/compatibility/cherry-barb-and-watchman-goby/,cherry-barb,watchman-goby,False,False,/compatibility/cherry-barb/,/compatibility/watchman-goby/,Ensure both owner links
/compatibility/cherry-barb-and-weather-loach/,cherry-barb,weather-loach,False,False,/compatibility/cherry-barb/,/compatibility/weather-loach/,Ensure both owner links
/compatibility/cherry-barb-and-x-ray-tetra/,cherry-barb,x-ray-tetra,False,False,/compatibility/cherry-barb/,/compatibility/x-ray-tetra/,Ensure both owner links
/compatibility/cherry-barb-and-yellow-tang/,cherry-barb,yellow-tang,False,False,/compatibility/cherry-barb/,/compatibility/yellow-tang/,Ensure both owner links
/compatibility/cherry-barb-and-yoyo-loach/,cherry-barb,yoyo-loach,False,False,/compatibility/cherry-barb/,/compatibility/yoyo-loach/,Ensure both owner links
/compatibility/cherry-barb-and-zebra-danio/,cherry-barb,zebra-danio,False,False,/compatibility/cherry-barb/,/compatibility/zebra-danio/,Ensure both owner links
/compatibility/cherry-barb-and-zebra-loach/,cherry-barb,zebra-loach,False,False,/compatibility/cherry-barb/,/compatibility/zebra-loach/,Ensure both owner links
/compatibility/cherry-barb-and-zebra-pleco/,cherry-barb,zebra-pleco,False,False,/compatibility/cherry-barb/,/compatibility/zebra-pleco/,Ensure both owner links
/compatibility/cherry-shrimp-and-chili-rasbora/,cherry-shrimp,chili-rasbora,False,False,/compatibility/cherry-shrimp/,/compatibility/chili-rasbora/,Ensure both owner links
/compatibility/cherry-shrimp-and-clown-knifefish/,cherry-shrimp,clown-knifefish,False,False,/compatibility/cherry-shrimp/,/compatibility/clown-knifefish/,Ensure both owner links
/compatibility/cherry-shrimp-and-clown-loach/,cherry-shrimp,clown-loach,False,False,/compatibility/cherry-shrimp/,/compatibility/clown-loach/,Ensure both owner links
/compatibility/cherry-shrimp-and-clown-pleco/,cherry-shrimp,clown-pleco,False,False,/compatibility/cherry-shrimp/,/compatibility/clown-pleco/,Ensure both owner links
/compatibility/cherry-shrimp-and-congo-tetra/,cherry-shrimp,congo-tetra,False,False,/compatibility/cherry-shrimp/,/compatibility/congo-tetra/,Ensure both owner links
/compatibility/cherry-shrimp-and-coral-beauty/,cherry-shrimp,coral-beauty,False,False,/compatibility/cherry-shrimp/,/compatibility/coral-beauty/,Ensure both owner links
/compatibility/cherry-shrimp-and-corydoras/,cherry-shrimp,corydoras,False,False,/compatibility/cherry-shrimp/,/compatibility/corydoras/,Ensure both owner links
/compatibility/cherry-shrimp-and-denison-barb/,cherry-shrimp,denison-barb,False,False,/compatibility/cherry-shrimp/,/compatibility/denison-barb/,Ensure both owner links
/compatibility/cherry-shrimp-and-diamond-tetra/,cherry-shrimp,diamond-tetra,False,False,/compatibility/cherry-shrimp/,/compatibility/diamond-tetra/,Ensure both owner links
/compatibility/cherry-shrimp-and-discus/,cherry-shrimp,discus,False,False,/compatibility/cherry-shrimp/,/guides/discus-fish-care/tank-mates/,Ensure both owner links
/compatibility/cherry-shrimp-and-dwarf-chain-loach/,cherry-shrimp,dwarf-chain-loach,False,False,/compatibility/cherry-shrimp/,/compatibility/dwarf-chain-loach/,Ensure both owner links
/compatibility/cherry-shrimp-and-dwarf-gourami/,cherry-shrimp,dwarf-gourami,False,False,/compatibility/cherry-shrimp/,/compatibility/dwarf-gourami/,Ensure both owner links
/compatibility/cherry-shrimp-and-electric-yellow-cichlid/,cherry-shrimp,electric-yellow-cichlid,False,False,/compatibility/cherry-shrimp/,/compatibility/electric-yellow-cichlid/,Ensure both owner links
/compatibility/cherry-shrimp-and-ember-tetra/,cherry-shrimp,ember-tetra,False,False,/compatibility/cherry-shrimp/,/compatibility/ember-tetra/,Ensure both owner links
/compatibility/cherry-shrimp-and-fire-eel/,cherry-shrimp,fire-eel,False,False,/compatibility/cherry-shrimp/,/compatibility/fire-eel/,Ensure both owner links
/compatibility/cherry-shrimp-and-firefish-goby/,cherry-shrimp,firefish-goby,False,False,/compatibility/cherry-shrimp/,/compatibility/firefish-goby/,Ensure both owner links
/compatibility/cherry-shrimp-and-flame-angelfish/,cherry-shrimp,flame-angelfish,False,False,/compatibility/cherry-shrimp/,/compatibility/flame-angelfish/,Ensure both owner links
/compatibility/cherry-shrimp-and-foxface-rabbitfish/,cherry-shrimp,foxface-rabbitfish,False,False,/compatibility/cherry-shrimp/,/compatibility/foxface-rabbitfish/,Ensure both owner links
/compatibility/cherry-shrimp-and-frontosa-cichlid/,cherry-shrimp,frontosa-cichlid,False,False,/compatibility/cherry-shrimp/,/compatibility/frontosa-cichlid/,Ensure both owner links
/compatibility/cherry-shrimp-and-giant-danio/,cherry-shrimp,giant-danio,False,False,/compatibility/cherry-shrimp/,/compatibility/giant-danio/,Ensure both owner links
/compatibility/cherry-shrimp-and-glass-catfish/,cherry-shrimp,glass-catfish,False,False,/compatibility/cherry-shrimp/,/compatibility/glass-catfish/,Ensure both owner links
/compatibility/cherry-shrimp-and-glowlight-danio/,cherry-shrimp,glowlight-danio,False,False,/compatibility/cherry-shrimp/,/compatibility/glowlight-danio/,Ensure both owner links
/compatibility/cherry-shrimp-and-glowlight-tetra/,cherry-shrimp,glowlight-tetra,False,False,/compatibility/cherry-shrimp/,/compatibility/glowlight-tetra/,Ensure both owner links
/compatibility/cherry-shrimp-and-goldfish/,cherry-shrimp,goldfish,False,False,/compatibility/cherry-shrimp/,/compatibility/goldfish/,Ensure both owner links
/compatibility/cherry-shrimp-and-green-terror-cichlid/,cherry-shrimp,green-terror-cichlid,False,False,/compatibility/cherry-shrimp/,/compatibility/green-terror-cichlid/,Ensure both owner links
/compatibility/cherry-shrimp-and-guppy/,cherry-shrimp,guppy,False,False,/compatibility/cherry-shrimp/,/compatibility/guppy/,Ensure both owner links
/compatibility/cherry-shrimp-and-harlequin-rasbora/,cherry-shrimp,harlequin-rasbora,False,False,/compatibility/cherry-shrimp/,/compatibility/harlequin-rasbora/,Ensure both owner links
/compatibility/cherry-shrimp-and-hillstream-loach/,cherry-shrimp,hillstream-loach,False,False,/compatibility/cherry-shrimp/,/compatibility/hillstream-loach/,Ensure both owner links
/compatibility/cherry-shrimp-and-honey-gourami/,cherry-shrimp,honey-gourami,False,False,/compatibility/cherry-shrimp/,/compatibility/honey-gourami/,Ensure both owner links
/compatibility/cherry-shrimp-and-jewel-cichlid/,cherry-shrimp,jewel-cichlid,False,False,/compatibility/cherry-shrimp/,/compatibility/jewel-cichlid/,Ensure both owner links
/compatibility/cherry-shrimp-and-julii-cory/,cherry-shrimp,julii-cory,False,False,/compatibility/cherry-shrimp/,/compatibility/julii-cory/,Ensure both owner links
/compatibility/cherry-shrimp-and-keyhole-cichlid/,cherry-shrimp,keyhole-cichlid,False,False,/compatibility/cherry-shrimp/,/compatibility/keyhole-cichlid/,Ensure both owner links
/compatibility/cherry-shrimp-and-koi/,cherry-shrimp,koi,False,False,/compatibility/cherry-shrimp/,/guides/koi-fish-care/tank-mates/,Ensure both owner links
/compatibility/cherry-shrimp-and-kuhli-loach/,cherry-shrimp,kuhli-loach,False,False,/compatibility/cherry-shrimp/,/compatibility/kuhli-loach/,Ensure both owner links
/compatibility/cherry-shrimp-and-lemon-tetra/,cherry-shrimp,lemon-tetra,False,False,/compatibility/cherry-shrimp/,/compatibility/lemon-tetra/,Ensure both owner links
/compatibility/cherry-shrimp-and-lionfish/,cherry-shrimp,lionfish,False,False,/compatibility/cherry-shrimp/,/compatibility/lionfish/,Ensure both owner links
/compatibility/cherry-shrimp-and-molly/,cherry-shrimp,molly,False,False,/compatibility/cherry-shrimp/,/compatibility/molly/,Ensure both owner links
/compatibility/cherry-shrimp-and-moonlight-gourami/,cherry-shrimp,moonlight-gourami,False,False,/compatibility/cherry-shrimp/,/compatibility/moonlight-gourami/,Ensure both owner links
/compatibility/cherry-shrimp-and-mystery-snail/,cherry-shrimp,mystery-snail,False,False,/compatibility/cherry-shrimp/,/compatibility/mystery-snail/,Ensure both owner links
/compatibility/cherry-shrimp-and-neon-rainbowfish/,cherry-shrimp,neon-rainbowfish,False,False,/compatibility/cherry-shrimp/,/compatibility/neon-rainbowfish/,Ensure both owner links
/compatibility/cherry-shrimp-and-neon-tetra/,cherry-shrimp,neon-tetra,False,False,/compatibility/cherry-shrimp/,/compatibility/neon-tetra/,Ensure both owner links
/compatibility/cherry-shrimp-and-nerite-snail/,cherry-shrimp,nerite-snail,False,False,/compatibility/cherry-shrimp/,/compatibility/nerite-snail/,Ensure both owner links
/compatibility/cherry-shrimp-and-oscar/,cherry-shrimp,oscar,False,False,/compatibility/cherry-shrimp/,/guides/oscar-fish-care/tank-mates/,Ensure both owner links
/compatibility/cherry-shrimp-and-otocinclus/,cherry-shrimp,otocinclus,False,False,/compatibility/cherry-shrimp/,/compatibility/otocinclus/,Ensure both owner links
/compatibility/cherry-shrimp-and-pajama-cardinalfish/,cherry-shrimp,pajama-cardinalfish,False,False,/compatibility/cherry-shrimp/,/compatibility/pajama-cardinalfish/,Ensure both owner links
/compatibility/cherry-shrimp-and-panda-cory/,cherry-shrimp,panda-cory,False,False,/compatibility/cherry-shrimp/,/compatibility/panda-cory/,Ensure both owner links
/compatibility/cherry-shrimp-and-pea-puffer/,cherry-shrimp,pea-puffer,False,False,/compatibility/cherry-shrimp/,/compatibility/pea-puffer/,Ensure both owner links
/compatibility/cherry-shrimp-and-peacock-cichlid/,cherry-shrimp,peacock-cichlid,False,False,/compatibility/cherry-shrimp/,/compatibility/peacock-cichlid/,Ensure both owner links
/compatibility/cherry-shrimp-and-pearl-danio/,cherry-shrimp,pearl-danio,False,False,/compatibility/cherry-shrimp/,/compatibility/pearl-danio/,Ensure both owner links
/compatibility/cherry-shrimp-and-peppered-cory/,cherry-shrimp,peppered-cory,False,False,/compatibility/cherry-shrimp/,/compatibility/peppered-cory/,Ensure both owner links
/compatibility/cherry-shrimp-and-percula-clownfish/,cherry-shrimp,percula-clownfish,False,False,/compatibility/cherry-shrimp/,/compatibility/percula-clownfish/,Ensure both owner links
/compatibility/cherry-shrimp-and-platy/,cherry-shrimp,platy,False,False,/compatibility/cherry-shrimp/,/compatibility/platy/,Ensure both owner links
/compatibility/cherry-shrimp-and-pygmy-corydoras/,cherry-shrimp,pygmy-corydoras,False,False,/compatibility/cherry-shrimp/,/compatibility/pygmy-corydoras/,Ensure both owner links
/compatibility/cherry-shrimp-and-rainbow-shark/,cherry-shrimp,rainbow-shark,False,False,/compatibility/cherry-shrimp/,/compatibility/rainbow-shark/,Ensure both owner links
/compatibility/cherry-shrimp-and-red-eye-tetra/,cherry-shrimp,red-eye-tetra,False,False,/compatibility/cherry-shrimp/,/compatibility/red-eye-tetra/,Ensure both owner links
/compatibility/cherry-shrimp-and-rosy-barb/,cherry-shrimp,rosy-barb,False,False,/compatibility/cherry-shrimp/,/compatibility/rosy-barb/,Ensure both owner links
/compatibility/cherry-shrimp-and-royal-gramma/,cherry-shrimp,royal-gramma,False,False,/compatibility/cherry-shrimp/,/compatibility/royal-gramma/,Ensure both owner links
/compatibility/cherry-shrimp-and-senegal-bichir/,cherry-shrimp,senegal-bichir,False,False,/compatibility/cherry-shrimp/,/compatibility/senegal-bichir/,Ensure both owner links
/compatibility/cherry-shrimp-and-serpae-tetra/,cherry-shrimp,serpae-tetra,False,False,/compatibility/cherry-shrimp/,/compatibility/serpae-tetra/,Ensure both owner links
/compatibility/cherry-shrimp-and-severum-cichlid/,cherry-shrimp,severum-cichlid,False,False,/compatibility/cherry-shrimp/,/compatibility/severum-cichlid/,Ensure both owner links
/compatibility/cherry-shrimp-and-silver-arowana/,cherry-shrimp,silver-arowana,False,False,/compatibility/cherry-shrimp/,/compatibility/silver-arowana/,Ensure both owner links
/compatibility/cherry-shrimp-and-silver-dollar/,cherry-shrimp,silver-dollar,False,False,/compatibility/cherry-shrimp/,/compatibility/silver-dollar/,Ensure both owner links
/compatibility/cherry-shrimp-and-sparkling-gourami/,cherry-shrimp,sparkling-gourami,False,False,/compatibility/cherry-shrimp/,/compatibility/sparkling-gourami/,Ensure both owner links
/compatibility/cherry-shrimp-and-sterbai-cory/,cherry-shrimp,sterbai-cory,False,False,/compatibility/cherry-shrimp/,/compatibility/sterbai-cory/,Ensure both owner links
/compatibility/cherry-shrimp-and-swordtail/,cherry-shrimp,swordtail,False,False,/compatibility/cherry-shrimp/,/compatibility/swordtail/,Ensure both owner links
/compatibility/cherry-shrimp-and-texas-cichlid/,cherry-shrimp,texas-cichlid,False,False,/compatibility/cherry-shrimp/,/compatibility/texas-cichlid/,Ensure both owner links
/compatibility/cherry-shrimp-and-threadfin-rainbowfish/,cherry-shrimp,threadfin-rainbowfish,False,False,/compatibility/cherry-shrimp/,/compatibility/threadfin-rainbowfish/,Ensure both owner links
/compatibility/cherry-shrimp-and-three-spot-gourami/,cherry-shrimp,three-spot-gourami,False,False,/compatibility/cherry-shrimp/,/compatibility/three-spot-gourami/,Ensure both owner links
/compatibility/cherry-shrimp-and-tiger-barb/,cherry-shrimp,tiger-barb,False,False,/compatibility/cherry-shrimp/,/compatibility/tiger-barb/,Ensure both owner links
/compatibility/cherry-shrimp-and-watchman-goby/,cherry-shrimp,watchman-goby,False,False,/compatibility/cherry-shrimp/,/compatibility/watchman-goby/,Ensure both owner links
/compatibility/cherry-shrimp-and-weather-loach/,cherry-shrimp,weather-loach,False,False,/compatibility/cherry-shrimp/,/compatibility/weather-loach/,Ensure both owner links
/compatibility/cherry-shrimp-and-x-ray-tetra/,cherry-shrimp,x-ray-tetra,False,False,/compatibility/cherry-shrimp/,/compatibility/x-ray-tetra/,Ensure both owner links
/compatibility/cherry-shrimp-and-yellow-tang/,cherry-shrimp,yellow-tang,False,False,/compatibility/cherry-shrimp/,/compatibility/yellow-tang/,Ensure both owner links
/compatibility/cherry-shrimp-and-yoyo-loach/,cherry-shrimp,yoyo-loach,False,False,/compatibility/cherry-shrimp/,/compatibility/yoyo-loach/,Ensure both owner links
/compatibility/cherry-shrimp-and-zebra-danio/,cherry-shrimp,zebra-danio,False,False,/compatibility/cherry-shrimp/,/compatibility/zebra-danio/,Ensure both owner links
/compatibility/cherry-shrimp-and-zebra-loach/,cherry-shrimp,zebra-loach,False,False,/compatibility/cherry-shrimp/,/compatibility/zebra-loach/,Ensure both owner links
/compatibility/cherry-shrimp-and-zebra-pleco/,cherry-shrimp,zebra-pleco,False,False,/compatibility/cherry-shrimp/,/compatibility/zebra-pleco/,Ensure both owner links
/compatibility/chili-rasbora-and-clown-knifefish/,chili-rasbora,clown-knifefish,False,False,/compatibility/chili-rasbora/,/compatibility/clown-knifefish/,Ensure both owner links
/compatibility/chili-rasbora-and-clown-loach/,chili-rasbora,clown-loach,False,False,/compatibility/chili-rasbora/,/compatibility/clown-loach/,Ensure both owner links
/compatibility/chili-rasbora-and-clown-pleco/,chili-rasbora,clown-pleco,False,False,/compatibility/chili-rasbora/,/compatibility/clown-pleco/,Ensure both owner links
/compatibility/chili-rasbora-and-congo-tetra/,chili-rasbora,congo-tetra,False,False,/compatibility/chili-rasbora/,/compatibility/congo-tetra/,Ensure both owner links
/compatibility/chili-rasbora-and-coral-beauty/,chili-rasbora,coral-beauty,False,False,/compatibility/chili-rasbora/,/compatibility/coral-beauty/,Ensure both owner links
/compatibility/chili-rasbora-and-corydoras/,chili-rasbora,corydoras,False,False,/compatibility/chili-rasbora/,/compatibility/corydoras/,Ensure both owner links
/compatibility/chili-rasbora-and-denison-barb/,chili-rasbora,denison-barb,False,False,/compatibility/chili-rasbora/,/compatibility/denison-barb/,Ensure both owner links
/compatibility/chili-rasbora-and-diamond-tetra/,chili-rasbora,diamond-tetra,False,False,/compatibility/chili-rasbora/,/compatibility/diamond-tetra/,Ensure both owner links
/compatibility/chili-rasbora-and-discus/,chili-rasbora,discus,False,False,/compatibility/chili-rasbora/,/guides/discus-fish-care/tank-mates/,Ensure both owner links
/compatibility/chili-rasbora-and-dwarf-chain-loach/,chili-rasbora,dwarf-chain-loach,False,False,/compatibility/chili-rasbora/,/compatibility/dwarf-chain-loach/,Ensure both owner links
/compatibility/chili-rasbora-and-dwarf-gourami/,chili-rasbora,dwarf-gourami,False,False,/compatibility/chili-rasbora/,/compatibility/dwarf-gourami/,Ensure both owner links
/compatibility/chili-rasbora-and-electric-yellow-cichlid/,chili-rasbora,electric-yellow-cichlid,False,False,/compatibility/chili-rasbora/,/compatibility/electric-yellow-cichlid/,Ensure both owner links
/compatibility/chili-rasbora-and-ember-tetra/,chili-rasbora,ember-tetra,False,False,/compatibility/chili-rasbora/,/compatibility/ember-tetra/,Ensure both owner links
/compatibility/chili-rasbora-and-fire-eel/,chili-rasbora,fire-eel,False,False,/compatibility/chili-rasbora/,/compatibility/fire-eel/,Ensure both owner links
/compatibility/chili-rasbora-and-firefish-goby/,chili-rasbora,firefish-goby,False,False,/compatibility/chili-rasbora/,/compatibility/firefish-goby/,Ensure both owner links
/compatibility/chili-rasbora-and-flame-angelfish/,chili-rasbora,flame-angelfish,False,False,/compatibility/chili-rasbora/,/compatibility/flame-angelfish/,Ensure both owner links
/compatibility/chili-rasbora-and-foxface-rabbitfish/,chili-rasbora,foxface-rabbitfish,False,False,/compatibility/chili-rasbora/,/compatibility/foxface-rabbitfish/,Ensure both owner links
/compatibility/chili-rasbora-and-frontosa-cichlid/,chili-rasbora,frontosa-cichlid,False,False,/compatibility/chili-rasbora/,/compatibility/frontosa-cichlid/,Ensure both owner links
/compatibility/chili-rasbora-and-giant-danio/,chili-rasbora,giant-danio,False,False,/compatibility/chili-rasbora/,/compatibility/giant-danio/,Ensure both owner links
/compatibility/chili-rasbora-and-glass-catfish/,chili-rasbora,glass-catfish,False,False,/compatibility/chili-rasbora/,/compatibility/glass-catfish/,Ensure both owner links
/compatibility/chili-rasbora-and-glowlight-danio/,chili-rasbora,glowlight-danio,False,False,/compatibility/chili-rasbora/,/compatibility/glowlight-danio/,Ensure both owner links
/compatibility/chili-rasbora-and-glowlight-tetra/,chili-rasbora,glowlight-tetra,False,False,/compatibility/chili-rasbora/,/compatibility/glowlight-tetra/,Ensure both owner links
/compatibility/chili-rasbora-and-goldfish/,chili-rasbora,goldfish,False,False,/compatibility/chili-rasbora/,/compatibility/goldfish/,Ensure both owner links
/compatibility/chili-rasbora-and-green-terror-cichlid/,chili-rasbora,green-terror-cichlid,False,False,/compatibility/chili-rasbora/,/compatibility/green-terror-cichlid/,Ensure both owner links
/compatibility/chili-rasbora-and-guppy/,chili-rasbora,guppy,False,False,/compatibility/chili-rasbora/,/compatibility/guppy/,Ensure both owner links
/compatibility/chili-rasbora-and-harlequin-rasbora/,chili-rasbora,harlequin-rasbora,False,False,/compatibility/chili-rasbora/,/compatibility/harlequin-rasbora/,Ensure both owner links
/compatibility/chili-rasbora-and-hillstream-loach/,chili-rasbora,hillstream-loach,False,False,/compatibility/chili-rasbora/,/compatibility/hillstream-loach/,Ensure both owner links
/compatibility/chili-rasbora-and-honey-gourami/,chili-rasbora,honey-gourami,False,False,/compatibility/chili-rasbora/,/compatibility/honey-gourami/,Ensure both owner links
/compatibility/chili-rasbora-and-jewel-cichlid/,chili-rasbora,jewel-cichlid,False,False,/compatibility/chili-rasbora/,/compatibility/jewel-cichlid/,Ensure both owner links
/compatibility/chili-rasbora-and-julii-cory/,chili-rasbora,julii-cory,False,False,/compatibility/chili-rasbora/,/compatibility/julii-cory/,Ensure both owner links
/compatibility/chili-rasbora-and-keyhole-cichlid/,chili-rasbora,keyhole-cichlid,False,False,/compatibility/chili-rasbora/,/compatibility/keyhole-cichlid/,Ensure both owner links
/compatibility/chili-rasbora-and-koi/,chili-rasbora,koi,False,False,/compatibility/chili-rasbora/,/guides/koi-fish-care/tank-mates/,Ensure both owner links
/compatibility/chili-rasbora-and-kuhli-loach/,chili-rasbora,kuhli-loach,False,False,/compatibility/chili-rasbora/,/compatibility/kuhli-loach/,Ensure both owner links
/compatibility/chili-rasbora-and-lemon-tetra/,chili-rasbora,lemon-tetra,False,False,/compatibility/chili-rasbora/,/compatibility/lemon-tetra/,Ensure both owner links
/compatibility/chili-rasbora-and-lionfish/,chili-rasbora,lionfish,False,False,/compatibility/chili-rasbora/,/compatibility/lionfish/,Ensure both owner links
/compatibility/chili-rasbora-and-molly/,chili-rasbora,molly,False,False,/compatibility/chili-rasbora/,/compatibility/molly/,Ensure both owner links
/compatibility/chili-rasbora-and-moonlight-gourami/,chili-rasbora,moonlight-gourami,False,False,/compatibility/chili-rasbora/,/compatibility/moonlight-gourami/,Ensure both owner links
/compatibility/chili-rasbora-and-mystery-snail/,chili-rasbora,mystery-snail,False,False,/compatibility/chili-rasbora/,/compatibility/mystery-snail/,Ensure both owner links
/compatibility/chili-rasbora-and-neon-rainbowfish/,chili-rasbora,neon-rainbowfish,False,False,/compatibility/chili-rasbora/,/compatibility/neon-rainbowfish/,Ensure both owner links
/compatibility/chili-rasbora-and-neon-tetra/,chili-rasbora,neon-tetra,False,False,/compatibility/chili-rasbora/,/compatibility/neon-tetra/,Ensure both owner links
/compatibility/chili-rasbora-and-nerite-snail/,chili-rasbora,nerite-snail,False,False,/compatibility/chili-rasbora/,/compatibility/nerite-snail/,Ensure both owner links
/compatibility/chili-rasbora-and-oscar/,chili-rasbora,oscar,False,False,/compatibility/chili-rasbora/,/guides/oscar-fish-care/tank-mates/,Ensure both owner links
/compatibility/chili-rasbora-and-otocinclus/,chili-rasbora,otocinclus,False,False,/compatibility/chili-rasbora/,/compatibility/otocinclus/,Ensure both owner links
/compatibility/chili-rasbora-and-pajama-cardinalfish/,chili-rasbora,pajama-cardinalfish,False,False,/compatibility/chili-rasbora/,/compatibility/pajama-cardinalfish/,Ensure both owner links
/compatibility/chili-rasbora-and-panda-cory/,chili-rasbora,panda-cory,False,False,/compatibility/chili-rasbora/,/compatibility/panda-cory/,Ensure both owner links
/compatibility/chili-rasbora-and-pea-puffer/,chili-rasbora,pea-puffer,False,False,/compatibility/chili-rasbora/,/compatibility/pea-puffer/,Ensure both owner links
/compatibility/chili-rasbora-and-peacock-cichlid/,chili-rasbora,peacock-cichlid,False,False,/compatibility/chili-rasbora/,/compatibility/peacock-cichlid/,Ensure both owner links
/compatibility/chili-rasbora-and-pearl-danio/,chili-rasbora,pearl-danio,False,False,/compatibility/chili-rasbora/,/compatibility/pearl-danio/,Ensure both owner links
/compatibility/chili-rasbora-and-peppered-cory/,chili-rasbora,peppered-cory,False,False,/compatibility/chili-rasbora/,/compatibility/peppered-cory/,Ensure both owner links
/compatibility/chili-rasbora-and-percula-clownfish/,chili-rasbora,percula-clownfish,False,False,/compatibility/chili-rasbora/,/compatibility/percula-clownfish/,Ensure both owner links
/compatibility/chili-rasbora-and-platy/,chili-rasbora,platy,False,False,/compatibility/chili-rasbora/,/compatibility/platy/,Ensure both owner links
/compatibility/chili-rasbora-and-pygmy-corydoras/,chili-rasbora,pygmy-corydoras,False,False,/compatibility/chili-rasbora/,/compatibility/pygmy-corydoras/,Ensure both owner links
/compatibility/chili-rasbora-and-rainbow-shark/,chili-rasbora,rainbow-shark,False,False,/compatibility/chili-rasbora/,/compatibility/rainbow-shark/,Ensure both owner links
/compatibility/chili-rasbora-and-red-eye-tetra/,chili-rasbora,red-eye-tetra,False,False,/compatibility/chili-rasbora/,/compatibility/red-eye-tetra/,Ensure both owner links
/compatibility/chili-rasbora-and-rosy-barb/,chili-rasbora,rosy-barb,False,False,/compatibility/chili-rasbora/,/compatibility/rosy-barb/,Ensure both owner links
/compatibility/chili-rasbora-and-royal-gramma/,chili-rasbora,royal-gramma,False,False,/compatibility/chili-rasbora/,/compatibility/royal-gramma/,Ensure both owner links
/compatibility/chili-rasbora-and-senegal-bichir/,chili-rasbora,senegal-bichir,False,False,/compatibility/chili-rasbora/,/compatibility/senegal-bichir/,Ensure both owner links
/compatibility/chili-rasbora-and-serpae-tetra/,chili-rasbora,serpae-tetra,False,False,/compatibility/chili-rasbora/,/compatibility/serpae-tetra/,Ensure both owner links
/compatibility/chili-rasbora-and-severum-cichlid/,chili-rasbora,severum-cichlid,False,False,/compatibility/chili-rasbora/,/compatibility/severum-cichlid/,Ensure both owner links
/compatibility/chili-rasbora-and-silver-arowana/,chili-rasbora,silver-arowana,False,False,/compatibility/chili-rasbora/,/compatibility/silver-arowana/,Ensure both owner links
/compatibility/chili-rasbora-and-silver-dollar/,chili-rasbora,silver-dollar,False,False,/compatibility/chili-rasbora/,/compatibility/silver-dollar/,Ensure both owner links
/compatibility/chili-rasbora-and-sparkling-gourami/,chili-rasbora,sparkling-gourami,False,False,/compatibility/chili-rasbora/,/compatibility/sparkling-gourami/,Ensure both owner links
/compatibility/chili-rasbora-and-sterbai-cory/,chili-rasbora,sterbai-cory,False,False,/compatibility/chili-rasbora/,/compatibility/sterbai-cory/,Ensure both owner links
/compatibility/chili-rasbora-and-swordtail/,chili-rasbora,swordtail,False,False,/compatibility/chili-rasbora/,/compatibility/swordtail/,Ensure both owner links
/compatibility/chili-rasbora-and-texas-cichlid/,chili-rasbora,texas-cichlid,False,False,/compatibility/chili-rasbora/,/compatibility/texas-cichlid/,Ensure both owner links
/compatibility/chili-rasbora-and-threadfin-rainbowfish/,chili-rasbora,threadfin-rainbowfish,False,False,/compatibility/chili-rasbora/,/compatibility/threadfin-rainbowfish/,Ensure both owner links
/compatibility/chili-rasbora-and-three-spot-gourami/,chili-rasbora,three-spot-gourami,False,False,/compatibility/chili-rasbora/,/compatibility/three-spot-gourami/,Ensure both owner links
/compatibility/chili-rasbora-and-tiger-barb/,chili-rasbora,tiger-barb,False,False,/compatibility/chili-rasbora/,/compatibility/tiger-barb/,Ensure both owner links
/compatibility/chili-rasbora-and-watchman-goby/,chili-rasbora,watchman-goby,False,False,/compatibility/chili-rasbora/,/compatibility/watchman-goby/,Ensure both owner links
/compatibility/chili-rasbora-and-weather-loach/,chili-rasbora,weather-loach,False,False,/compatibility/chili-rasbora/,/compatibility/weather-loach/,Ensure both owner links
/compatibility/chili-rasbora-and-x-ray-tetra/,chili-rasbora,x-ray-tetra,False,False,/compatibility/chili-rasbora/,/compatibility/x-ray-tetra/,Ensure both owner links
/compatibility/chili-rasbora-and-yellow-tang/,chili-rasbora,yellow-tang,False,False,/compatibility/chili-rasbora/,/compatibility/yellow-tang/,Ensure both owner links
/compatibility/chili-rasbora-and-yoyo-loach/,chili-rasbora,yoyo-loach,False,False,/compatibility/chili-rasbora/,/compatibility/yoyo-loach/,Ensure both owner links
/compatibility/chili-rasbora-and-zebra-danio/,chili-rasbora,zebra-danio,False,False,/compatibility/chili-rasbora/,/compatibility/zebra-danio/,Ensure both owner links
/compatibility/chili-rasbora-and-zebra-loach/,chili-rasbora,zebra-loach,False,False,/compatibility/chili-rasbora/,/compatibility/zebra-loach/,Ensure both owner links
/compatibility/chili-rasbora-and-zebra-pleco/,chili-rasbora,zebra-pleco,False,False,/compatibility/chili-rasbora/,/compatibility/zebra-pleco/,Ensure both owner links
/compatibility/clown-knifefish-and-clown-loach/,clown-knifefish,clown-loach,False,False,/compatibility/clown-knifefish/,/compatibility/clown-loach/,Ensure both owner links
/compatibility/clown-knifefish-and-clown-pleco/,clown-knifefish,clown-pleco,False,False,/compatibility/clown-knifefish/,/compatibility/clown-pleco/,Ensure both owner links
/compatibility/clown-knifefish-and-congo-tetra/,clown-knifefish,congo-tetra,False,False,/compatibility/clown-knifefish/,/compatibility/congo-tetra/,Ensure both owner links
/compatibility/clown-knifefish-and-coral-beauty/,clown-knifefish,coral-beauty,False,False,/compatibility/clown-knifefish/,/compatibility/coral-beauty/,Ensure both owner links
/compatibility/clown-knifefish-and-corydoras/,clown-knifefish,corydoras,False,False,/compatibility/clown-knifefish/,/compatibility/corydoras/,Ensure both owner links
/compatibility/clown-knifefish-and-denison-barb/,clown-knifefish,denison-barb,False,False,/compatibility/clown-knifefish/,/compatibility/denison-barb/,Ensure both owner links
/compatibility/clown-knifefish-and-diamond-tetra/,clown-knifefish,diamond-tetra,False,False,/compatibility/clown-knifefish/,/compatibility/diamond-tetra/,Ensure both owner links
/compatibility/clown-knifefish-and-discus/,clown-knifefish,discus,False,False,/compatibility/clown-knifefish/,/guides/discus-fish-care/tank-mates/,Ensure both owner links
/compatibility/clown-knifefish-and-dwarf-chain-loach/,clown-knifefish,dwarf-chain-loach,False,False,/compatibility/clown-knifefish/,/compatibility/dwarf-chain-loach/,Ensure both owner links
/compatibility/clown-knifefish-and-dwarf-gourami/,clown-knifefish,dwarf-gourami,False,False,/compatibility/clown-knifefish/,/compatibility/dwarf-gourami/,Ensure both owner links
/compatibility/clown-knifefish-and-electric-yellow-cichlid/,clown-knifefish,electric-yellow-cichlid,False,False,/compatibility/clown-knifefish/,/compatibility/electric-yellow-cichlid/,Ensure both owner links
/compatibility/clown-knifefish-and-ember-tetra/,clown-knifefish,ember-tetra,False,False,/compatibility/clown-knifefish/,/compatibility/ember-tetra/,Ensure both owner links
/compatibility/clown-knifefish-and-fire-eel/,clown-knifefish,fire-eel,False,False,/compatibility/clown-knifefish/,/compatibility/fire-eel/,Ensure both owner links
/compatibility/clown-knifefish-and-firefish-goby/,clown-knifefish,firefish-goby,False,False,/compatibility/clown-knifefish/,/compatibility/firefish-goby/,Ensure both owner links
/compatibility/clown-knifefish-and-flame-angelfish/,clown-knifefish,flame-angelfish,False,False,/compatibility/clown-knifefish/,/compatibility/flame-angelfish/,Ensure both owner links
/compatibility/clown-knifefish-and-foxface-rabbitfish/,clown-knifefish,foxface-rabbitfish,False,False,/compatibility/clown-knifefish/,/compatibility/foxface-rabbitfish/,Ensure both owner links
/compatibility/clown-knifefish-and-frontosa-cichlid/,clown-knifefish,frontosa-cichlid,False,False,/compatibility/clown-knifefish/,/compatibility/frontosa-cichlid/,Ensure both owner links
/compatibility/clown-knifefish-and-giant-danio/,clown-knifefish,giant-danio,False,False,/compatibility/clown-knifefish/,/compatibility/giant-danio/,Ensure both owner links
/compatibility/clown-knifefish-and-glass-catfish/,clown-knifefish,glass-catfish,False,False,/compatibility/clown-knifefish/,/compatibility/glass-catfish/,Ensure both owner links
/compatibility/clown-knifefish-and-glowlight-danio/,clown-knifefish,glowlight-danio,False,False,/compatibility/clown-knifefish/,/compatibility/glowlight-danio/,Ensure both owner links
/compatibility/clown-knifefish-and-glowlight-tetra/,clown-knifefish,glowlight-tetra,False,False,/compatibility/clown-knifefish/,/compatibility/glowlight-tetra/,Ensure both owner links
/compatibility/clown-knifefish-and-goldfish/,clown-knifefish,goldfish,False,False,/compatibility/clown-knifefish/,/compatibility/goldfish/,Ensure both owner links
/compatibility/clown-knifefish-and-green-terror-cichlid/,clown-knifefish,green-terror-cichlid,False,False,/compatibility/clown-knifefish/,/compatibility/green-terror-cichlid/,Ensure both owner links
/compatibility/clown-knifefish-and-guppy/,clown-knifefish,guppy,False,False,/compatibility/clown-knifefish/,/compatibility/guppy/,Ensure both owner links
/compatibility/clown-knifefish-and-harlequin-rasbora/,clown-knifefish,harlequin-rasbora,False,False,/compatibility/clown-knifefish/,/compatibility/harlequin-rasbora/,Ensure both owner links
/compatibility/clown-knifefish-and-hillstream-loach/,clown-knifefish,hillstream-loach,False,False,/compatibility/clown-knifefish/,/compatibility/hillstream-loach/,Ensure both owner links
/compatibility/clown-knifefish-and-honey-gourami/,clown-knifefish,honey-gourami,False,False,/compatibility/clown-knifefish/,/compatibility/honey-gourami/,Ensure both owner links
/compatibility/clown-knifefish-and-jewel-cichlid/,clown-knifefish,jewel-cichlid,False,False,/compatibility/clown-knifefish/,/compatibility/jewel-cichlid/,Ensure both owner links
/compatibility/clown-knifefish-and-julii-cory/,clown-knifefish,julii-cory,False,False,/compatibility/clown-knifefish/,/compatibility/julii-cory/,Ensure both owner links
/compatibility/clown-knifefish-and-keyhole-cichlid/,clown-knifefish,keyhole-cichlid,False,False,/compatibility/clown-knifefish/,/compatibility/keyhole-cichlid/,Ensure both owner links
/compatibility/clown-knifefish-and-koi/,clown-knifefish,koi,False,False,/compatibility/clown-knifefish/,/guides/koi-fish-care/tank-mates/,Ensure both owner links
/compatibility/clown-knifefish-and-kuhli-loach/,clown-knifefish,kuhli-loach,False,False,/compatibility/clown-knifefish/,/compatibility/kuhli-loach/,Ensure both owner links
/compatibility/clown-knifefish-and-lemon-tetra/,clown-knifefish,lemon-tetra,False,False,/compatibility/clown-knifefish/,/compatibility/lemon-tetra/,Ensure both owner links
/compatibility/clown-knifefish-and-lionfish/,clown-knifefish,lionfish,False,False,/compatibility/clown-knifefish/,/compatibility/lionfish/,Ensure both owner links
/compatibility/clown-knifefish-and-molly/,clown-knifefish,molly,False,False,/compatibility/clown-knifefish/,/compatibility/molly/,Ensure both owner links
/compatibility/clown-knifefish-and-moonlight-gourami/,clown-knifefish,moonlight-gourami,False,False,/compatibility/clown-knifefish/,/compatibility/moonlight-gourami/,Ensure both owner links
/compatibility/clown-knifefish-and-mystery-snail/,clown-knifefish,mystery-snail,False,False,/compatibility/clown-knifefish/,/compatibility/mystery-snail/,Ensure both owner links
/compatibility/clown-knifefish-and-neon-rainbowfish/,clown-knifefish,neon-rainbowfish,False,False,/compatibility/clown-knifefish/,/compatibility/neon-rainbowfish/,Ensure both owner links
/compatibility/clown-knifefish-and-neon-tetra/,clown-knifefish,neon-tetra,False,False,/compatibility/clown-knifefish/,/compatibility/neon-tetra/,Ensure both owner links
/compatibility/clown-knifefish-and-nerite-snail/,clown-knifefish,nerite-snail,False,False,/compatibility/clown-knifefish/,/compatibility/nerite-snail/,Ensure both owner links
/compatibility/clown-knifefish-and-oscar/,clown-knifefish,oscar,False,False,/compatibility/clown-knifefish/,/guides/oscar-fish-care/tank-mates/,Ensure both owner links
/compatibility/clown-knifefish-and-otocinclus/,clown-knifefish,otocinclus,False,False,/compatibility/clown-knifefish/,/compatibility/otocinclus/,Ensure both owner links
/compatibility/clown-knifefish-and-pajama-cardinalfish/,clown-knifefish,pajama-cardinalfish,False,False,/compatibility/clown-knifefish/,/compatibility/pajama-cardinalfish/,Ensure both owner links
/compatibility/clown-knifefish-and-panda-cory/,clown-knifefish,panda-cory,False,False,/compatibility/clown-knifefish/,/compatibility/panda-cory/,Ensure both owner links
/compatibility/clown-knifefish-and-pea-puffer/,clown-knifefish,pea-puffer,False,False,/compatibility/clown-knifefish/,/compatibility/pea-puffer/,Ensure both owner links
/compatibility/clown-knifefish-and-peacock-cichlid/,clown-knifefish,peacock-cichlid,False,False,/compatibility/clown-knifefish/,/compatibility/peacock-cichlid/,Ensure both owner links
/compatibility/clown-knifefish-and-pearl-danio/,clown-knifefish,pearl-danio,False,False,/compatibility/clown-knifefish/,/compatibility/pearl-danio/,Ensure both owner links
/compatibility/clown-knifefish-and-peppered-cory/,clown-knifefish,peppered-cory,False,False,/compatibility/clown-knifefish/,/compatibility/peppered-cory/,Ensure both owner links
/compatibility/clown-knifefish-and-percula-clownfish/,clown-knifefish,percula-clownfish,False,False,/compatibility/clown-knifefish/,/compatibility/percula-clownfish/,Ensure both owner links
/compatibility/clown-knifefish-and-platy/,clown-knifefish,platy,False,False,/compatibility/clown-knifefish/,/compatibility/platy/,Ensure both owner links
/compatibility/clown-knifefish-and-pygmy-corydoras/,clown-knifefish,pygmy-corydoras,False,False,/compatibility/clown-knifefish/,/compatibility/pygmy-corydoras/,Ensure both owner links
/compatibility/clown-knifefish-and-rainbow-shark/,clown-knifefish,rainbow-shark,False,False,/compatibility/clown-knifefish/,/compatibility/rainbow-shark/,Ensure both owner links
/compatibility/clown-knifefish-and-red-eye-tetra/,clown-knifefish,red-eye-tetra,False,False,/compatibility/clown-knifefish/,/compatibility/red-eye-tetra/,Ensure both owner links
/compatibility/clown-knifefish-and-rosy-barb/,clown-knifefish,rosy-barb,False,False,/compatibility/clown-knifefish/,/compatibility/rosy-barb/,Ensure both owner links
/compatibility/clown-knifefish-and-royal-gramma/,clown-knifefish,royal-gramma,False,False,/compatibility/clown-knifefish/,/compatibility/royal-gramma/,Ensure both owner links
/compatibility/clown-knifefish-and-senegal-bichir/,clown-knifefish,senegal-bichir,False,False,/compatibility/clown-knifefish/,/compatibility/senegal-bichir/,Ensure both owner links
/compatibility/clown-knifefish-and-serpae-tetra/,clown-knifefish,serpae-tetra,False,False,/compatibility/clown-knifefish/,/compatibility/serpae-tetra/,Ensure both owner links
/compatibility/clown-knifefish-and-severum-cichlid/,clown-knifefish,severum-cichlid,False,False,/compatibility/clown-knifefish/,/compatibility/severum-cichlid/,Ensure both owner links
/compatibility/clown-knifefish-and-silver-arowana/,clown-knifefish,silver-arowana,False,False,/compatibility/clown-knifefish/,/compatibility/silver-arowana/,Ensure both owner links
/compatibility/clown-knifefish-and-silver-dollar/,clown-knifefish,silver-dollar,False,False,/compatibility/clown-knifefish/,/compatibility/silver-dollar/,Ensure both owner links
/compatibility/clown-knifefish-and-sparkling-gourami/,clown-knifefish,sparkling-gourami,False,False,/compatibility/clown-knifefish/,/compatibility/sparkling-gourami/,Ensure both owner links
/compatibility/clown-knifefish-and-sterbai-cory/,clown-knifefish,sterbai-cory,False,False,/compatibility/clown-knifefish/,/compatibility/sterbai-cory/,Ensure both owner links
/compatibility/clown-knifefish-and-swordtail/,clown-knifefish,swordtail,False,False,/compatibility/clown-knifefish/,/compatibility/swordtail/,Ensure both owner links
/compatibility/clown-knifefish-and-texas-cichlid/,clown-knifefish,texas-cichlid,False,False,/compatibility/clown-knifefish/,/compatibility/texas-cichlid/,Ensure both owner links
/compatibility/clown-knifefish-and-threadfin-rainbowfish/,clown-knifefish,threadfin-rainbowfish,False,False,/compatibility/clown-knifefish/,/compatibility/threadfin-rainbowfish/,Ensure both owner links
/compatibility/clown-knifefish-and-three-spot-gourami/,clown-knifefish,three-spot-gourami,False,False,/compatibility/clown-knifefish/,/compatibility/three-spot-gourami/,Ensure both owner links
/compatibility/clown-knifefish-and-tiger-barb/,clown-knifefish,tiger-barb,False,False,/compatibility/clown-knifefish/,/compatibility/tiger-barb/,Ensure both owner links
/compatibility/clown-knifefish-and-watchman-goby/,clown-knifefish,watchman-goby,False,False,/compatibility/clown-knifefish/,/compatibility/watchman-goby/,Ensure both owner links
/compatibility/clown-knifefish-and-weather-loach/,clown-knifefish,weather-loach,False,False,/compatibility/clown-knifefish/,/compatibility/weather-loach/,Ensure both owner links
/compatibility/clown-knifefish-and-x-ray-tetra/,clown-knifefish,x-ray-tetra,False,False,/compatibility/clown-knifefish/,/compatibility/x-ray-tetra/,Ensure both owner links
/compatibility/clown-knifefish-and-yellow-tang/,clown-knifefish,yellow-tang,False,False,/compatibility/clown-knifefish/,/compatibility/yellow-tang/,Ensure both owner links
/compatibility/clown-knifefish-and-yoyo-loach/,clown-knifefish,yoyo-loach,False,False,/compatibility/clown-knifefish/,/compatibility/yoyo-loach/,Ensure both owner links
/compatibility/clown-knifefish-and-zebra-danio/,clown-knifefish,zebra-danio,False,False,/compatibility/clown-knifefish/,/compatibility/zebra-danio/,Ensure both owner links
/compatibility/clown-knifefish-and-zebra-loach/,clown-knifefish,zebra-loach,False,False,/compatibility/clown-knifefish/,/compatibility/zebra-loach/,Ensure both owner links
/compatibility/clown-knifefish-and-zebra-pleco/,clown-knifefish,zebra-pleco,False,False,/compatibility/clown-knifefish/,/compatibility/zebra-pleco/,Ensure both owner links
/compatibility/clown-loach-and-clown-pleco/,clown-loach,clown-pleco,False,False,/compatibility/clown-loach/,/compatibility/clown-pleco/,Ensure both owner links
/compatibility/clown-loach-and-congo-tetra/,clown-loach,congo-tetra,False,False,/compatibility/clown-loach/,/compatibility/congo-tetra/,Ensure both owner links
/compatibility/clown-loach-and-coral-beauty/,clown-loach,coral-beauty,False,False,/compatibility/clown-loach/,/compatibility/coral-beauty/,Ensure both owner links
/compatibility/clown-loach-and-corydoras/,clown-loach,corydoras,False,False,/compatibility/clown-loach/,/compatibility/corydoras/,Ensure both owner links
/compatibility/clown-loach-and-denison-barb/,clown-loach,denison-barb,False,False,/compatibility/clown-loach/,/compatibility/denison-barb/,Ensure both owner links
/compatibility/clown-loach-and-diamond-tetra/,clown-loach,diamond-tetra,False,False,/compatibility/clown-loach/,/compatibility/diamond-tetra/,Ensure both owner links
/compatibility/clown-loach-and-discus/,clown-loach,discus,False,False,/compatibility/clown-loach/,/guides/discus-fish-care/tank-mates/,Ensure both owner links
/compatibility/clown-loach-and-dwarf-chain-loach/,clown-loach,dwarf-chain-loach,False,False,/compatibility/clown-loach/,/compatibility/dwarf-chain-loach/,Ensure both owner links
/compatibility/clown-loach-and-dwarf-gourami/,clown-loach,dwarf-gourami,False,False,/compatibility/clown-loach/,/compatibility/dwarf-gourami/,Ensure both owner links
/compatibility/clown-loach-and-electric-yellow-cichlid/,clown-loach,electric-yellow-cichlid,False,False,/compatibility/clown-loach/,/compatibility/electric-yellow-cichlid/,Ensure both owner links
/compatibility/clown-loach-and-ember-tetra/,clown-loach,ember-tetra,False,False,/compatibility/clown-loach/,/compatibility/ember-tetra/,Ensure both owner links
/compatibility/clown-loach-and-fire-eel/,clown-loach,fire-eel,False,False,/compatibility/clown-loach/,/compatibility/fire-eel/,Ensure both owner links
/compatibility/clown-loach-and-firefish-goby/,clown-loach,firefish-goby,False,False,/compatibility/clown-loach/,/compatibility/firefish-goby/,Ensure both owner links
/compatibility/clown-loach-and-flame-angelfish/,clown-loach,flame-angelfish,False,False,/compatibility/clown-loach/,/compatibility/flame-angelfish/,Ensure both owner links
/compatibility/clown-loach-and-foxface-rabbitfish/,clown-loach,foxface-rabbitfish,False,False,/compatibility/clown-loach/,/compatibility/foxface-rabbitfish/,Ensure both owner links
/compatibility/clown-loach-and-frontosa-cichlid/,clown-loach,frontosa-cichlid,False,False,/compatibility/clown-loach/,/compatibility/frontosa-cichlid/,Ensure both owner links
/compatibility/clown-loach-and-giant-danio/,clown-loach,giant-danio,False,False,/compatibility/clown-loach/,/compatibility/giant-danio/,Ensure both owner links
/compatibility/clown-loach-and-glass-catfish/,clown-loach,glass-catfish,False,False,/compatibility/clown-loach/,/compatibility/glass-catfish/,Ensure both owner links
/compatibility/clown-loach-and-glowlight-danio/,clown-loach,glowlight-danio,False,False,/compatibility/clown-loach/,/compatibility/glowlight-danio/,Ensure both owner links
/compatibility/clown-loach-and-glowlight-tetra/,clown-loach,glowlight-tetra,False,False,/compatibility/clown-loach/,/compatibility/glowlight-tetra/,Ensure both owner links
/compatibility/clown-loach-and-goldfish/,clown-loach,goldfish,False,False,/compatibility/clown-loach/,/compatibility/goldfish/,Ensure both owner links
/compatibility/clown-loach-and-green-terror-cichlid/,clown-loach,green-terror-cichlid,False,False,/compatibility/clown-loach/,/compatibility/green-terror-cichlid/,Ensure both owner links
/compatibility/clown-loach-and-guppy/,clown-loach,guppy,False,False,/compatibility/clown-loach/,/compatibility/guppy/,Ensure both owner links
/compatibility/clown-loach-and-harlequin-rasbora/,clown-loach,harlequin-rasbora,False,False,/compatibility/clown-loach/,/compatibility/harlequin-rasbora/,Ensure both owner links
/compatibility/clown-loach-and-hillstream-loach/,clown-loach,hillstream-loach,False,False,/compatibility/clown-loach/,/compatibility/hillstream-loach/,Ensure both owner links
/compatibility/clown-loach-and-honey-gourami/,clown-loach,honey-gourami,False,False,/compatibility/clown-loach/,/compatibility/honey-gourami/,Ensure both owner links
/compatibility/clown-loach-and-jewel-cichlid/,clown-loach,jewel-cichlid,False,False,/compatibility/clown-loach/,/compatibility/jewel-cichlid/,Ensure both owner links
/compatibility/clown-loach-and-julii-cory/,clown-loach,julii-cory,False,False,/compatibility/clown-loach/,/compatibility/julii-cory/,Ensure both owner links
/compatibility/clown-loach-and-keyhole-cichlid/,clown-loach,keyhole-cichlid,False,False,/compatibility/clown-loach/,/compatibility/keyhole-cichlid/,Ensure both owner links
/compatibility/clown-loach-and-koi/,clown-loach,koi,False,False,/compatibility/clown-loach/,/guides/koi-fish-care/tank-mates/,Ensure both owner links
/compatibility/clown-loach-and-kuhli-loach/,clown-loach,kuhli-loach,False,False,/compatibility/clown-loach/,/compatibility/kuhli-loach/,Ensure both owner links
/compatibility/clown-loach-and-lemon-tetra/,clown-loach,lemon-tetra,False,False,/compatibility/clown-loach/,/compatibility/lemon-tetra/,Ensure both owner links
/compatibility/clown-loach-and-lionfish/,clown-loach,lionfish,False,False,/compatibility/clown-loach/,/compatibility/lionfish/,Ensure both owner links
/compatibility/clown-loach-and-molly/,clown-loach,molly,False,False,/compatibility/clown-loach/,/compatibility/molly/,Ensure both owner links
/compatibility/clown-loach-and-moonlight-gourami/,clown-loach,moonlight-gourami,False,False,/compatibility/clown-loach/,/compatibility/moonlight-gourami/,Ensure both owner links
/compatibility/clown-loach-and-mystery-snail/,clown-loach,mystery-snail,False,False,/compatibility/clown-loach/,/compatibility/mystery-snail/,Ensure both owner links
/compatibility/clown-loach-and-neon-rainbowfish/,clown-loach,neon-rainbowfish,False,False,/compatibility/clown-loach/,/compatibility/neon-rainbowfish/,Ensure both owner links
/compatibility/clown-loach-and-neon-tetra/,clown-loach,neon-tetra,False,False,/compatibility/clown-loach/,/compatibility/neon-tetra/,Ensure both owner links
/compatibility/clown-loach-and-nerite-snail/,clown-loach,nerite-snail,False,False,/compatibility/clown-loach/,/compatibility/nerite-snail/,Ensure both owner links
/compatibility/clown-loach-and-oscar/,clown-loach,oscar,False,False,/compatibility/clown-loach/,/guides/oscar-fish-care/tank-mates/,Ensure both owner links
/compatibility/clown-loach-and-otocinclus/,clown-loach,otocinclus,False,False,/compatibility/clown-loach/,/compatibility/otocinclus/,Ensure both owner links
/compatibility/clown-loach-and-pajama-cardinalfish/,clown-loach,pajama-cardinalfish,False,False,/compatibility/clown-loach/,/compatibility/pajama-cardinalfish/,Ensure both owner links
/compatibility/clown-loach-and-panda-cory/,clown-loach,panda-cory,False,False,/compatibility/clown-loach/,/compatibility/panda-cory/,Ensure both owner links
/compatibility/clown-loach-and-pea-puffer/,clown-loach,pea-puffer,False,False,/compatibility/clown-loach/,/compatibility/pea-puffer/,Ensure both owner links
/compatibility/clown-loach-and-peacock-cichlid/,clown-loach,peacock-cichlid,False,False,/compatibility/clown-loach/,/compatibility/peacock-cichlid/,Ensure both owner links
/compatibility/clown-loach-and-pearl-danio/,clown-loach,pearl-danio,False,False,/compatibility/clown-loach/,/compatibility/pearl-danio/,Ensure both owner links
/compatibility/clown-loach-and-peppered-cory/,clown-loach,peppered-cory,False,False,/compatibility/clown-loach/,/compatibility/peppered-cory/,Ensure both owner links
/compatibility/clown-loach-and-percula-clownfish/,clown-loach,percula-clownfish,False,False,/compatibility/clown-loach/,/compatibility/percula-clownfish/,Ensure both owner links
/compatibility/clown-loach-and-platy/,clown-loach,platy,False,False,/compatibility/clown-loach/,/compatibility/platy/,Ensure both owner links
/compatibility/clown-loach-and-pygmy-corydoras/,clown-loach,pygmy-corydoras,False,False,/compatibility/clown-loach/,/compatibility/pygmy-corydoras/,Ensure both owner links
/compatibility/clown-loach-and-rainbow-shark/,clown-loach,rainbow-shark,False,False,/compatibility/clown-loach/,/compatibility/rainbow-shark/,Ensure both owner links
/compatibility/clown-loach-and-red-eye-tetra/,clown-loach,red-eye-tetra,False,False,/compatibility/clown-loach/,/compatibility/red-eye-tetra/,Ensure both owner links
/compatibility/clown-loach-and-rosy-barb/,clown-loach,rosy-barb,False,False,/compatibility/clown-loach/,/compatibility/rosy-barb/,Ensure both owner links
/compatibility/clown-loach-and-royal-gramma/,clown-loach,royal-gramma,False,False,/compatibility/clown-loach/,/compatibility/royal-gramma/,Ensure both owner links
/compatibility/clown-loach-and-senegal-bichir/,clown-loach,senegal-bichir,False,False,/compatibility/clown-loach/,/compatibility/senegal-bichir/,Ensure both owner links
/compatibility/clown-loach-and-serpae-tetra/,clown-loach,serpae-tetra,False,False,/compatibility/clown-loach/,/compatibility/serpae-tetra/,Ensure both owner links
/compatibility/clown-loach-and-severum-cichlid/,clown-loach,severum-cichlid,False,False,/compatibility/clown-loach/,/compatibility/severum-cichlid/,Ensure both owner links
/compatibility/clown-loach-and-silver-arowana/,clown-loach,silver-arowana,False,False,/compatibility/clown-loach/,/compatibility/silver-arowana/,Ensure both owner links
/compatibility/clown-loach-and-silver-dollar/,clown-loach,silver-dollar,False,False,/compatibility/clown-loach/,/compatibility/silver-dollar/,Ensure both owner links
/compatibility/clown-loach-and-sparkling-gourami/,clown-loach,sparkling-gourami,False,False,/compatibility/clown-loach/,/compatibility/sparkling-gourami/,Ensure both owner links
/compatibility/clown-loach-and-sterbai-cory/,clown-loach,sterbai-cory,False,False,/compatibility/clown-loach/,/compatibility/sterbai-cory/,Ensure both owner links
/compatibility/clown-loach-and-swordtail/,clown-loach,swordtail,False,False,/compatibility/clown-loach/,/compatibility/swordtail/,Ensure both owner links
/compatibility/clown-loach-and-texas-cichlid/,clown-loach,texas-cichlid,False,False,/compatibility/clown-loach/,/compatibility/texas-cichlid/,Ensure both owner links
/compatibility/clown-loach-and-threadfin-rainbowfish/,clown-loach,threadfin-rainbowfish,False,False,/compatibility/clown-loach/,/compatibility/threadfin-rainbowfish/,Ensure both owner links
/compatibility/clown-loach-and-three-spot-gourami/,clown-loach,three-spot-gourami,False,False,/compatibility/clown-loach/,/compatibility/three-spot-gourami/,Ensure both owner links
/compatibility/clown-loach-and-tiger-barb/,clown-loach,tiger-barb,False,False,/compatibility/clown-loach/,/compatibility/tiger-barb/,Ensure both owner links
/compatibility/clown-loach-and-watchman-goby/,clown-loach,watchman-goby,False,False,/compatibility/clown-loach/,/compatibility/watchman-goby/,Ensure both owner links
/compatibility/clown-loach-and-weather-loach/,clown-loach,weather-loach,False,False,/compatibility/clown-loach/,/compatibility/weather-loach/,Ensure both owner links
/compatibility/clown-loach-and-x-ray-tetra/,clown-loach,x-ray-tetra,False,False,/compatibility/clown-loach/,/compatibility/x-ray-tetra/,Ensure both owner links
/compatibility/clown-loach-and-yellow-tang/,clown-loach,yellow-tang,False,False,/compatibility/clown-loach/,/compatibility/yellow-tang/,Ensure both owner links
/compatibility/clown-loach-and-yoyo-loach/,clown-loach,yoyo-loach,False,False,/compatibility/clown-loach/,/compatibility/yoyo-loach/,Ensure both owner links
/compatibility/clown-loach-and-zebra-danio/,clown-loach,zebra-danio,False,False,/compatibility/clown-loach/,/compatibility/zebra-danio/,Ensure both owner links
/compatibility/clown-loach-and-zebra-loach/,clown-loach,zebra-loach,False,False,/compatibility/clown-loach/,/compatibility/zebra-loach/,Ensure both owner links
/compatibility/clown-loach-and-zebra-pleco/,clown-loach,zebra-pleco,False,False,/compatibility/clown-loach/,/compatibility/zebra-pleco/,Ensure both owner links
/compatibility/clown-pleco-and-congo-tetra/,clown-pleco,congo-tetra,False,False,/compatibility/clown-pleco/,/compatibility/congo-tetra/,Ensure both owner links
/compatibility/clown-pleco-and-coral-beauty/,clown-pleco,coral-beauty,False,False,/compatibility/clown-pleco/,/compatibility/coral-beauty/,Ensure both owner links
/compatibility/clown-pleco-and-corydoras/,clown-pleco,corydoras,False,False,/compatibility/clown-pleco/,/compatibility/corydoras/,Ensure both owner links
/compatibility/clown-pleco-and-denison-barb/,clown-pleco,denison-barb,False,False,/compatibility/clown-pleco/,/compatibility/denison-barb/,Ensure both owner links
/compatibility/clown-pleco-and-diamond-tetra/,clown-pleco,diamond-tetra,False,False,/compatibility/clown-pleco/,/compatibility/diamond-tetra/,Ensure both owner links
/compatibility/clown-pleco-and-discus/,clown-pleco,discus,False,False,/compatibility/clown-pleco/,/guides/discus-fish-care/tank-mates/,Ensure both owner links
/compatibility/clown-pleco-and-dwarf-chain-loach/,clown-pleco,dwarf-chain-loach,False,False,/compatibility/clown-pleco/,/compatibility/dwarf-chain-loach/,Ensure both owner links
/compatibility/clown-pleco-and-dwarf-gourami/,clown-pleco,dwarf-gourami,False,False,/compatibility/clown-pleco/,/compatibility/dwarf-gourami/,Ensure both owner links
/compatibility/clown-pleco-and-electric-yellow-cichlid/,clown-pleco,electric-yellow-cichlid,False,False,/compatibility/clown-pleco/,/compatibility/electric-yellow-cichlid/,Ensure both owner links
/compatibility/clown-pleco-and-ember-tetra/,clown-pleco,ember-tetra,False,False,/compatibility/clown-pleco/,/compatibility/ember-tetra/,Ensure both owner links
/compatibility/clown-pleco-and-fire-eel/,clown-pleco,fire-eel,False,False,/compatibility/clown-pleco/,/compatibility/fire-eel/,Ensure both owner links
/compatibility/clown-pleco-and-firefish-goby/,clown-pleco,firefish-goby,False,False,/compatibility/clown-pleco/,/compatibility/firefish-goby/,Ensure both owner links
/compatibility/clown-pleco-and-flame-angelfish/,clown-pleco,flame-angelfish,False,False,/compatibility/clown-pleco/,/compatibility/flame-angelfish/,Ensure both owner links
/compatibility/clown-pleco-and-foxface-rabbitfish/,clown-pleco,foxface-rabbitfish,False,False,/compatibility/clown-pleco/,/compatibility/foxface-rabbitfish/,Ensure both owner links
/compatibility/clown-pleco-and-frontosa-cichlid/,clown-pleco,frontosa-cichlid,False,False,/compatibility/clown-pleco/,/compatibility/frontosa-cichlid/,Ensure both owner links
/compatibility/clown-pleco-and-giant-danio/,clown-pleco,giant-danio,False,False,/compatibility/clown-pleco/,/compatibility/giant-danio/,Ensure both owner links
/compatibility/clown-pleco-and-glass-catfish/,clown-pleco,glass-catfish,False,False,/compatibility/clown-pleco/,/compatibility/glass-catfish/,Ensure both owner links
/compatibility/clown-pleco-and-glowlight-danio/,clown-pleco,glowlight-danio,False,False,/compatibility/clown-pleco/,/compatibility/glowlight-danio/,Ensure both owner links
/compatibility/clown-pleco-and-glowlight-tetra/,clown-pleco,glowlight-tetra,False,False,/compatibility/clown-pleco/,/compatibility/glowlight-tetra/,Ensure both owner links
/compatibility/clown-pleco-and-goldfish/,clown-pleco,goldfish,False,False,/compatibility/clown-pleco/,/compatibility/goldfish/,Ensure both owner links
/compatibility/clown-pleco-and-green-terror-cichlid/,clown-pleco,green-terror-cichlid,False,False,/compatibility/clown-pleco/,/compatibility/green-terror-cichlid/,Ensure both owner links
/compatibility/clown-pleco-and-guppy/,clown-pleco,guppy,False,False,/compatibility/clown-pleco/,/compatibility/guppy/,Ensure both owner links
/compatibility/clown-pleco-and-harlequin-rasbora/,clown-pleco,harlequin-rasbora,False,False,/compatibility/clown-pleco/,/compatibility/harlequin-rasbora/,Ensure both owner links
/compatibility/clown-pleco-and-hillstream-loach/,clown-pleco,hillstream-loach,False,False,/compatibility/clown-pleco/,/compatibility/hillstream-loach/,Ensure both owner links
/compatibility/clown-pleco-and-honey-gourami/,clown-pleco,honey-gourami,False,False,/compatibility/clown-pleco/,/compatibility/honey-gourami/,Ensure both owner links
/compatibility/clown-pleco-and-jewel-cichlid/,clown-pleco,jewel-cichlid,False,False,/compatibility/clown-pleco/,/compatibility/jewel-cichlid/,Ensure both owner links
/compatibility/clown-pleco-and-julii-cory/,clown-pleco,julii-cory,False,False,/compatibility/clown-pleco/,/compatibility/julii-cory/,Ensure both owner links
/compatibility/clown-pleco-and-keyhole-cichlid/,clown-pleco,keyhole-cichlid,False,False,/compatibility/clown-pleco/,/compatibility/keyhole-cichlid/,Ensure both owner links
/compatibility/clown-pleco-and-koi/,clown-pleco,koi,False,False,/compatibility/clown-pleco/,/guides/koi-fish-care/tank-mates/,Ensure both owner links
/compatibility/clown-pleco-and-kuhli-loach/,clown-pleco,kuhli-loach,False,False,/compatibility/clown-pleco/,/compatibility/kuhli-loach/,Ensure both owner links
/compatibility/clown-pleco-and-lemon-tetra/,clown-pleco,lemon-tetra,False,False,/compatibility/clown-pleco/,/compatibility/lemon-tetra/,Ensure both owner links
/compatibility/clown-pleco-and-lionfish/,clown-pleco,lionfish,False,False,/compatibility/clown-pleco/,/compatibility/lionfish/,Ensure both owner links
/compatibility/clown-pleco-and-molly/,clown-pleco,molly,False,False,/compatibility/clown-pleco/,/compatibility/molly/,Ensure both owner links
/compatibility/clown-pleco-and-moonlight-gourami/,clown-pleco,moonlight-gourami,False,False,/compatibility/clown-pleco/,/compatibility/moonlight-gourami/,Ensure both owner links
/compatibility/clown-pleco-and-mystery-snail/,clown-pleco,mystery-snail,False,False,/compatibility/clown-pleco/,/compatibility/mystery-snail/,Ensure both owner links
/compatibility/clown-pleco-and-neon-rainbowfish/,clown-pleco,neon-rainbowfish,False,False,/compatibility/clown-pleco/,/compatibility/neon-rainbowfish/,Ensure both owner links
/compatibility/clown-pleco-and-neon-tetra/,clown-pleco,neon-tetra,False,False,/compatibility/clown-pleco/,/compatibility/neon-tetra/,Ensure both owner links
/compatibility/clown-pleco-and-nerite-snail/,clown-pleco,nerite-snail,False,False,/compatibility/clown-pleco/,/compatibility/nerite-snail/,Ensure both owner links
/compatibility/clown-pleco-and-oscar/,clown-pleco,oscar,False,False,/compatibility/clown-pleco/,/guides/oscar-fish-care/tank-mates/,Ensure both owner links
/compatibility/clown-pleco-and-otocinclus/,clown-pleco,otocinclus,False,False,/compatibility/clown-pleco/,/compatibility/otocinclus/,Ensure both owner links
/compatibility/clown-pleco-and-pajama-cardinalfish/,clown-pleco,pajama-cardinalfish,False,False,/compatibility/clown-pleco/,/compatibility/pajama-cardinalfish/,Ensure both owner links
/compatibility/clown-pleco-and-panda-cory/,clown-pleco,panda-cory,False,False,/compatibility/clown-pleco/,/compatibility/panda-cory/,Ensure both owner links
/compatibility/clown-pleco-and-pea-puffer/,clown-pleco,pea-puffer,False,False,/compatibility/clown-pleco/,/compatibility/pea-puffer/,Ensure both owner links
/compatibility/clown-pleco-and-peacock-cichlid/,clown-pleco,peacock-cichlid,False,False,/compatibility/clown-pleco/,/compatibility/peacock-cichlid/,Ensure both owner links
/compatibility/clown-pleco-and-pearl-danio/,clown-pleco,pearl-danio,False,False,/compatibility/clown-pleco/,/compatibility/pearl-danio/,Ensure both owner links
/compatibility/clown-pleco-and-peppered-cory/,clown-pleco,peppered-cory,False,False,/compatibility/clown-pleco/,/compatibility/peppered-cory/,Ensure both owner links
/compatibility/clown-pleco-and-percula-clownfish/,clown-pleco,percula-clownfish,False,False,/compatibility/clown-pleco/,/compatibility/percula-clownfish/,Ensure both owner links
/compatibility/clown-pleco-and-platy/,clown-pleco,platy,False,False,/compatibility/clown-pleco/,/compatibility/platy/,Ensure both owner links
/compatibility/clown-pleco-and-pygmy-corydoras/,clown-pleco,pygmy-corydoras,False,False,/compatibility/clown-pleco/,/compatibility/pygmy-corydoras/,Ensure both owner links
/compatibility/clown-pleco-and-rainbow-shark/,clown-pleco,rainbow-shark,False,False,/compatibility/clown-pleco/,/compatibility/rainbow-shark/,Ensure both owner links
/compatibility/clown-pleco-and-red-eye-tetra/,clown-pleco,red-eye-tetra,False,False,/compatibility/clown-pleco/,/compatibility/red-eye-tetra/,Ensure both owner links
/compatibility/clown-pleco-and-rosy-barb/,clown-pleco,rosy-barb,False,False,/compatibility/clown-pleco/,/compatibility/rosy-barb/,Ensure both owner links
/compatibility/clown-pleco-and-royal-gramma/,clown-pleco,royal-gramma,False,False,/compatibility/clown-pleco/,/compatibility/royal-gramma/,Ensure both owner links
/compatibility/clown-pleco-and-senegal-bichir/,clown-pleco,senegal-bichir,False,False,/compatibility/clown-pleco/,/compatibility/senegal-bichir/,Ensure both owner links
/compatibility/clown-pleco-and-serpae-tetra/,clown-pleco,serpae-tetra,False,False,/compatibility/clown-pleco/,/compatibility/serpae-tetra/,Ensure both owner links
/compatibility/clown-pleco-and-severum-cichlid/,clown-pleco,severum-cichlid,False,False,/compatibility/clown-pleco/,/compatibility/severum-cichlid/,Ensure both owner links
/compatibility/clown-pleco-and-silver-arowana/,clown-pleco,silver-arowana,False,False,/compatibility/clown-pleco/,/compatibility/silver-arowana/,Ensure both owner links
/compatibility/clown-pleco-and-silver-dollar/,clown-pleco,silver-dollar,False,False,/compatibility/clown-pleco/,/compatibility/silver-dollar/,Ensure both owner links
/compatibility/clown-pleco-and-sparkling-gourami/,clown-pleco,sparkling-gourami,False,False,/compatibility/clown-pleco/,/compatibility/sparkling-gourami/,Ensure both owner links
/compatibility/clown-pleco-and-sterbai-cory/,clown-pleco,sterbai-cory,False,False,/compatibility/clown-pleco/,/compatibility/sterbai-cory/,Ensure both owner links
/compatibility/clown-pleco-and-swordtail/,clown-pleco,swordtail,False,False,/compatibility/clown-pleco/,/compatibility/swordtail/,Ensure both owner links
/compatibility/clown-pleco-and-texas-cichlid/,clown-pleco,texas-cichlid,False,False,/compatibility/clown-pleco/,/compatibility/texas-cichlid/,Ensure both owner links
/compatibility/clown-pleco-and-threadfin-rainbowfish/,clown-pleco,threadfin-rainbowfish,False,False,/compatibility/clown-pleco/,/compatibility/threadfin-rainbowfish/,Ensure both owner links
/compatibility/clown-pleco-and-three-spot-gourami/,clown-pleco,three-spot-gourami,False,False,/compatibility/clown-pleco/,/compatibility/three-spot-gourami/,Ensure both owner links
/compatibility/clown-pleco-and-tiger-barb/,clown-pleco,tiger-barb,False,False,/compatibility/clown-pleco/,/compatibility/tiger-barb/,Ensure both owner links
/compatibility/clown-pleco-and-watchman-goby/,clown-pleco,watchman-goby,False,False,/compatibility/clown-pleco/,/compatibility/watchman-goby/,Ensure both owner links
/compatibility/clown-pleco-and-weather-loach/,clown-pleco,weather-loach,False,False,/compatibility/clown-pleco/,/compatibility/weather-loach/,Ensure both owner links
/compatibility/clown-pleco-and-x-ray-tetra/,clown-pleco,x-ray-tetra,False,False,/compatibility/clown-pleco/,/compatibility/x-ray-tetra/,Ensure both owner links
/compatibility/clown-pleco-and-yellow-tang/,clown-pleco,yellow-tang,False,False,/compatibility/clown-pleco/,/compatibility/yellow-tang/,Ensure both owner links
/compatibility/clown-pleco-and-yoyo-loach/,clown-pleco,yoyo-loach,False,False,/compatibility/clown-pleco/,/compatibility/yoyo-loach/,Ensure both owner links
/compatibility/clown-pleco-and-zebra-danio/,clown-pleco,zebra-danio,False,False,/compatibility/clown-pleco/,/compatibility/zebra-danio/,Ensure both owner links
/compatibility/clown-pleco-and-zebra-loach/,clown-pleco,zebra-loach,False,False,/compatibility/clown-pleco/,/compatibility/zebra-loach/,Ensure both owner links
/compatibility/clown-pleco-and-zebra-pleco/,clown-pleco,zebra-pleco,False,False,/compatibility/clown-pleco/,/compatibility/zebra-pleco/,Ensure both owner links
/compatibility/congo-tetra-and-coral-beauty/,congo-tetra,coral-beauty,False,False,/compatibility/congo-tetra/,/compatibility/coral-beauty/,Ensure both owner links
/compatibility/congo-tetra-and-corydoras/,congo-tetra,corydoras,False,False,/compatibility/congo-tetra/,/compatibility/corydoras/,Ensure both owner links
/compatibility/congo-tetra-and-denison-barb/,congo-tetra,denison-barb,False,False,/compatibility/congo-tetra/,/compatibility/denison-barb/,Ensure both owner links
/compatibility/congo-tetra-and-diamond-tetra/,congo-tetra,diamond-tetra,False,False,/compatibility/congo-tetra/,/compatibility/diamond-tetra/,Ensure both owner links
/compatibility/congo-tetra-and-discus/,congo-tetra,discus,False,False,/compatibility/congo-tetra/,/guides/discus-fish-care/tank-mates/,Ensure both owner links
/compatibility/congo-tetra-and-dwarf-chain-loach/,congo-tetra,dwarf-chain-loach,False,False,/compatibility/congo-tetra/,/compatibility/dwarf-chain-loach/,Ensure both owner links
/compatibility/congo-tetra-and-dwarf-gourami/,congo-tetra,dwarf-gourami,False,False,/compatibility/congo-tetra/,/compatibility/dwarf-gourami/,Ensure both owner links
/compatibility/congo-tetra-and-electric-yellow-cichlid/,congo-tetra,electric-yellow-cichlid,False,False,/compatibility/congo-tetra/,/compatibility/electric-yellow-cichlid/,Ensure both owner links
/compatibility/congo-tetra-and-ember-tetra/,congo-tetra,ember-tetra,False,False,/compatibility/congo-tetra/,/compatibility/ember-tetra/,Ensure both owner links
/compatibility/congo-tetra-and-fire-eel/,congo-tetra,fire-eel,False,False,/compatibility/congo-tetra/,/compatibility/fire-eel/,Ensure both owner links
/compatibility/congo-tetra-and-firefish-goby/,congo-tetra,firefish-goby,False,False,/compatibility/congo-tetra/,/compatibility/firefish-goby/,Ensure both owner links
/compatibility/congo-tetra-and-flame-angelfish/,congo-tetra,flame-angelfish,False,False,/compatibility/congo-tetra/,/compatibility/flame-angelfish/,Ensure both owner links
/compatibility/congo-tetra-and-foxface-rabbitfish/,congo-tetra,foxface-rabbitfish,False,False,/compatibility/congo-tetra/,/compatibility/foxface-rabbitfish/,Ensure both owner links
/compatibility/congo-tetra-and-frontosa-cichlid/,congo-tetra,frontosa-cichlid,False,False,/compatibility/congo-tetra/,/compatibility/frontosa-cichlid/,Ensure both owner links
/compatibility/congo-tetra-and-giant-danio/,congo-tetra,giant-danio,False,False,/compatibility/congo-tetra/,/compatibility/giant-danio/,Ensure both owner links
/compatibility/congo-tetra-and-glass-catfish/,congo-tetra,glass-catfish,False,False,/compatibility/congo-tetra/,/compatibility/glass-catfish/,Ensure both owner links
/compatibility/congo-tetra-and-glowlight-danio/,congo-tetra,glowlight-danio,False,False,/compatibility/congo-tetra/,/compatibility/glowlight-danio/,Ensure both owner links
/compatibility/congo-tetra-and-glowlight-tetra/,congo-tetra,glowlight-tetra,False,False,/compatibility/congo-tetra/,/compatibility/glowlight-tetra/,Ensure both owner links
/compatibility/congo-tetra-and-goldfish/,congo-tetra,goldfish,False,False,/compatibility/congo-tetra/,/compatibility/goldfish/,Ensure both owner links
/compatibility/congo-tetra-and-green-terror-cichlid/,congo-tetra,green-terror-cichlid,False,False,/compatibility/congo-tetra/,/compatibility/green-terror-cichlid/,Ensure both owner links
/compatibility/congo-tetra-and-guppy/,congo-tetra,guppy,False,False,/compatibility/congo-tetra/,/compatibility/guppy/,Ensure both owner links
/compatibility/congo-tetra-and-harlequin-rasbora/,congo-tetra,harlequin-rasbora,False,False,/compatibility/congo-tetra/,/compatibility/harlequin-rasbora/,Ensure both owner links
/compatibility/congo-tetra-and-hillstream-loach/,congo-tetra,hillstream-loach,False,False,/compatibility/congo-tetra/,/compatibility/hillstream-loach/,Ensure both owner links
/compatibility/congo-tetra-and-honey-gourami/,congo-tetra,honey-gourami,False,False,/compatibility/congo-tetra/,/compatibility/honey-gourami/,Ensure both owner links
/compatibility/congo-tetra-and-jewel-cichlid/,congo-tetra,jewel-cichlid,False,False,/compatibility/congo-tetra/,/compatibility/jewel-cichlid/,Ensure both owner links
/compatibility/congo-tetra-and-julii-cory/,congo-tetra,julii-cory,False,False,/compatibility/congo-tetra/,/compatibility/julii-cory/,Ensure both owner links
/compatibility/congo-tetra-and-keyhole-cichlid/,congo-tetra,keyhole-cichlid,False,False,/compatibility/congo-tetra/,/compatibility/keyhole-cichlid/,Ensure both owner links
/compatibility/congo-tetra-and-koi/,congo-tetra,koi,False,False,/compatibility/congo-tetra/,/guides/koi-fish-care/tank-mates/,Ensure both owner links
/compatibility/congo-tetra-and-kuhli-loach/,congo-tetra,kuhli-loach,False,False,/compatibility/congo-tetra/,/compatibility/kuhli-loach/,Ensure both owner links
/compatibility/congo-tetra-and-lemon-tetra/,congo-tetra,lemon-tetra,False,False,/compatibility/congo-tetra/,/compatibility/lemon-tetra/,Ensure both owner links
/compatibility/congo-tetra-and-lionfish/,congo-tetra,lionfish,False,False,/compatibility/congo-tetra/,/compatibility/lionfish/,Ensure both owner links
/compatibility/congo-tetra-and-molly/,congo-tetra,molly,False,False,/compatibility/congo-tetra/,/compatibility/molly/,Ensure both owner links
/compatibility/congo-tetra-and-moonlight-gourami/,congo-tetra,moonlight-gourami,False,False,/compatibility/congo-tetra/,/compatibility/moonlight-gourami/,Ensure both owner links
/compatibility/congo-tetra-and-mystery-snail/,congo-tetra,mystery-snail,False,False,/compatibility/congo-tetra/,/compatibility/mystery-snail/,Ensure both owner links
/compatibility/congo-tetra-and-neon-rainbowfish/,congo-tetra,neon-rainbowfish,False,False,/compatibility/congo-tetra/,/compatibility/neon-rainbowfish/,Ensure both owner links
/compatibility/congo-tetra-and-neon-tetra/,congo-tetra,neon-tetra,False,False,/compatibility/congo-tetra/,/compatibility/neon-tetra/,Ensure both owner links
/compatibility/congo-tetra-and-nerite-snail/,congo-tetra,nerite-snail,False,False,/compatibility/congo-tetra/,/compatibility/nerite-snail/,Ensure both owner links
/compatibility/congo-tetra-and-oscar/,congo-tetra,oscar,False,False,/compatibility/congo-tetra/,/guides/oscar-fish-care/tank-mates/,Ensure both owner links
/compatibility/congo-tetra-and-otocinclus/,congo-tetra,otocinclus,False,False,/compatibility/congo-tetra/,/compatibility/otocinclus/,Ensure both owner links
/compatibility/congo-tetra-and-pajama-cardinalfish/,congo-tetra,pajama-cardinalfish,False,False,/compatibility/congo-tetra/,/compatibility/pajama-cardinalfish/,Ensure both owner links
/compatibility/congo-tetra-and-panda-cory/,congo-tetra,panda-cory,False,False,/compatibility/congo-tetra/,/compatibility/panda-cory/,Ensure both owner links
/compatibility/congo-tetra-and-pea-puffer/,congo-tetra,pea-puffer,False,False,/compatibility/congo-tetra/,/compatibility/pea-puffer/,Ensure both owner links
/compatibility/congo-tetra-and-peacock-cichlid/,congo-tetra,peacock-cichlid,False,False,/compatibility/congo-tetra/,/compatibility/peacock-cichlid/,Ensure both owner links
/compatibility/congo-tetra-and-pearl-danio/,congo-tetra,pearl-danio,False,False,/compatibility/congo-tetra/,/compatibility/pearl-danio/,Ensure both owner links
/compatibility/congo-tetra-and-peppered-cory/,congo-tetra,peppered-cory,False,False,/compatibility/congo-tetra/,/compatibility/peppered-cory/,Ensure both owner links
/compatibility/congo-tetra-and-percula-clownfish/,congo-tetra,percula-clownfish,False,False,/compatibility/congo-tetra/,/compatibility/percula-clownfish/,Ensure both owner links
/compatibility/congo-tetra-and-platy/,congo-tetra,platy,False,False,/compatibility/congo-tetra/,/compatibility/platy/,Ensure both owner links
/compatibility/congo-tetra-and-pygmy-corydoras/,congo-tetra,pygmy-corydoras,False,False,/compatibility/congo-tetra/,/compatibility/pygmy-corydoras/,Ensure both owner links
/compatibility/congo-tetra-and-rainbow-shark/,congo-tetra,rainbow-shark,False,False,/compatibility/congo-tetra/,/compatibility/rainbow-shark/,Ensure both owner links
/compatibility/congo-tetra-and-red-eye-tetra/,congo-tetra,red-eye-tetra,False,False,/compatibility/congo-tetra/,/compatibility/red-eye-tetra/,Ensure both owner links
/compatibility/congo-tetra-and-rosy-barb/,congo-tetra,rosy-barb,False,False,/compatibility/congo-tetra/,/compatibility/rosy-barb/,Ensure both owner links
/compatibility/congo-tetra-and-royal-gramma/,congo-tetra,royal-gramma,False,False,/compatibility/congo-tetra/,/compatibility/royal-gramma/,Ensure both owner links
/compatibility/congo-tetra-and-senegal-bichir/,congo-tetra,senegal-bichir,False,False,/compatibility/congo-tetra/,/compatibility/senegal-bichir/,Ensure both owner links
/compatibility/congo-tetra-and-serpae-tetra/,congo-tetra,serpae-tetra,False,False,/compatibility/congo-tetra/,/compatibility/serpae-tetra/,Ensure both owner links
/compatibility/congo-tetra-and-severum-cichlid/,congo-tetra,severum-cichlid,False,False,/compatibility/congo-tetra/,/compatibility/severum-cichlid/,Ensure both owner links
/compatibility/congo-tetra-and-silver-arowana/,congo-tetra,silver-arowana,False,False,/compatibility/congo-tetra/,/compatibility/silver-arowana/,Ensure both owner links
/compatibility/congo-tetra-and-silver-dollar/,congo-tetra,silver-dollar,False,False,/compatibility/congo-tetra/,/compatibility/silver-dollar/,Ensure both owner links
/compatibility/congo-tetra-and-sparkling-gourami/,congo-tetra,sparkling-gourami,False,False,/compatibility/congo-tetra/,/compatibility/sparkling-gourami/,Ensure both owner links
/compatibility/congo-tetra-and-sterbai-cory/,congo-tetra,sterbai-cory,False,False,/compatibility/congo-tetra/,/compatibility/sterbai-cory/,Ensure both owner links
/compatibility/congo-tetra-and-swordtail/,congo-tetra,swordtail,False,False,/compatibility/congo-tetra/,/compatibility/swordtail/,Ensure both owner links
/compatibility/congo-tetra-and-texas-cichlid/,congo-tetra,texas-cichlid,False,False,/compatibility/congo-tetra/,/compatibility/texas-cichlid/,Ensure both owner links
/compatibility/congo-tetra-and-threadfin-rainbowfish/,congo-tetra,threadfin-rainbowfish,False,False,/compatibility/congo-tetra/,/compatibility/threadfin-rainbowfish/,Ensure both owner links
/compatibility/congo-tetra-and-three-spot-gourami/,congo-tetra,three-spot-gourami,False,False,/compatibility/congo-tetra/,/compatibility/three-spot-gourami/,Ensure both owner links
/compatibility/congo-tetra-and-tiger-barb/,congo-tetra,tiger-barb,False,False,/compatibility/congo-tetra/,/compatibility/tiger-barb/,Ensure both owner links
/compatibility/congo-tetra-and-watchman-goby/,congo-tetra,watchman-goby,False,False,/compatibility/congo-tetra/,/compatibility/watchman-goby/,Ensure both owner links
/compatibility/congo-tetra-and-weather-loach/,congo-tetra,weather-loach,False,False,/compatibility/congo-tetra/,/compatibility/weather-loach/,Ensure both owner links
/compatibility/congo-tetra-and-x-ray-tetra/,congo-tetra,x-ray-tetra,False,False,/compatibility/congo-tetra/,/compatibility/x-ray-tetra/,Ensure both owner links
/compatibility/congo-tetra-and-yellow-tang/,congo-tetra,yellow-tang,False,False,/compatibility/congo-tetra/,/compatibility/yellow-tang/,Ensure both owner links
/compatibility/congo-tetra-and-yoyo-loach/,congo-tetra,yoyo-loach,False,False,/compatibility/congo-tetra/,/compatibility/yoyo-loach/,Ensure both owner links
/compatibility/congo-tetra-and-zebra-danio/,congo-tetra,zebra-danio,False,False,/compatibility/congo-tetra/,/compatibility/zebra-danio/,Ensure both owner links
/compatibility/congo-tetra-and-zebra-loach/,congo-tetra,zebra-loach,False,False,/compatibility/congo-tetra/,/compatibility/zebra-loach/,Ensure both owner links
/compatibility/congo-tetra-and-zebra-pleco/,congo-tetra,zebra-pleco,False,False,/compatibility/congo-tetra/,/compatibility/zebra-pleco/,Ensure both owner links
/compatibility/coral-beauty-and-corydoras/,coral-beauty,corydoras,False,False,/compatibility/coral-beauty/,/compatibility/corydoras/,Ensure both owner links
/compatibility/coral-beauty-and-denison-barb/,coral-beauty,denison-barb,False,False,/compatibility/coral-beauty/,/compatibility/denison-barb/,Ensure both owner links
/compatibility/coral-beauty-and-diamond-tetra/,coral-beauty,diamond-tetra,False,False,/compatibility/coral-beauty/,/compatibility/diamond-tetra/,Ensure both owner links
/compatibility/coral-beauty-and-discus/,coral-beauty,discus,False,False,/compatibility/coral-beauty/,/guides/discus-fish-care/tank-mates/,Ensure both owner links
/compatibility/coral-beauty-and-dwarf-chain-loach/,coral-beauty,dwarf-chain-loach,False,False,/compatibility/coral-beauty/,/compatibility/dwarf-chain-loach/,Ensure both owner links
/compatibility/coral-beauty-and-dwarf-gourami/,coral-beauty,dwarf-gourami,False,False,/compatibility/coral-beauty/,/compatibility/dwarf-gourami/,Ensure both owner links
/compatibility/coral-beauty-and-electric-yellow-cichlid/,coral-beauty,electric-yellow-cichlid,False,False,/compatibility/coral-beauty/,/compatibility/electric-yellow-cichlid/,Ensure both owner links
/compatibility/coral-beauty-and-ember-tetra/,coral-beauty,ember-tetra,False,False,/compatibility/coral-beauty/,/compatibility/ember-tetra/,Ensure both owner links
/compatibility/coral-beauty-and-fire-eel/,coral-beauty,fire-eel,False,False,/compatibility/coral-beauty/,/compatibility/fire-eel/,Ensure both owner links
/compatibility/coral-beauty-and-firefish-goby/,coral-beauty,firefish-goby,False,False,/compatibility/coral-beauty/,/compatibility/firefish-goby/,Ensure both owner links
/compatibility/coral-beauty-and-flame-angelfish/,coral-beauty,flame-angelfish,False,False,/compatibility/coral-beauty/,/compatibility/flame-angelfish/,Ensure both owner links
/compatibility/coral-beauty-and-foxface-rabbitfish/,coral-beauty,foxface-rabbitfish,False,False,/compatibility/coral-beauty/,/compatibility/foxface-rabbitfish/,Ensure both owner links
/compatibility/coral-beauty-and-frontosa-cichlid/,coral-beauty,frontosa-cichlid,False,False,/compatibility/coral-beauty/,/compatibility/frontosa-cichlid/,Ensure both owner links
/compatibility/coral-beauty-and-giant-danio/,coral-beauty,giant-danio,False,False,/compatibility/coral-beauty/,/compatibility/giant-danio/,Ensure both owner links
/compatibility/coral-beauty-and-glass-catfish/,coral-beauty,glass-catfish,False,False,/compatibility/coral-beauty/,/compatibility/glass-catfish/,Ensure both owner links
/compatibility/coral-beauty-and-glowlight-danio/,coral-beauty,glowlight-danio,False,False,/compatibility/coral-beauty/,/compatibility/glowlight-danio/,Ensure both owner links
/compatibility/coral-beauty-and-glowlight-tetra/,coral-beauty,glowlight-tetra,False,False,/compatibility/coral-beauty/,/compatibility/glowlight-tetra/,Ensure both owner links
/compatibility/coral-beauty-and-goldfish/,coral-beauty,goldfish,False,False,/compatibility/coral-beauty/,/compatibility/goldfish/,Ensure both owner links
/compatibility/coral-beauty-and-green-terror-cichlid/,coral-beauty,green-terror-cichlid,False,False,/compatibility/coral-beauty/,/compatibility/green-terror-cichlid/,Ensure both owner links
/compatibility/coral-beauty-and-guppy/,coral-beauty,guppy,False,False,/compatibility/coral-beauty/,/compatibility/guppy/,Ensure both owner links
/compatibility/coral-beauty-and-harlequin-rasbora/,coral-beauty,harlequin-rasbora,False,False,/compatibility/coral-beauty/,/compatibility/harlequin-rasbora/,Ensure both owner links
/compatibility/coral-beauty-and-hillstream-loach/,coral-beauty,hillstream-loach,False,False,/compatibility/coral-beauty/,/compatibility/hillstream-loach/,Ensure both owner links
/compatibility/coral-beauty-and-honey-gourami/,coral-beauty,honey-gourami,False,False,/compatibility/coral-beauty/,/compatibility/honey-gourami/,Ensure both owner links
/compatibility/coral-beauty-and-jewel-cichlid/,coral-beauty,jewel-cichlid,False,False,/compatibility/coral-beauty/,/compatibility/jewel-cichlid/,Ensure both owner links
/compatibility/coral-beauty-and-julii-cory/,coral-beauty,julii-cory,False,False,/compatibility/coral-beauty/,/compatibility/julii-cory/,Ensure both owner links
/compatibility/coral-beauty-and-keyhole-cichlid/,coral-beauty,keyhole-cichlid,False,False,/compatibility/coral-beauty/,/compatibility/keyhole-cichlid/,Ensure both owner links
/compatibility/coral-beauty-and-koi/,coral-beauty,koi,False,False,/compatibility/coral-beauty/,/guides/koi-fish-care/tank-mates/,Ensure both owner links
/compatibility/coral-beauty-and-kuhli-loach/,coral-beauty,kuhli-loach,False,False,/compatibility/coral-beauty/,/compatibility/kuhli-loach/,Ensure both owner links
/compatibility/coral-beauty-and-lemon-tetra/,coral-beauty,lemon-tetra,False,False,/compatibility/coral-beauty/,/compatibility/lemon-tetra/,Ensure both owner links
/compatibility/coral-beauty-and-lionfish/,coral-beauty,lionfish,False,False,/compatibility/coral-beauty/,/compatibility/lionfish/,Ensure both owner links
/compatibility/coral-beauty-and-molly/,coral-beauty,molly,False,False,/compatibility/coral-beauty/,/compatibility/molly/,Ensure both owner links
/compatibility/coral-beauty-and-moonlight-gourami/,coral-beauty,moonlight-gourami,False,False,/compatibility/coral-beauty/,/compatibility/moonlight-gourami/,Ensure both owner links
/compatibility/coral-beauty-and-mystery-snail/,coral-beauty,mystery-snail,False,False,/compatibility/coral-beauty/,/compatibility/mystery-snail/,Ensure both owner links
/compatibility/coral-beauty-and-neon-rainbowfish/,coral-beauty,neon-rainbowfish,False,False,/compatibility/coral-beauty/,/compatibility/neon-rainbowfish/,Ensure both owner links
/compatibility/coral-beauty-and-neon-tetra/,coral-beauty,neon-tetra,False,False,/compatibility/coral-beauty/,/compatibility/neon-tetra/,Ensure both owner links
/compatibility/coral-beauty-and-nerite-snail/,coral-beauty,nerite-snail,False,False,/compatibility/coral-beauty/,/compatibility/nerite-snail/,Ensure both owner links
/compatibility/coral-beauty-and-oscar/,coral-beauty,oscar,False,False,/compatibility/coral-beauty/,/guides/oscar-fish-care/tank-mates/,Ensure both owner links
/compatibility/coral-beauty-and-otocinclus/,coral-beauty,otocinclus,False,False,/compatibility/coral-beauty/,/compatibility/otocinclus/,Ensure both owner links
/compatibility/coral-beauty-and-pajama-cardinalfish/,coral-beauty,pajama-cardinalfish,False,False,/compatibility/coral-beauty/,/compatibility/pajama-cardinalfish/,Ensure both owner links
/compatibility/coral-beauty-and-panda-cory/,coral-beauty,panda-cory,False,False,/compatibility/coral-beauty/,/compatibility/panda-cory/,Ensure both owner links
/compatibility/coral-beauty-and-pea-puffer/,coral-beauty,pea-puffer,False,False,/compatibility/coral-beauty/,/compatibility/pea-puffer/,Ensure both owner links
/compatibility/coral-beauty-and-peacock-cichlid/,coral-beauty,peacock-cichlid,False,False,/compatibility/coral-beauty/,/compatibility/peacock-cichlid/,Ensure both owner links
/compatibility/coral-beauty-and-pearl-danio/,coral-beauty,pearl-danio,False,False,/compatibility/coral-beauty/,/compatibility/pearl-danio/,Ensure both owner links
/compatibility/coral-beauty-and-peppered-cory/,coral-beauty,peppered-cory,False,False,/compatibility/coral-beauty/,/compatibility/peppered-cory/,Ensure both owner links
/compatibility/coral-beauty-and-percula-clownfish/,coral-beauty,percula-clownfish,False,False,/compatibility/coral-beauty/,/compatibility/percula-clownfish/,Ensure both owner links
/compatibility/coral-beauty-and-platy/,coral-beauty,platy,False,False,/compatibility/coral-beauty/,/compatibility/platy/,Ensure both owner links
/compatibility/coral-beauty-and-pygmy-corydoras/,coral-beauty,pygmy-corydoras,False,False,/compatibility/coral-beauty/,/compatibility/pygmy-corydoras/,Ensure both owner links
/compatibility/coral-beauty-and-rainbow-shark/,coral-beauty,rainbow-shark,False,False,/compatibility/coral-beauty/,/compatibility/rainbow-shark/,Ensure both owner links
/compatibility/coral-beauty-and-red-eye-tetra/,coral-beauty,red-eye-tetra,False,False,/compatibility/coral-beauty/,/compatibility/red-eye-tetra/,Ensure both owner links
/compatibility/coral-beauty-and-rosy-barb/,coral-beauty,rosy-barb,False,False,/compatibility/coral-beauty/,/compatibility/rosy-barb/,Ensure both owner links
/compatibility/coral-beauty-and-royal-gramma/,coral-beauty,royal-gramma,False,False,/compatibility/coral-beauty/,/compatibility/royal-gramma/,Ensure both owner links
/compatibility/coral-beauty-and-senegal-bichir/,coral-beauty,senegal-bichir,False,False,/compatibility/coral-beauty/,/compatibility/senegal-bichir/,Ensure both owner links
/compatibility/coral-beauty-and-serpae-tetra/,coral-beauty,serpae-tetra,False,False,/compatibility/coral-beauty/,/compatibility/serpae-tetra/,Ensure both owner links
/compatibility/coral-beauty-and-severum-cichlid/,coral-beauty,severum-cichlid,False,False,/compatibility/coral-beauty/,/compatibility/severum-cichlid/,Ensure both owner links
/compatibility/coral-beauty-and-silver-arowana/,coral-beauty,silver-arowana,False,False,/compatibility/coral-beauty/,/compatibility/silver-arowana/,Ensure both owner links
/compatibility/coral-beauty-and-silver-dollar/,coral-beauty,silver-dollar,False,False,/compatibility/coral-beauty/,/compatibility/silver-dollar/,Ensure both owner links
/compatibility/coral-beauty-and-sparkling-gourami/,coral-beauty,sparkling-gourami,False,False,/compatibility/coral-beauty/,/compatibility/sparkling-gourami/,Ensure both owner links
/compatibility/coral-beauty-and-sterbai-cory/,coral-beauty,sterbai-cory,False,False,/compatibility/coral-beauty/,/compatibility/sterbai-cory/,Ensure both owner links
/compatibility/coral-beauty-and-swordtail/,coral-beauty,swordtail,False,False,/compatibility/coral-beauty/,/compatibility/swordtail/,Ensure both owner links
/compatibility/coral-beauty-and-texas-cichlid/,coral-beauty,texas-cichlid,False,False,/compatibility/coral-beauty/,/compatibility/texas-cichlid/,Ensure both owner links
/compatibility/coral-beauty-and-threadfin-rainbowfish/,coral-beauty,threadfin-rainbowfish,False,False,/compatibility/coral-beauty/,/compatibility/threadfin-rainbowfish/,Ensure both owner links
/compatibility/coral-beauty-and-three-spot-gourami/,coral-beauty,three-spot-gourami,False,False,/compatibility/coral-beauty/,/compatibility/three-spot-gourami/,Ensure both owner links
/compatibility/coral-beauty-and-tiger-barb/,coral-beauty,tiger-barb,False,False,/compatibility/coral-beauty/,/compatibility/tiger-barb/,Ensure both owner links
/compatibility/coral-beauty-and-watchman-goby/,coral-beauty,watchman-goby,False,False,/compatibility/coral-beauty/,/compatibility/watchman-goby/,Ensure both owner links
/compatibility/coral-beauty-and-weather-loach/,coral-beauty,weather-loach,False,False,/compatibility/coral-beauty/,/compatibility/weather-loach/,Ensure both owner links
/compatibility/coral-beauty-and-x-ray-tetra/,coral-beauty,x-ray-tetra,False,False,/compatibility/coral-beauty/,/compatibility/x-ray-tetra/,Ensure both owner links
/compatibility/coral-beauty-and-yellow-tang/,coral-beauty,yellow-tang,False,False,/compatibility/coral-beauty/,/compatibility/yellow-tang/,Ensure both owner links
/compatibility/coral-beauty-and-yoyo-loach/,coral-beauty,yoyo-loach,False,False,/compatibility/coral-beauty/,/compatibility/yoyo-loach/,Ensure both owner links
/compatibility/coral-beauty-and-zebra-danio/,coral-beauty,zebra-danio,False,False,/compatibility/coral-beauty/,/compatibility/zebra-danio/,Ensure both owner links
/compatibility/coral-beauty-and-zebra-loach/,coral-beauty,zebra-loach,False,False,/compatibility/coral-beauty/,/compatibility/zebra-loach/,Ensure both owner links
/compatibility/coral-beauty-and-zebra-pleco/,coral-beauty,zebra-pleco,False,False,/compatibility/coral-beauty/,/compatibility/zebra-pleco/,Ensure both owner links
/compatibility/corydoras-and-denison-barb/,corydoras,denison-barb,False,False,/compatibility/corydoras/,/compatibility/denison-barb/,Ensure both owner links
/compatibility/corydoras-and-diamond-tetra/,corydoras,diamond-tetra,False,False,/compatibility/corydoras/,/compatibility/diamond-tetra/,Ensure both owner links
/compatibility/corydoras-and-discus/,corydoras,discus,False,False,/compatibility/corydoras/,/guides/discus-fish-care/tank-mates/,Ensure both owner links
/compatibility/corydoras-and-dwarf-chain-loach/,corydoras,dwarf-chain-loach,False,False,/compatibility/corydoras/,/compatibility/dwarf-chain-loach/,Ensure both owner links
/compatibility/corydoras-and-dwarf-gourami/,corydoras,dwarf-gourami,False,False,/compatibility/corydoras/,/compatibility/dwarf-gourami/,Ensure both owner links
/compatibility/corydoras-and-electric-yellow-cichlid/,corydoras,electric-yellow-cichlid,False,False,/compatibility/corydoras/,/compatibility/electric-yellow-cichlid/,Ensure both owner links
/compatibility/corydoras-and-ember-tetra/,corydoras,ember-tetra,False,False,/compatibility/corydoras/,/compatibility/ember-tetra/,Ensure both owner links
/compatibility/corydoras-and-fire-eel/,corydoras,fire-eel,False,False,/compatibility/corydoras/,/compatibility/fire-eel/,Ensure both owner links
/compatibility/corydoras-and-firefish-goby/,corydoras,firefish-goby,False,False,/compatibility/corydoras/,/compatibility/firefish-goby/,Ensure both owner links
/compatibility/corydoras-and-flame-angelfish/,corydoras,flame-angelfish,False,False,/compatibility/corydoras/,/compatibility/flame-angelfish/,Ensure both owner links
/compatibility/corydoras-and-foxface-rabbitfish/,corydoras,foxface-rabbitfish,False,False,/compatibility/corydoras/,/compatibility/foxface-rabbitfish/,Ensure both owner links
/compatibility/corydoras-and-frontosa-cichlid/,corydoras,frontosa-cichlid,False,False,/compatibility/corydoras/,/compatibility/frontosa-cichlid/,Ensure both owner links
/compatibility/corydoras-and-giant-danio/,corydoras,giant-danio,False,False,/compatibility/corydoras/,/compatibility/giant-danio/,Ensure both owner links
/compatibility/corydoras-and-glass-catfish/,corydoras,glass-catfish,False,False,/compatibility/corydoras/,/compatibility/glass-catfish/,Ensure both owner links
/compatibility/corydoras-and-glowlight-danio/,corydoras,glowlight-danio,False,False,/compatibility/corydoras/,/compatibility/glowlight-danio/,Ensure both owner links
/compatibility/corydoras-and-glowlight-tetra/,corydoras,glowlight-tetra,False,False,/compatibility/corydoras/,/compatibility/glowlight-tetra/,Ensure both owner links
/compatibility/corydoras-and-goldfish/,corydoras,goldfish,False,False,/compatibility/corydoras/,/compatibility/goldfish/,Ensure both owner links
/compatibility/corydoras-and-green-terror-cichlid/,corydoras,green-terror-cichlid,False,False,/compatibility/corydoras/,/compatibility/green-terror-cichlid/,Ensure both owner links
/compatibility/corydoras-and-guppy/,corydoras,guppy,False,False,/compatibility/corydoras/,/compatibility/guppy/,Ensure both owner links
/compatibility/corydoras-and-harlequin-rasbora/,corydoras,harlequin-rasbora,False,False,/compatibility/corydoras/,/compatibility/harlequin-rasbora/,Ensure both owner links
/compatibility/corydoras-and-hillstream-loach/,corydoras,hillstream-loach,False,False,/compatibility/corydoras/,/compatibility/hillstream-loach/,Ensure both owner links
/compatibility/corydoras-and-honey-gourami/,corydoras,honey-gourami,False,False,/compatibility/corydoras/,/compatibility/honey-gourami/,Ensure both owner links
/compatibility/corydoras-and-jewel-cichlid/,corydoras,jewel-cichlid,False,False,/compatibility/corydoras/,/compatibility/jewel-cichlid/,Ensure both owner links
/compatibility/corydoras-and-julii-cory/,corydoras,julii-cory,False,False,/compatibility/corydoras/,/compatibility/julii-cory/,Ensure both owner links
/compatibility/corydoras-and-keyhole-cichlid/,corydoras,keyhole-cichlid,False,False,/compatibility/corydoras/,/compatibility/keyhole-cichlid/,Ensure both owner links
/compatibility/corydoras-and-koi/,corydoras,koi,False,False,/compatibility/corydoras/,/guides/koi-fish-care/tank-mates/,Ensure both owner links
/compatibility/corydoras-and-kuhli-loach/,corydoras,kuhli-loach,False,False,/compatibility/corydoras/,/compatibility/kuhli-loach/,Ensure both owner links
/compatibility/corydoras-and-lemon-tetra/,corydoras,lemon-tetra,False,False,/compatibility/corydoras/,/compatibility/lemon-tetra/,Ensure both owner links
/compatibility/corydoras-and-lionfish/,corydoras,lionfish,False,False,/compatibility/corydoras/,/compatibility/lionfish/,Ensure both owner links
/compatibility/corydoras-and-molly/,corydoras,molly,False,False,/compatibility/corydoras/,/compatibility/molly/,Ensure both owner links
/compatibility/corydoras-and-moonlight-gourami/,corydoras,moonlight-gourami,False,False,/compatibility/corydoras/,/compatibility/moonlight-gourami/,Ensure both owner links
/compatibility/corydoras-and-mystery-snail/,corydoras,mystery-snail,False,False,/compatibility/corydoras/,/compatibility/mystery-snail/,Ensure both owner links
/compatibility/corydoras-and-neon-rainbowfish/,corydoras,neon-rainbowfish,False,False,/compatibility/corydoras/,/compatibility/neon-rainbowfish/,Ensure both owner links
/compatibility/corydoras-and-neon-tetra/,corydoras,neon-tetra,False,False,/compatibility/corydoras/,/compatibility/neon-tetra/,Ensure both owner links
/compatibility/corydoras-and-nerite-snail/,corydoras,nerite-snail,False,False,/compatibility/corydoras/,/compatibility/nerite-snail/,Ensure both owner links
/compatibility/corydoras-and-oscar/,corydoras,oscar,False,False,/compatibility/corydoras/,/guides/oscar-fish-care/tank-mates/,Ensure both owner links
/compatibility/corydoras-and-otocinclus/,corydoras,otocinclus,False,False,/compatibility/corydoras/,/compatibility/otocinclus/,Ensure both owner links
/compatibility/corydoras-and-pajama-cardinalfish/,corydoras,pajama-cardinalfish,False,False,/compatibility/corydoras/,/compatibility/pajama-cardinalfish/,Ensure both owner links
/compatibility/corydoras-and-panda-cory/,corydoras,panda-cory,False,False,/compatibility/corydoras/,/compatibility/panda-cory/,Ensure both owner links
/compatibility/corydoras-and-pea-puffer/,corydoras,pea-puffer,False,False,/compatibility/corydoras/,/compatibility/pea-puffer/,Ensure both owner links
/compatibility/corydoras-and-peacock-cichlid/,corydoras,peacock-cichlid,False,False,/compatibility/corydoras/,/compatibility/peacock-cichlid/,Ensure both owner links
/compatibility/corydoras-and-pearl-danio/,corydoras,pearl-danio,False,False,/compatibility/corydoras/,/compatibility/pearl-danio/,Ensure both owner links
/compatibility/corydoras-and-peppered-cory/,corydoras,peppered-cory,False,False,/compatibility/corydoras/,/compatibility/peppered-cory/,Ensure both owner links
/compatibility/corydoras-and-percula-clownfish/,corydoras,percula-clownfish,False,False,/compatibility/corydoras/,/compatibility/percula-clownfish/,Ensure both owner links
/compatibility/corydoras-and-platy/,corydoras,platy,False,False,/compatibility/corydoras/,/compatibility/platy/,Ensure both owner links
/compatibility/corydoras-and-pygmy-corydoras/,corydoras,pygmy-corydoras,False,False,/compatibility/corydoras/,/compatibility/pygmy-corydoras/,Ensure both owner links
/compatibility/corydoras-and-rainbow-shark/,corydoras,rainbow-shark,False,False,/compatibility/corydoras/,/compatibility/rainbow-shark/,Ensure both owner links
/compatibility/corydoras-and-red-eye-tetra/,corydoras,red-eye-tetra,False,False,/compatibility/corydoras/,/compatibility/red-eye-tetra/,Ensure both owner links
/compatibility/corydoras-and-rosy-barb/,corydoras,rosy-barb,False,False,/compatibility/corydoras/,/compatibility/rosy-barb/,Ensure both owner links
/compatibility/corydoras-and-royal-gramma/,corydoras,royal-gramma,False,False,/compatibility/corydoras/,/compatibility/royal-gramma/,Ensure both owner links
/compatibility/corydoras-and-senegal-bichir/,corydoras,senegal-bichir,False,False,/compatibility/corydoras/,/compatibility/senegal-bichir/,Ensure both owner links
/compatibility/corydoras-and-serpae-tetra/,corydoras,serpae-tetra,False,False,/compatibility/corydoras/,/compatibility/serpae-tetra/,Ensure both owner links
/compatibility/corydoras-and-severum-cichlid/,corydoras,severum-cichlid,False,False,/compatibility/corydoras/,/compatibility/severum-cichlid/,Ensure both owner links
/compatibility/corydoras-and-silver-arowana/,corydoras,silver-arowana,False,False,/compatibility/corydoras/,/compatibility/silver-arowana/,Ensure both owner links
/compatibility/corydoras-and-silver-dollar/,corydoras,silver-dollar,False,False,/compatibility/corydoras/,/compatibility/silver-dollar/,Ensure both owner links
/compatibility/corydoras-and-sparkling-gourami/,corydoras,sparkling-gourami,False,False,/compatibility/corydoras/,/compatibility/sparkling-gourami/,Ensure both owner links
/compatibility/corydoras-and-sterbai-cory/,corydoras,sterbai-cory,False,False,/compatibility/corydoras/,/compatibility/sterbai-cory/,Ensure both owner links
/compatibility/corydoras-and-swordtail/,corydoras,swordtail,False,False,/compatibility/corydoras/,/compatibility/swordtail/,Ensure both owner links
/compatibility/corydoras-and-texas-cichlid/,corydoras,texas-cichlid,False,False,/compatibility/corydoras/,/compatibility/texas-cichlid/,Ensure both owner links
/compatibility/corydoras-and-threadfin-rainbowfish/,corydoras,threadfin-rainbowfish,False,False,/compatibility/corydoras/,/compatibility/threadfin-rainbowfish/,Ensure both owner links
/compatibility/corydoras-and-three-spot-gourami/,corydoras,three-spot-gourami,False,False,/compatibility/corydoras/,/compatibility/three-spot-gourami/,Ensure both owner links
/compatibility/corydoras-and-tiger-barb/,corydoras,tiger-barb,False,False,/compatibility/corydoras/,/compatibility/tiger-barb/,Ensure both owner links
/compatibility/corydoras-and-watchman-goby/,corydoras,watchman-goby,False,False,/compatibility/corydoras/,/compatibility/watchman-goby/,Ensure both owner links
/compatibility/corydoras-and-weather-loach/,corydoras,weather-loach,False,False,/compatibility/corydoras/,/compatibility/weather-loach/,Ensure both owner links
/compatibility/corydoras-and-x-ray-tetra/,corydoras,x-ray-tetra,False,False,/compatibility/corydoras/,/compatibility/x-ray-tetra/,Ensure both owner links
/compatibility/corydoras-and-yellow-tang/,corydoras,yellow-tang,False,False,/compatibility/corydoras/,/compatibility/yellow-tang/,Ensure both owner links
/compatibility/corydoras-and-yoyo-loach/,corydoras,yoyo-loach,False,False,/compatibility/corydoras/,/compatibility/yoyo-loach/,Ensure both owner links
/compatibility/corydoras-and-zebra-danio/,corydoras,zebra-danio,False,False,/compatibility/corydoras/,/compatibility/zebra-danio/,Ensure both owner links
/compatibility/corydoras-and-zebra-loach/,corydoras,zebra-loach,False,False,/compatibility/corydoras/,/compatibility/zebra-loach/,Ensure both owner links
/compatibility/corydoras-and-zebra-pleco/,corydoras,zebra-pleco,False,False,/compatibility/corydoras/,/compatibility/zebra-pleco/,Ensure both owner links
/compatibility/denison-barb-and-diamond-tetra/,denison-barb,diamond-tetra,False,False,/compatibility/denison-barb/,/compatibility/diamond-tetra/,Ensure both owner links
/compatibility/denison-barb-and-discus/,denison-barb,discus,False,False,/compatibility/denison-barb/,/guides/discus-fish-care/tank-mates/,Ensure both owner links
/compatibility/denison-barb-and-dwarf-chain-loach/,denison-barb,dwarf-chain-loach,False,False,/compatibility/denison-barb/,/compatibility/dwarf-chain-loach/,Ensure both owner links
/compatibility/denison-barb-and-dwarf-gourami/,denison-barb,dwarf-gourami,False,False,/compatibility/denison-barb/,/compatibility/dwarf-gourami/,Ensure both owner links
/compatibility/denison-barb-and-electric-yellow-cichlid/,denison-barb,electric-yellow-cichlid,False,False,/compatibility/denison-barb/,/compatibility/electric-yellow-cichlid/,Ensure both owner links
/compatibility/denison-barb-and-ember-tetra/,denison-barb,ember-tetra,False,False,/compatibility/denison-barb/,/compatibility/ember-tetra/,Ensure both owner links
/compatibility/denison-barb-and-fire-eel/,denison-barb,fire-eel,False,False,/compatibility/denison-barb/,/compatibility/fire-eel/,Ensure both owner links
/compatibility/denison-barb-and-firefish-goby/,denison-barb,firefish-goby,False,False,/compatibility/denison-barb/,/compatibility/firefish-goby/,Ensure both owner links
/compatibility/denison-barb-and-flame-angelfish/,denison-barb,flame-angelfish,False,False,/compatibility/denison-barb/,/compatibility/flame-angelfish/,Ensure both owner links
/compatibility/denison-barb-and-foxface-rabbitfish/,denison-barb,foxface-rabbitfish,False,False,/compatibility/denison-barb/,/compatibility/foxface-rabbitfish/,Ensure both owner links
/compatibility/denison-barb-and-frontosa-cichlid/,denison-barb,frontosa-cichlid,False,False,/compatibility/denison-barb/,/compatibility/frontosa-cichlid/,Ensure both owner links
/compatibility/denison-barb-and-giant-danio/,denison-barb,giant-danio,False,False,/compatibility/denison-barb/,/compatibility/giant-danio/,Ensure both owner links
/compatibility/denison-barb-and-glass-catfish/,denison-barb,glass-catfish,False,False,/compatibility/denison-barb/,/compatibility/glass-catfish/,Ensure both owner links
/compatibility/denison-barb-and-glowlight-danio/,denison-barb,glowlight-danio,False,False,/compatibility/denison-barb/,/compatibility/glowlight-danio/,Ensure both owner links
/compatibility/denison-barb-and-glowlight-tetra/,denison-barb,glowlight-tetra,False,False,/compatibility/denison-barb/,/compatibility/glowlight-tetra/,Ensure both owner links
/compatibility/denison-barb-and-goldfish/,denison-barb,goldfish,False,False,/compatibility/denison-barb/,/compatibility/goldfish/,Ensure both owner links
/compatibility/denison-barb-and-green-terror-cichlid/,denison-barb,green-terror-cichlid,False,False,/compatibility/denison-barb/,/compatibility/green-terror-cichlid/,Ensure both owner links
/compatibility/denison-barb-and-guppy/,denison-barb,guppy,False,False,/compatibility/denison-barb/,/compatibility/guppy/,Ensure both owner links
/compatibility/denison-barb-and-harlequin-rasbora/,denison-barb,harlequin-rasbora,False,False,/compatibility/denison-barb/,/compatibility/harlequin-rasbora/,Ensure both owner links
/compatibility/denison-barb-and-hillstream-loach/,denison-barb,hillstream-loach,False,False,/compatibility/denison-barb/,/compatibility/hillstream-loach/,Ensure both owner links
/compatibility/denison-barb-and-honey-gourami/,denison-barb,honey-gourami,False,False,/compatibility/denison-barb/,/compatibility/honey-gourami/,Ensure both owner links
/compatibility/denison-barb-and-jewel-cichlid/,denison-barb,jewel-cichlid,False,False,/compatibility/denison-barb/,/compatibility/jewel-cichlid/,Ensure both owner links
/compatibility/denison-barb-and-julii-cory/,denison-barb,julii-cory,False,False,/compatibility/denison-barb/,/compatibility/julii-cory/,Ensure both owner links
/compatibility/denison-barb-and-keyhole-cichlid/,denison-barb,keyhole-cichlid,False,False,/compatibility/denison-barb/,/compatibility/keyhole-cichlid/,Ensure both owner links
/compatibility/denison-barb-and-koi/,denison-barb,koi,False,False,/compatibility/denison-barb/,/guides/koi-fish-care/tank-mates/,Ensure both owner links
/compatibility/denison-barb-and-kuhli-loach/,denison-barb,kuhli-loach,False,False,/compatibility/denison-barb/,/compatibility/kuhli-loach/,Ensure both owner links
/compatibility/denison-barb-and-lemon-tetra/,denison-barb,lemon-tetra,False,False,/compatibility/denison-barb/,/compatibility/lemon-tetra/,Ensure both owner links
/compatibility/denison-barb-and-lionfish/,denison-barb,lionfish,False,False,/compatibility/denison-barb/,/compatibility/lionfish/,Ensure both owner links
/compatibility/denison-barb-and-molly/,denison-barb,molly,False,False,/compatibility/denison-barb/,/compatibility/molly/,Ensure both owner links
/compatibility/denison-barb-and-moonlight-gourami/,denison-barb,moonlight-gourami,False,False,/compatibility/denison-barb/,/compatibility/moonlight-gourami/,Ensure both owner links
/compatibility/denison-barb-and-mystery-snail/,denison-barb,mystery-snail,False,False,/compatibility/denison-barb/,/compatibility/mystery-snail/,Ensure both owner links
/compatibility/denison-barb-and-neon-rainbowfish/,denison-barb,neon-rainbowfish,False,False,/compatibility/denison-barb/,/compatibility/neon-rainbowfish/,Ensure both owner links
/compatibility/denison-barb-and-neon-tetra/,denison-barb,neon-tetra,False,False,/compatibility/denison-barb/,/compatibility/neon-tetra/,Ensure both owner links
/compatibility/denison-barb-and-nerite-snail/,denison-barb,nerite-snail,False,False,/compatibility/denison-barb/,/compatibility/nerite-snail/,Ensure both owner links
/compatibility/denison-barb-and-oscar/,denison-barb,oscar,False,False,/compatibility/denison-barb/,/guides/oscar-fish-care/tank-mates/,Ensure both owner links
/compatibility/denison-barb-and-otocinclus/,denison-barb,otocinclus,False,False,/compatibility/denison-barb/,/compatibility/otocinclus/,Ensure both owner links
/compatibility/denison-barb-and-pajama-cardinalfish/,denison-barb,pajama-cardinalfish,False,False,/compatibility/denison-barb/,/compatibility/pajama-cardinalfish/,Ensure both owner links
/compatibility/denison-barb-and-panda-cory/,denison-barb,panda-cory,False,False,/compatibility/denison-barb/,/compatibility/panda-cory/,Ensure both owner links
/compatibility/denison-barb-and-pea-puffer/,denison-barb,pea-puffer,False,False,/compatibility/denison-barb/,/compatibility/pea-puffer/,Ensure both owner links
/compatibility/denison-barb-and-peacock-cichlid/,denison-barb,peacock-cichlid,False,False,/compatibility/denison-barb/,/compatibility/peacock-cichlid/,Ensure both owner links
/compatibility/denison-barb-and-pearl-danio/,denison-barb,pearl-danio,False,False,/compatibility/denison-barb/,/compatibility/pearl-danio/,Ensure both owner links
/compatibility/denison-barb-and-peppered-cory/,denison-barb,peppered-cory,False,False,/compatibility/denison-barb/,/compatibility/peppered-cory/,Ensure both owner links
/compatibility/denison-barb-and-percula-clownfish/,denison-barb,percula-clownfish,False,False,/compatibility/denison-barb/,/compatibility/percula-clownfish/,Ensure both owner links
/compatibility/denison-barb-and-platy/,denison-barb,platy,False,False,/compatibility/denison-barb/,/compatibility/platy/,Ensure both owner links
/compatibility/denison-barb-and-pygmy-corydoras/,denison-barb,pygmy-corydoras,False,False,/compatibility/denison-barb/,/compatibility/pygmy-corydoras/,Ensure both owner links
/compatibility/denison-barb-and-rainbow-shark/,denison-barb,rainbow-shark,False,False,/compatibility/denison-barb/,/compatibility/rainbow-shark/,Ensure both owner links
/compatibility/denison-barb-and-red-eye-tetra/,denison-barb,red-eye-tetra,False,False,/compatibility/denison-barb/,/compatibility/red-eye-tetra/,Ensure both owner links
/compatibility/denison-barb-and-rosy-barb/,denison-barb,rosy-barb,False,False,/compatibility/denison-barb/,/compatibility/rosy-barb/,Ensure both owner links
/compatibility/denison-barb-and-royal-gramma/,denison-barb,royal-gramma,False,False,/compatibility/denison-barb/,/compatibility/royal-gramma/,Ensure both owner links
/compatibility/denison-barb-and-senegal-bichir/,denison-barb,senegal-bichir,False,False,/compatibility/denison-barb/,/compatibility/senegal-bichir/,Ensure both owner links
/compatibility/denison-barb-and-serpae-tetra/,denison-barb,serpae-tetra,False,False,/compatibility/denison-barb/,/compatibility/serpae-tetra/,Ensure both owner links
/compatibility/denison-barb-and-severum-cichlid/,denison-barb,severum-cichlid,False,False,/compatibility/denison-barb/,/compatibility/severum-cichlid/,Ensure both owner links
/compatibility/denison-barb-and-silver-arowana/,denison-barb,silver-arowana,False,False,/compatibility/denison-barb/,/compatibility/silver-arowana/,Ensure both owner links
/compatibility/denison-barb-and-silver-dollar/,denison-barb,silver-dollar,False,False,/compatibility/denison-barb/,/compatibility/silver-dollar/,Ensure both owner links
/compatibility/denison-barb-and-sparkling-gourami/,denison-barb,sparkling-gourami,False,False,/compatibility/denison-barb/,/compatibility/sparkling-gourami/,Ensure both owner links
/compatibility/denison-barb-and-sterbai-cory/,denison-barb,sterbai-cory,False,False,/compatibility/denison-barb/,/compatibility/sterbai-cory/,Ensure both owner links
/compatibility/denison-barb-and-swordtail/,denison-barb,swordtail,False,False,/compatibility/denison-barb/,/compatibility/swordtail/,Ensure both owner links
/compatibility/denison-barb-and-texas-cichlid/,denison-barb,texas-cichlid,False,False,/compatibility/denison-barb/,/compatibility/texas-cichlid/,Ensure both owner links
/compatibility/denison-barb-and-threadfin-rainbowfish/,denison-barb,threadfin-rainbowfish,False,False,/compatibility/denison-barb/,/compatibility/threadfin-rainbowfish/,Ensure both owner links
/compatibility/denison-barb-and-three-spot-gourami/,denison-barb,three-spot-gourami,False,False,/compatibility/denison-barb/,/compatibility/three-spot-gourami/,Ensure both owner links
/compatibility/denison-barb-and-tiger-barb/,denison-barb,tiger-barb,False,False,/compatibility/denison-barb/,/compatibility/tiger-barb/,Ensure both owner links
/compatibility/denison-barb-and-watchman-goby/,denison-barb,watchman-goby,False,False,/compatibility/denison-barb/,/compatibility/watchman-goby/,Ensure both owner links
/compatibility/denison-barb-and-weather-loach/,denison-barb,weather-loach,False,False,/compatibility/denison-barb/,/compatibility/weather-loach/,Ensure both owner links
/compatibility/denison-barb-and-x-ray-tetra/,denison-barb,x-ray-tetra,False,False,/compatibility/denison-barb/,/compatibility/x-ray-tetra/,Ensure both owner links
/compatibility/denison-barb-and-yellow-tang/,denison-barb,yellow-tang,False,False,/compatibility/denison-barb/,/compatibility/yellow-tang/,Ensure both owner links
/compatibility/denison-barb-and-yoyo-loach/,denison-barb,yoyo-loach,False,False,/compatibility/denison-barb/,/compatibility/yoyo-loach/,Ensure both owner links
/compatibility/denison-barb-and-zebra-danio/,denison-barb,zebra-danio,False,False,/compatibility/denison-barb/,/compatibility/zebra-danio/,Ensure both owner links
/compatibility/denison-barb-and-zebra-loach/,denison-barb,zebra-loach,False,False,/compatibility/denison-barb/,/compatibility/zebra-loach/,Ensure both owner links
/compatibility/denison-barb-and-zebra-pleco/,denison-barb,zebra-pleco,False,False,/compatibility/denison-barb/,/compatibility/zebra-pleco/,Ensure both owner links
/compatibility/diamond-tetra-and-discus/,diamond-tetra,discus,False,False,/compatibility/diamond-tetra/,/guides/discus-fish-care/tank-mates/,Ensure both owner links
/compatibility/diamond-tetra-and-dwarf-chain-loach/,diamond-tetra,dwarf-chain-loach,False,False,/compatibility/diamond-tetra/,/compatibility/dwarf-chain-loach/,Ensure both owner links
/compatibility/diamond-tetra-and-dwarf-gourami/,diamond-tetra,dwarf-gourami,False,False,/compatibility/diamond-tetra/,/compatibility/dwarf-gourami/,Ensure both owner links
/compatibility/diamond-tetra-and-electric-yellow-cichlid/,diamond-tetra,electric-yellow-cichlid,False,False,/compatibility/diamond-tetra/,/compatibility/electric-yellow-cichlid/,Ensure both owner links
/compatibility/diamond-tetra-and-ember-tetra/,diamond-tetra,ember-tetra,False,False,/compatibility/diamond-tetra/,/compatibility/ember-tetra/,Ensure both owner links
/compatibility/diamond-tetra-and-fire-eel/,diamond-tetra,fire-eel,False,False,/compatibility/diamond-tetra/,/compatibility/fire-eel/,Ensure both owner links
/compatibility/diamond-tetra-and-firefish-goby/,diamond-tetra,firefish-goby,False,False,/compatibility/diamond-tetra/,/compatibility/firefish-goby/,Ensure both owner links
/compatibility/diamond-tetra-and-flame-angelfish/,diamond-tetra,flame-angelfish,False,False,/compatibility/diamond-tetra/,/compatibility/flame-angelfish/,Ensure both owner links
/compatibility/diamond-tetra-and-foxface-rabbitfish/,diamond-tetra,foxface-rabbitfish,False,False,/compatibility/diamond-tetra/,/compatibility/foxface-rabbitfish/,Ensure both owner links
/compatibility/diamond-tetra-and-frontosa-cichlid/,diamond-tetra,frontosa-cichlid,False,False,/compatibility/diamond-tetra/,/compatibility/frontosa-cichlid/,Ensure both owner links
/compatibility/diamond-tetra-and-giant-danio/,diamond-tetra,giant-danio,False,False,/compatibility/diamond-tetra/,/compatibility/giant-danio/,Ensure both owner links
/compatibility/diamond-tetra-and-glass-catfish/,diamond-tetra,glass-catfish,False,False,/compatibility/diamond-tetra/,/compatibility/glass-catfish/,Ensure both owner links
/compatibility/diamond-tetra-and-glowlight-danio/,diamond-tetra,glowlight-danio,False,False,/compatibility/diamond-tetra/,/compatibility/glowlight-danio/,Ensure both owner links
/compatibility/diamond-tetra-and-glowlight-tetra/,diamond-tetra,glowlight-tetra,False,False,/compatibility/diamond-tetra/,/compatibility/glowlight-tetra/,Ensure both owner links
/compatibility/diamond-tetra-and-goldfish/,diamond-tetra,goldfish,False,False,/compatibility/diamond-tetra/,/compatibility/goldfish/,Ensure both owner links
/compatibility/diamond-tetra-and-green-terror-cichlid/,diamond-tetra,green-terror-cichlid,False,False,/compatibility/diamond-tetra/,/compatibility/green-terror-cichlid/,Ensure both owner links
/compatibility/diamond-tetra-and-guppy/,diamond-tetra,guppy,False,False,/compatibility/diamond-tetra/,/compatibility/guppy/,Ensure both owner links
/compatibility/diamond-tetra-and-harlequin-rasbora/,diamond-tetra,harlequin-rasbora,False,False,/compatibility/diamond-tetra/,/compatibility/harlequin-rasbora/,Ensure both owner links
/compatibility/diamond-tetra-and-hillstream-loach/,diamond-tetra,hillstream-loach,False,False,/compatibility/diamond-tetra/,/compatibility/hillstream-loach/,Ensure both owner links
/compatibility/diamond-tetra-and-honey-gourami/,diamond-tetra,honey-gourami,False,False,/compatibility/diamond-tetra/,/compatibility/honey-gourami/,Ensure both owner links
/compatibility/diamond-tetra-and-jewel-cichlid/,diamond-tetra,jewel-cichlid,False,False,/compatibility/diamond-tetra/,/compatibility/jewel-cichlid/,Ensure both owner links
/compatibility/diamond-tetra-and-julii-cory/,diamond-tetra,julii-cory,False,False,/compatibility/diamond-tetra/,/compatibility/julii-cory/,Ensure both owner links
/compatibility/diamond-tetra-and-keyhole-cichlid/,diamond-tetra,keyhole-cichlid,False,False,/compatibility/diamond-tetra/,/compatibility/keyhole-cichlid/,Ensure both owner links
/compatibility/diamond-tetra-and-koi/,diamond-tetra,koi,False,False,/compatibility/diamond-tetra/,/guides/koi-fish-care/tank-mates/,Ensure both owner links
/compatibility/diamond-tetra-and-kuhli-loach/,diamond-tetra,kuhli-loach,False,False,/compatibility/diamond-tetra/,/compatibility/kuhli-loach/,Ensure both owner links
/compatibility/diamond-tetra-and-lemon-tetra/,diamond-tetra,lemon-tetra,False,False,/compatibility/diamond-tetra/,/compatibility/lemon-tetra/,Ensure both owner links
/compatibility/diamond-tetra-and-lionfish/,diamond-tetra,lionfish,False,False,/compatibility/diamond-tetra/,/compatibility/lionfish/,Ensure both owner links
/compatibility/diamond-tetra-and-molly/,diamond-tetra,molly,False,False,/compatibility/diamond-tetra/,/compatibility/molly/,Ensure both owner links
/compatibility/diamond-tetra-and-moonlight-gourami/,diamond-tetra,moonlight-gourami,False,False,/compatibility/diamond-tetra/,/compatibility/moonlight-gourami/,Ensure both owner links
/compatibility/diamond-tetra-and-mystery-snail/,diamond-tetra,mystery-snail,False,False,/compatibility/diamond-tetra/,/compatibility/mystery-snail/,Ensure both owner links
/compatibility/diamond-tetra-and-neon-rainbowfish/,diamond-tetra,neon-rainbowfish,False,False,/compatibility/diamond-tetra/,/compatibility/neon-rainbowfish/,Ensure both owner links
/compatibility/diamond-tetra-and-neon-tetra/,diamond-tetra,neon-tetra,False,False,/compatibility/diamond-tetra/,/compatibility/neon-tetra/,Ensure both owner links
/compatibility/diamond-tetra-and-nerite-snail/,diamond-tetra,nerite-snail,False,False,/compatibility/diamond-tetra/,/compatibility/nerite-snail/,Ensure both owner links
/compatibility/diamond-tetra-and-oscar/,diamond-tetra,oscar,False,False,/compatibility/diamond-tetra/,/guides/oscar-fish-care/tank-mates/,Ensure both owner links
/compatibility/diamond-tetra-and-otocinclus/,diamond-tetra,otocinclus,False,False,/compatibility/diamond-tetra/,/compatibility/otocinclus/,Ensure both owner links
/compatibility/diamond-tetra-and-pajama-cardinalfish/,diamond-tetra,pajama-cardinalfish,False,False,/compatibility/diamond-tetra/,/compatibility/pajama-cardinalfish/,Ensure both owner links
/compatibility/diamond-tetra-and-panda-cory/,diamond-tetra,panda-cory,False,False,/compatibility/diamond-tetra/,/compatibility/panda-cory/,Ensure both owner links
/compatibility/diamond-tetra-and-pea-puffer/,diamond-tetra,pea-puffer,False,False,/compatibility/diamond-tetra/,/compatibility/pea-puffer/,Ensure both owner links
/compatibility/diamond-tetra-and-peacock-cichlid/,diamond-tetra,peacock-cichlid,False,False,/compatibility/diamond-tetra/,/compatibility/peacock-cichlid/,Ensure both owner links
/compatibility/diamond-tetra-and-pearl-danio/,diamond-tetra,pearl-danio,False,False,/compatibility/diamond-tetra/,/compatibility/pearl-danio/,Ensure both owner links
/compatibility/diamond-tetra-and-peppered-cory/,diamond-tetra,peppered-cory,False,False,/compatibility/diamond-tetra/,/compatibility/peppered-cory/,Ensure both owner links
/compatibility/diamond-tetra-and-percula-clownfish/,diamond-tetra,percula-clownfish,False,False,/compatibility/diamond-tetra/,/compatibility/percula-clownfish/,Ensure both owner links
/compatibility/diamond-tetra-and-platy/,diamond-tetra,platy,False,False,/compatibility/diamond-tetra/,/compatibility/platy/,Ensure both owner links
/compatibility/diamond-tetra-and-pygmy-corydoras/,diamond-tetra,pygmy-corydoras,False,False,/compatibility/diamond-tetra/,/compatibility/pygmy-corydoras/,Ensure both owner links
/compatibility/diamond-tetra-and-rainbow-shark/,diamond-tetra,rainbow-shark,False,False,/compatibility/diamond-tetra/,/compatibility/rainbow-shark/,Ensure both owner links
/compatibility/diamond-tetra-and-red-eye-tetra/,diamond-tetra,red-eye-tetra,False,False,/compatibility/diamond-tetra/,/compatibility/red-eye-tetra/,Ensure both owner links
/compatibility/diamond-tetra-and-rosy-barb/,diamond-tetra,rosy-barb,False,False,/compatibility/diamond-tetra/,/compatibility/rosy-barb/,Ensure both owner links
/compatibility/diamond-tetra-and-royal-gramma/,diamond-tetra,royal-gramma,False,False,/compatibility/diamond-tetra/,/compatibility/royal-gramma/,Ensure both owner links
/compatibility/diamond-tetra-and-senegal-bichir/,diamond-tetra,senegal-bichir,False,False,/compatibility/diamond-tetra/,/compatibility/senegal-bichir/,Ensure both owner links
/compatibility/diamond-tetra-and-serpae-tetra/,diamond-tetra,serpae-tetra,False,False,/compatibility/diamond-tetra/,/compatibility/serpae-tetra/,Ensure both owner links
/compatibility/diamond-tetra-and-severum-cichlid/,diamond-tetra,severum-cichlid,False,False,/compatibility/diamond-tetra/,/compatibility/severum-cichlid/,Ensure both owner links
/compatibility/diamond-tetra-and-silver-arowana/,diamond-tetra,silver-arowana,False,False,/compatibility/diamond-tetra/,/compatibility/silver-arowana/,Ensure both owner links
/compatibility/diamond-tetra-and-silver-dollar/,diamond-tetra,silver-dollar,False,False,/compatibility/diamond-tetra/,/compatibility/silver-dollar/,Ensure both owner links
/compatibility/diamond-tetra-and-sparkling-gourami/,diamond-tetra,sparkling-gourami,False,False,/compatibility/diamond-tetra/,/compatibility/sparkling-gourami/,Ensure both owner links
/compatibility/diamond-tetra-and-sterbai-cory/,diamond-tetra,sterbai-cory,False,False,/compatibility/diamond-tetra/,/compatibility/sterbai-cory/,Ensure both owner links
/compatibility/diamond-tetra-and-swordtail/,diamond-tetra,swordtail,False,False,/compatibility/diamond-tetra/,/compatibility/swordtail/,Ensure both owner links
/compatibility/diamond-tetra-and-texas-cichlid/,diamond-tetra,texas-cichlid,False,False,/compatibility/diamond-tetra/,/compatibility/texas-cichlid/,Ensure both owner links
/compatibility/diamond-tetra-and-threadfin-rainbowfish/,diamond-tetra,threadfin-rainbowfish,False,False,/compatibility/diamond-tetra/,/compatibility/threadfin-rainbowfish/,Ensure both owner links
/compatibility/diamond-tetra-and-three-spot-gourami/,diamond-tetra,three-spot-gourami,False,False,/compatibility/diamond-tetra/,/compatibility/three-spot-gourami/,Ensure both owner links
/compatibility/diamond-tetra-and-tiger-barb/,diamond-tetra,tiger-barb,False,False,/compatibility/diamond-tetra/,/compatibility/tiger-barb/,Ensure both owner links
/compatibility/diamond-tetra-and-watchman-goby/,diamond-tetra,watchman-goby,False,False,/compatibility/diamond-tetra/,/compatibility/watchman-goby/,Ensure both owner links
/compatibility/diamond-tetra-and-weather-loach/,diamond-tetra,weather-loach,False,False,/compatibility/diamond-tetra/,/compatibility/weather-loach/,Ensure both owner links
/compatibility/diamond-tetra-and-x-ray-tetra/,diamond-tetra,x-ray-tetra,False,False,/compatibility/diamond-tetra/,/compatibility/x-ray-tetra/,Ensure both owner links
/compatibility/diamond-tetra-and-yellow-tang/,diamond-tetra,yellow-tang,False,False,/compatibility/diamond-tetra/,/compatibility/yellow-tang/,Ensure both owner links
/compatibility/diamond-tetra-and-yoyo-loach/,diamond-tetra,yoyo-loach,False,False,/compatibility/diamond-tetra/,/compatibility/yoyo-loach/,Ensure both owner links
/compatibility/diamond-tetra-and-zebra-danio/,diamond-tetra,zebra-danio,False,False,/compatibility/diamond-tetra/,/compatibility/zebra-danio/,Ensure both owner links
/compatibility/diamond-tetra-and-zebra-loach/,diamond-tetra,zebra-loach,False,False,/compatibility/diamond-tetra/,/compatibility/zebra-loach/,Ensure both owner links
/compatibility/diamond-tetra-and-zebra-pleco/,diamond-tetra,zebra-pleco,False,False,/compatibility/diamond-tetra/,/compatibility/zebra-pleco/,Ensure both owner links
/compatibility/discus-and-dwarf-chain-loach/,discus,dwarf-chain-loach,False,False,/guides/discus-fish-care/tank-mates/,/compatibility/dwarf-chain-loach/,Ensure both owner links
/compatibility/discus-and-dwarf-gourami/,discus,dwarf-gourami,False,False,/guides/discus-fish-care/tank-mates/,/compatibility/dwarf-gourami/,Ensure both owner links
/compatibility/discus-and-electric-yellow-cichlid/,discus,electric-yellow-cichlid,False,False,/guides/discus-fish-care/tank-mates/,/compatibility/electric-yellow-cichlid/,Ensure both owner links
/compatibility/discus-and-ember-tetra/,discus,ember-tetra,False,False,/guides/discus-fish-care/tank-mates/,/compatibility/ember-tetra/,Ensure both owner links
/compatibility/discus-and-fire-eel/,discus,fire-eel,False,False,/guides/discus-fish-care/tank-mates/,/compatibility/fire-eel/,Ensure both owner links
/compatibility/discus-and-firefish-goby/,discus,firefish-goby,False,False,/guides/discus-fish-care/tank-mates/,/compatibility/firefish-goby/,Ensure both owner links
/compatibility/discus-and-flame-angelfish/,discus,flame-angelfish,False,False,/guides/discus-fish-care/tank-mates/,/compatibility/flame-angelfish/,Ensure both owner links
/compatibility/discus-and-foxface-rabbitfish/,discus,foxface-rabbitfish,False,False,/guides/discus-fish-care/tank-mates/,/compatibility/foxface-rabbitfish/,Ensure both owner links
/compatibility/discus-and-frontosa-cichlid/,discus,frontosa-cichlid,False,False,/guides/discus-fish-care/tank-mates/,/compatibility/frontosa-cichlid/,Ensure both owner links
/compatibility/discus-and-giant-danio/,discus,giant-danio,False,False,/guides/discus-fish-care/tank-mates/,/compatibility/giant-danio/,Ensure both owner links
/compatibility/discus-and-glass-catfish/,discus,glass-catfish,False,False,/guides/discus-fish-care/tank-mates/,/compatibility/glass-catfish/,Ensure both owner links
/compatibility/discus-and-glowlight-danio/,discus,glowlight-danio,False,False,/guides/discus-fish-care/tank-mates/,/compatibility/glowlight-danio/,Ensure both owner links
/compatibility/discus-and-glowlight-tetra/,discus,glowlight-tetra,False,False,/guides/discus-fish-care/tank-mates/,/compatibility/glowlight-tetra/,Ensure both owner links
/compatibility/discus-and-goldfish/,discus,goldfish,False,False,/guides/discus-fish-care/tank-mates/,/compatibility/goldfish/,Ensure both owner links
/compatibility/discus-and-green-terror-cichlid/,discus,green-terror-cichlid,False,False,/guides/discus-fish-care/tank-mates/,/compatibility/green-terror-cichlid/,Ensure both owner links
/compatibility/discus-and-guppy/,discus,guppy,False,False,/guides/discus-fish-care/tank-mates/,/compatibility/guppy/,Ensure both owner links
/compatibility/discus-and-harlequin-rasbora/,discus,harlequin-rasbora,False,False,/guides/discus-fish-care/tank-mates/,/compatibility/harlequin-rasbora/,Ensure both owner links
/compatibility/discus-and-hillstream-loach/,discus,hillstream-loach,False,False,/guides/discus-fish-care/tank-mates/,/compatibility/hillstream-loach/,Ensure both owner links
/compatibility/discus-and-honey-gourami/,discus,honey-gourami,False,False,/guides/discus-fish-care/tank-mates/,/compatibility/honey-gourami/,Ensure both owner links
/compatibility/discus-and-jewel-cichlid/,discus,jewel-cichlid,False,False,/guides/discus-fish-care/tank-mates/,/compatibility/jewel-cichlid/,Ensure both owner links
/compatibility/discus-and-julii-cory/,discus,julii-cory,False,False,/guides/discus-fish-care/tank-mates/,/compatibility/julii-cory/,Ensure both owner links
/compatibility/discus-and-keyhole-cichlid/,discus,keyhole-cichlid,False,False,/guides/discus-fish-care/tank-mates/,/compatibility/keyhole-cichlid/,Ensure both owner links
/compatibility/discus-and-koi/,discus,koi,False,False,/guides/discus-fish-care/tank-mates/,/guides/koi-fish-care/tank-mates/,Ensure both owner links
/compatibility/discus-and-kuhli-loach/,discus,kuhli-loach,False,False,/guides/discus-fish-care/tank-mates/,/compatibility/kuhli-loach/,Ensure both owner links
/compatibility/discus-and-lemon-tetra/,discus,lemon-tetra,False,False,/guides/discus-fish-care/tank-mates/,/compatibility/lemon-tetra/,Ensure both owner links
/compatibility/discus-and-lionfish/,discus,lionfish,False,False,/guides/discus-fish-care/tank-mates/,/compatibility/lionfish/,Ensure both owner links
/compatibility/discus-and-molly/,discus,molly,False,False,/guides/discus-fish-care/tank-mates/,/compatibility/molly/,Ensure both owner links
/compatibility/discus-and-moonlight-gourami/,discus,moonlight-gourami,False,False,/guides/discus-fish-care/tank-mates/,/compatibility/moonlight-gourami/,Ensure both owner links
/compatibility/discus-and-mystery-snail/,discus,mystery-snail,False,False,/guides/discus-fish-care/tank-mates/,/compatibility/mystery-snail/,Ensure both owner links
/compatibility/discus-and-neon-rainbowfish/,discus,neon-rainbowfish,False,False,/guides/discus-fish-care/tank-mates/,/compatibility/neon-rainbowfish/,Ensure both owner links
/compatibility/discus-and-neon-tetra/,discus,neon-tetra,False,False,/guides/discus-fish-care/tank-mates/,/compatibility/neon-tetra/,Ensure both owner links
/compatibility/discus-and-nerite-snail/,discus,nerite-snail,False,False,/guides/discus-fish-care/tank-mates/,/compatibility/nerite-snail/,Ensure both owner links
/compatibility/discus-and-oscar/,discus,oscar,False,False,/guides/discus-fish-care/tank-mates/,/guides/oscar-fish-care/tank-mates/,Ensure both owner links
/compatibility/discus-and-otocinclus/,discus,otocinclus,False,False,/guides/discus-fish-care/tank-mates/,/compatibility/otocinclus/,Ensure both owner links
/compatibility/discus-and-pajama-cardinalfish/,discus,pajama-cardinalfish,False,False,/guides/discus-fish-care/tank-mates/,/compatibility/pajama-cardinalfish/,Ensure both owner links
/compatibility/discus-and-panda-cory/,discus,panda-cory,False,False,/guides/discus-fish-care/tank-mates/,/compatibility/panda-cory/,Ensure both owner links
/compatibility/discus-and-pea-puffer/,discus,pea-puffer,False,False,/guides/discus-fish-care/tank-mates/,/compatibility/pea-puffer/,Ensure both owner links
/compatibility/discus-and-peacock-cichlid/,discus,peacock-cichlid,False,False,/guides/discus-fish-care/tank-mates/,/compatibility/peacock-cichlid/,Ensure both owner links
/compatibility/discus-and-pearl-danio/,discus,pearl-danio,False,False,/guides/discus-fish-care/tank-mates/,/compatibility/pearl-danio/,Ensure both owner links
/compatibility/discus-and-peppered-cory/,discus,peppered-cory,False,False,/guides/discus-fish-care/tank-mates/,/compatibility/peppered-cory/,Ensure both owner links
/compatibility/discus-and-percula-clownfish/,discus,percula-clownfish,False,False,/guides/discus-fish-care/tank-mates/,/compatibility/percula-clownfish/,Ensure both owner links
/compatibility/discus-and-platy/,discus,platy,False,False,/guides/discus-fish-care/tank-mates/,/compatibility/platy/,Ensure both owner links
/compatibility/discus-and-pygmy-corydoras/,discus,pygmy-corydoras,False,False,/guides/discus-fish-care/tank-mates/,/compatibility/pygmy-corydoras/,Ensure both owner links
/compatibility/discus-and-rainbow-shark/,discus,rainbow-shark,False,False,/guides/discus-fish-care/tank-mates/,/compatibility/rainbow-shark/,Ensure both owner links
/compatibility/discus-and-red-eye-tetra/,discus,red-eye-tetra,False,False,/guides/discus-fish-care/tank-mates/,/compatibility/red-eye-tetra/,Ensure both owner links
/compatibility/discus-and-rosy-barb/,discus,rosy-barb,False,False,/guides/discus-fish-care/tank-mates/,/compatibility/rosy-barb/,Ensure both owner links
/compatibility/discus-and-royal-gramma/,discus,royal-gramma,False,False,/guides/discus-fish-care/tank-mates/,/compatibility/royal-gramma/,Ensure both owner links
/compatibility/discus-and-senegal-bichir/,discus,senegal-bichir,False,False,/guides/discus-fish-care/tank-mates/,/compatibility/senegal-bichir/,Ensure both owner links
/compatibility/discus-and-serpae-tetra/,discus,serpae-tetra,False,False,/guides/discus-fish-care/tank-mates/,/compatibility/serpae-tetra/,Ensure both owner links
/compatibility/discus-and-severum-cichlid/,discus,severum-cichlid,False,False,/guides/discus-fish-care/tank-mates/,/compatibility/severum-cichlid/,Ensure both owner links
/compatibility/discus-and-silver-arowana/,discus,silver-arowana,False,False,/guides/discus-fish-care/tank-mates/,/compatibility/silver-arowana/,Ensure both owner links
/compatibility/discus-and-silver-dollar/,discus,silver-dollar,False,False,/guides/discus-fish-care/tank-mates/,/compatibility/silver-dollar/,Ensure both owner links
/compatibility/discus-and-sparkling-gourami/,discus,sparkling-gourami,False,False,/guides/discus-fish-care/tank-mates/,/compatibility/sparkling-gourami/,Ensure both owner links
/compatibility/discus-and-sterbai-cory/,discus,sterbai-cory,False,False,/guides/discus-fish-care/tank-mates/,/compatibility/sterbai-cory/,Ensure both owner links
/compatibility/discus-and-swordtail/,discus,swordtail,False,False,/guides/discus-fish-care/tank-mates/,/compatibility/swordtail/,Ensure both owner links
/compatibility/discus-and-texas-cichlid/,discus,texas-cichlid,False,False,/guides/discus-fish-care/tank-mates/,/compatibility/texas-cichlid/,Ensure both owner links
/compatibility/discus-and-threadfin-rainbowfish/,discus,threadfin-rainbowfish,False,False,/guides/discus-fish-care/tank-mates/,/compatibility/threadfin-rainbowfish/,Ensure both owner links
/compatibility/discus-and-three-spot-gourami/,discus,three-spot-gourami,False,False,/guides/discus-fish-care/tank-mates/,/compatibility/three-spot-gourami/,Ensure both owner links
/compatibility/discus-and-tiger-barb/,discus,tiger-barb,False,False,/guides/discus-fish-care/tank-mates/,/compatibility/tiger-barb/,Ensure both owner links
/compatibility/discus-and-watchman-goby/,discus,watchman-goby,False,False,/guides/discus-fish-care/tank-mates/,/compatibility/watchman-goby/,Ensure both owner links
/compatibility/discus-and-weather-loach/,discus,weather-loach,False,False,/guides/discus-fish-care/tank-mates/,/compatibility/weather-loach/,Ensure both owner links
/compatibility/discus-and-x-ray-tetra/,discus,x-ray-tetra,False,False,/guides/discus-fish-care/tank-mates/,/compatibility/x-ray-tetra/,Ensure both owner links
/compatibility/discus-and-yellow-tang/,discus,yellow-tang,False,False,/guides/discus-fish-care/tank-mates/,/compatibility/yellow-tang/,Ensure both owner links
/compatibility/discus-and-yoyo-loach/,discus,yoyo-loach,False,False,/guides/discus-fish-care/tank-mates/,/compatibility/yoyo-loach/,Ensure both owner links
/compatibility/discus-and-zebra-danio/,discus,zebra-danio,False,False,/guides/discus-fish-care/tank-mates/,/compatibility/zebra-danio/,Ensure both owner links
/compatibility/discus-and-zebra-loach/,discus,zebra-loach,False,False,/guides/discus-fish-care/tank-mates/,/compatibility/zebra-loach/,Ensure both owner links
/compatibility/discus-and-zebra-pleco/,discus,zebra-pleco,False,False,/guides/discus-fish-care/tank-mates/,/compatibility/zebra-pleco/,Ensure both owner links
/compatibility/dwarf-chain-loach-and-dwarf-gourami/,dwarf-chain-loach,dwarf-gourami,False,False,/compatibility/dwarf-chain-loach/,/compatibility/dwarf-gourami/,Ensure both owner links
/compatibility/dwarf-chain-loach-and-electric-yellow-cichlid/,dwarf-chain-loach,electric-yellow-cichlid,False,False,/compatibility/dwarf-chain-loach/,/compatibility/electric-yellow-cichlid/,Ensure both owner links
/compatibility/dwarf-chain-loach-and-ember-tetra/,dwarf-chain-loach,ember-tetra,False,False,/compatibility/dwarf-chain-loach/,/compatibility/ember-tetra/,Ensure both owner links
/compatibility/dwarf-chain-loach-and-fire-eel/,dwarf-chain-loach,fire-eel,False,False,/compatibility/dwarf-chain-loach/,/compatibility/fire-eel/,Ensure both owner links
/compatibility/dwarf-chain-loach-and-firefish-goby/,dwarf-chain-loach,firefish-goby,False,False,/compatibility/dwarf-chain-loach/,/compatibility/firefish-goby/,Ensure both owner links
/compatibility/dwarf-chain-loach-and-flame-angelfish/,dwarf-chain-loach,flame-angelfish,False,False,/compatibility/dwarf-chain-loach/,/compatibility/flame-angelfish/,Ensure both owner links
/compatibility/dwarf-chain-loach-and-foxface-rabbitfish/,dwarf-chain-loach,foxface-rabbitfish,False,False,/compatibility/dwarf-chain-loach/,/compatibility/foxface-rabbitfish/,Ensure both owner links
/compatibility/dwarf-chain-loach-and-frontosa-cichlid/,dwarf-chain-loach,frontosa-cichlid,False,False,/compatibility/dwarf-chain-loach/,/compatibility/frontosa-cichlid/,Ensure both owner links
/compatibility/dwarf-chain-loach-and-giant-danio/,dwarf-chain-loach,giant-danio,False,False,/compatibility/dwarf-chain-loach/,/compatibility/giant-danio/,Ensure both owner links
/compatibility/dwarf-chain-loach-and-glass-catfish/,dwarf-chain-loach,glass-catfish,False,False,/compatibility/dwarf-chain-loach/,/compatibility/glass-catfish/,Ensure both owner links
/compatibility/dwarf-chain-loach-and-glowlight-danio/,dwarf-chain-loach,glowlight-danio,False,False,/compatibility/dwarf-chain-loach/,/compatibility/glowlight-danio/,Ensure both owner links
/compatibility/dwarf-chain-loach-and-glowlight-tetra/,dwarf-chain-loach,glowlight-tetra,False,False,/compatibility/dwarf-chain-loach/,/compatibility/glowlight-tetra/,Ensure both owner links
/compatibility/dwarf-chain-loach-and-goldfish/,dwarf-chain-loach,goldfish,False,False,/compatibility/dwarf-chain-loach/,/compatibility/goldfish/,Ensure both owner links
/compatibility/dwarf-chain-loach-and-green-terror-cichlid/,dwarf-chain-loach,green-terror-cichlid,False,False,/compatibility/dwarf-chain-loach/,/compatibility/green-terror-cichlid/,Ensure both owner links
/compatibility/dwarf-chain-loach-and-guppy/,dwarf-chain-loach,guppy,False,False,/compatibility/dwarf-chain-loach/,/compatibility/guppy/,Ensure both owner links
/compatibility/dwarf-chain-loach-and-harlequin-rasbora/,dwarf-chain-loach,harlequin-rasbora,False,False,/compatibility/dwarf-chain-loach/,/compatibility/harlequin-rasbora/,Ensure both owner links
/compatibility/dwarf-chain-loach-and-hillstream-loach/,dwarf-chain-loach,hillstream-loach,False,False,/compatibility/dwarf-chain-loach/,/compatibility/hillstream-loach/,Ensure both owner links
/compatibility/dwarf-chain-loach-and-honey-gourami/,dwarf-chain-loach,honey-gourami,False,False,/compatibility/dwarf-chain-loach/,/compatibility/honey-gourami/,Ensure both owner links
/compatibility/dwarf-chain-loach-and-jewel-cichlid/,dwarf-chain-loach,jewel-cichlid,False,False,/compatibility/dwarf-chain-loach/,/compatibility/jewel-cichlid/,Ensure both owner links
/compatibility/dwarf-chain-loach-and-julii-cory/,dwarf-chain-loach,julii-cory,False,False,/compatibility/dwarf-chain-loach/,/compatibility/julii-cory/,Ensure both owner links
/compatibility/dwarf-chain-loach-and-keyhole-cichlid/,dwarf-chain-loach,keyhole-cichlid,False,False,/compatibility/dwarf-chain-loach/,/compatibility/keyhole-cichlid/,Ensure both owner links
/compatibility/dwarf-chain-loach-and-koi/,dwarf-chain-loach,koi,False,False,/compatibility/dwarf-chain-loach/,/guides/koi-fish-care/tank-mates/,Ensure both owner links
/compatibility/dwarf-chain-loach-and-kuhli-loach/,dwarf-chain-loach,kuhli-loach,False,False,/compatibility/dwarf-chain-loach/,/compatibility/kuhli-loach/,Ensure both owner links
/compatibility/dwarf-chain-loach-and-lemon-tetra/,dwarf-chain-loach,lemon-tetra,False,False,/compatibility/dwarf-chain-loach/,/compatibility/lemon-tetra/,Ensure both owner links
/compatibility/dwarf-chain-loach-and-lionfish/,dwarf-chain-loach,lionfish,False,False,/compatibility/dwarf-chain-loach/,/compatibility/lionfish/,Ensure both owner links
/compatibility/dwarf-chain-loach-and-molly/,dwarf-chain-loach,molly,False,False,/compatibility/dwarf-chain-loach/,/compatibility/molly/,Ensure both owner links
/compatibility/dwarf-chain-loach-and-moonlight-gourami/,dwarf-chain-loach,moonlight-gourami,False,False,/compatibility/dwarf-chain-loach/,/compatibility/moonlight-gourami/,Ensure both owner links
/compatibility/dwarf-chain-loach-and-mystery-snail/,dwarf-chain-loach,mystery-snail,False,False,/compatibility/dwarf-chain-loach/,/compatibility/mystery-snail/,Ensure both owner links
/compatibility/dwarf-chain-loach-and-neon-rainbowfish/,dwarf-chain-loach,neon-rainbowfish,False,False,/compatibility/dwarf-chain-loach/,/compatibility/neon-rainbowfish/,Ensure both owner links
/compatibility/dwarf-chain-loach-and-neon-tetra/,dwarf-chain-loach,neon-tetra,False,False,/compatibility/dwarf-chain-loach/,/compatibility/neon-tetra/,Ensure both owner links
/compatibility/dwarf-chain-loach-and-nerite-snail/,dwarf-chain-loach,nerite-snail,False,False,/compatibility/dwarf-chain-loach/,/compatibility/nerite-snail/,Ensure both owner links
/compatibility/dwarf-chain-loach-and-oscar/,dwarf-chain-loach,oscar,False,False,/compatibility/dwarf-chain-loach/,/guides/oscar-fish-care/tank-mates/,Ensure both owner links
/compatibility/dwarf-chain-loach-and-otocinclus/,dwarf-chain-loach,otocinclus,False,False,/compatibility/dwarf-chain-loach/,/compatibility/otocinclus/,Ensure both owner links
/compatibility/dwarf-chain-loach-and-pajama-cardinalfish/,dwarf-chain-loach,pajama-cardinalfish,False,False,/compatibility/dwarf-chain-loach/,/compatibility/pajama-cardinalfish/,Ensure both owner links
/compatibility/dwarf-chain-loach-and-panda-cory/,dwarf-chain-loach,panda-cory,False,False,/compatibility/dwarf-chain-loach/,/compatibility/panda-cory/,Ensure both owner links
/compatibility/dwarf-chain-loach-and-pea-puffer/,dwarf-chain-loach,pea-puffer,False,False,/compatibility/dwarf-chain-loach/,/compatibility/pea-puffer/,Ensure both owner links
/compatibility/dwarf-chain-loach-and-peacock-cichlid/,dwarf-chain-loach,peacock-cichlid,False,False,/compatibility/dwarf-chain-loach/,/compatibility/peacock-cichlid/,Ensure both owner links
/compatibility/dwarf-chain-loach-and-pearl-danio/,dwarf-chain-loach,pearl-danio,False,False,/compatibility/dwarf-chain-loach/,/compatibility/pearl-danio/,Ensure both owner links
/compatibility/dwarf-chain-loach-and-peppered-cory/,dwarf-chain-loach,peppered-cory,False,False,/compatibility/dwarf-chain-loach/,/compatibility/peppered-cory/,Ensure both owner links
/compatibility/dwarf-chain-loach-and-percula-clownfish/,dwarf-chain-loach,percula-clownfish,False,False,/compatibility/dwarf-chain-loach/,/compatibility/percula-clownfish/,Ensure both owner links
/compatibility/dwarf-chain-loach-and-platy/,dwarf-chain-loach,platy,False,False,/compatibility/dwarf-chain-loach/,/compatibility/platy/,Ensure both owner links
/compatibility/dwarf-chain-loach-and-pygmy-corydoras/,dwarf-chain-loach,pygmy-corydoras,False,False,/compatibility/dwarf-chain-loach/,/compatibility/pygmy-corydoras/,Ensure both owner links
/compatibility/dwarf-chain-loach-and-rainbow-shark/,dwarf-chain-loach,rainbow-shark,False,False,/compatibility/dwarf-chain-loach/,/compatibility/rainbow-shark/,Ensure both owner links
/compatibility/dwarf-chain-loach-and-red-eye-tetra/,dwarf-chain-loach,red-eye-tetra,False,False,/compatibility/dwarf-chain-loach/,/compatibility/red-eye-tetra/,Ensure both owner links
/compatibility/dwarf-chain-loach-and-rosy-barb/,dwarf-chain-loach,rosy-barb,False,False,/compatibility/dwarf-chain-loach/,/compatibility/rosy-barb/,Ensure both owner links
/compatibility/dwarf-chain-loach-and-royal-gramma/,dwarf-chain-loach,royal-gramma,False,False,/compatibility/dwarf-chain-loach/,/compatibility/royal-gramma/,Ensure both owner links
/compatibility/dwarf-chain-loach-and-senegal-bichir/,dwarf-chain-loach,senegal-bichir,False,False,/compatibility/dwarf-chain-loach/,/compatibility/senegal-bichir/,Ensure both owner links
/compatibility/dwarf-chain-loach-and-serpae-tetra/,dwarf-chain-loach,serpae-tetra,False,False,/compatibility/dwarf-chain-loach/,/compatibility/serpae-tetra/,Ensure both owner links
/compatibility/dwarf-chain-loach-and-severum-cichlid/,dwarf-chain-loach,severum-cichlid,False,False,/compatibility/dwarf-chain-loach/,/compatibility/severum-cichlid/,Ensure both owner links
/compatibility/dwarf-chain-loach-and-silver-arowana/,dwarf-chain-loach,silver-arowana,False,False,/compatibility/dwarf-chain-loach/,/compatibility/silver-arowana/,Ensure both owner links
/compatibility/dwarf-chain-loach-and-silver-dollar/,dwarf-chain-loach,silver-dollar,False,False,/compatibility/dwarf-chain-loach/,/compatibility/silver-dollar/,Ensure both owner links
/compatibility/dwarf-chain-loach-and-sparkling-gourami/,dwarf-chain-loach,sparkling-gourami,False,False,/compatibility/dwarf-chain-loach/,/compatibility/sparkling-gourami/,Ensure both owner links
/compatibility/dwarf-chain-loach-and-sterbai-cory/,dwarf-chain-loach,sterbai-cory,False,False,/compatibility/dwarf-chain-loach/,/compatibility/sterbai-cory/,Ensure both owner links
/compatibility/dwarf-chain-loach-and-swordtail/,dwarf-chain-loach,swordtail,False,False,/compatibility/dwarf-chain-loach/,/compatibility/swordtail/,Ensure both owner links
/compatibility/dwarf-chain-loach-and-texas-cichlid/,dwarf-chain-loach,texas-cichlid,False,False,/compatibility/dwarf-chain-loach/,/compatibility/texas-cichlid/,Ensure both owner links
/compatibility/dwarf-chain-loach-and-threadfin-rainbowfish/,dwarf-chain-loach,threadfin-rainbowfish,False,False,/compatibility/dwarf-chain-loach/,/compatibility/threadfin-rainbowfish/,Ensure both owner links
/compatibility/dwarf-chain-loach-and-three-spot-gourami/,dwarf-chain-loach,three-spot-gourami,False,False,/compatibility/dwarf-chain-loach/,/compatibility/three-spot-gourami/,Ensure both owner links
/compatibility/dwarf-chain-loach-and-tiger-barb/,dwarf-chain-loach,tiger-barb,False,False,/compatibility/dwarf-chain-loach/,/compatibility/tiger-barb/,Ensure both owner links
/compatibility/dwarf-chain-loach-and-watchman-goby/,dwarf-chain-loach,watchman-goby,False,False,/compatibility/dwarf-chain-loach/,/compatibility/watchman-goby/,Ensure both owner links
/compatibility/dwarf-chain-loach-and-weather-loach/,dwarf-chain-loach,weather-loach,False,False,/compatibility/dwarf-chain-loach/,/compatibility/weather-loach/,Ensure both owner links
/compatibility/dwarf-chain-loach-and-x-ray-tetra/,dwarf-chain-loach,x-ray-tetra,False,False,/compatibility/dwarf-chain-loach/,/compatibility/x-ray-tetra/,Ensure both owner links
/compatibility/dwarf-chain-loach-and-yellow-tang/,dwarf-chain-loach,yellow-tang,False,False,/compatibility/dwarf-chain-loach/,/compatibility/yellow-tang/,Ensure both owner links
/compatibility/dwarf-chain-loach-and-yoyo-loach/,dwarf-chain-loach,yoyo-loach,False,False,/compatibility/dwarf-chain-loach/,/compatibility/yoyo-loach/,Ensure both owner links
/compatibility/dwarf-chain-loach-and-zebra-danio/,dwarf-chain-loach,zebra-danio,False,False,/compatibility/dwarf-chain-loach/,/compatibility/zebra-danio/,Ensure both owner links
/compatibility/dwarf-chain-loach-and-zebra-loach/,dwarf-chain-loach,zebra-loach,False,False,/compatibility/dwarf-chain-loach/,/compatibility/zebra-loach/,Ensure both owner links
/compatibility/dwarf-chain-loach-and-zebra-pleco/,dwarf-chain-loach,zebra-pleco,False,False,/compatibility/dwarf-chain-loach/,/compatibility/zebra-pleco/,Ensure both owner links
/compatibility/dwarf-gourami-and-electric-yellow-cichlid/,dwarf-gourami,electric-yellow-cichlid,False,False,/compatibility/dwarf-gourami/,/compatibility/electric-yellow-cichlid/,Ensure both owner links
/compatibility/dwarf-gourami-and-ember-tetra/,dwarf-gourami,ember-tetra,False,False,/compatibility/dwarf-gourami/,/compatibility/ember-tetra/,Ensure both owner links
/compatibility/dwarf-gourami-and-fire-eel/,dwarf-gourami,fire-eel,False,False,/compatibility/dwarf-gourami/,/compatibility/fire-eel/,Ensure both owner links
/compatibility/dwarf-gourami-and-firefish-goby/,dwarf-gourami,firefish-goby,False,False,/compatibility/dwarf-gourami/,/compatibility/firefish-goby/,Ensure both owner links
/compatibility/dwarf-gourami-and-flame-angelfish/,dwarf-gourami,flame-angelfish,False,False,/compatibility/dwarf-gourami/,/compatibility/flame-angelfish/,Ensure both owner links
/compatibility/dwarf-gourami-and-foxface-rabbitfish/,dwarf-gourami,foxface-rabbitfish,False,False,/compatibility/dwarf-gourami/,/compatibility/foxface-rabbitfish/,Ensure both owner links
/compatibility/dwarf-gourami-and-frontosa-cichlid/,dwarf-gourami,frontosa-cichlid,False,False,/compatibility/dwarf-gourami/,/compatibility/frontosa-cichlid/,Ensure both owner links
/compatibility/dwarf-gourami-and-giant-danio/,dwarf-gourami,giant-danio,False,False,/compatibility/dwarf-gourami/,/compatibility/giant-danio/,Ensure both owner links
/compatibility/dwarf-gourami-and-glass-catfish/,dwarf-gourami,glass-catfish,False,False,/compatibility/dwarf-gourami/,/compatibility/glass-catfish/,Ensure both owner links
/compatibility/dwarf-gourami-and-glowlight-danio/,dwarf-gourami,glowlight-danio,False,False,/compatibility/dwarf-gourami/,/compatibility/glowlight-danio/,Ensure both owner links
/compatibility/dwarf-gourami-and-glowlight-tetra/,dwarf-gourami,glowlight-tetra,False,False,/compatibility/dwarf-gourami/,/compatibility/glowlight-tetra/,Ensure both owner links
/compatibility/dwarf-gourami-and-goldfish/,dwarf-gourami,goldfish,False,False,/compatibility/dwarf-gourami/,/compatibility/goldfish/,Ensure both owner links
/compatibility/dwarf-gourami-and-green-terror-cichlid/,dwarf-gourami,green-terror-cichlid,False,False,/compatibility/dwarf-gourami/,/compatibility/green-terror-cichlid/,Ensure both owner links
/compatibility/dwarf-gourami-and-guppy/,dwarf-gourami,guppy,False,False,/compatibility/dwarf-gourami/,/compatibility/guppy/,Ensure both owner links
/compatibility/dwarf-gourami-and-harlequin-rasbora/,dwarf-gourami,harlequin-rasbora,False,False,/compatibility/dwarf-gourami/,/compatibility/harlequin-rasbora/,Ensure both owner links
/compatibility/dwarf-gourami-and-hillstream-loach/,dwarf-gourami,hillstream-loach,False,False,/compatibility/dwarf-gourami/,/compatibility/hillstream-loach/,Ensure both owner links
/compatibility/dwarf-gourami-and-honey-gourami/,dwarf-gourami,honey-gourami,False,False,/compatibility/dwarf-gourami/,/compatibility/honey-gourami/,Ensure both owner links
/compatibility/dwarf-gourami-and-jewel-cichlid/,dwarf-gourami,jewel-cichlid,False,False,/compatibility/dwarf-gourami/,/compatibility/jewel-cichlid/,Ensure both owner links
/compatibility/dwarf-gourami-and-julii-cory/,dwarf-gourami,julii-cory,False,False,/compatibility/dwarf-gourami/,/compatibility/julii-cory/,Ensure both owner links
/compatibility/dwarf-gourami-and-keyhole-cichlid/,dwarf-gourami,keyhole-cichlid,False,False,/compatibility/dwarf-gourami/,/compatibility/keyhole-cichlid/,Ensure both owner links
/compatibility/dwarf-gourami-and-koi/,dwarf-gourami,koi,False,False,/compatibility/dwarf-gourami/,/guides/koi-fish-care/tank-mates/,Ensure both owner links
/compatibility/dwarf-gourami-and-kuhli-loach/,dwarf-gourami,kuhli-loach,False,False,/compatibility/dwarf-gourami/,/compatibility/kuhli-loach/,Ensure both owner links
/compatibility/dwarf-gourami-and-lemon-tetra/,dwarf-gourami,lemon-tetra,False,False,/compatibility/dwarf-gourami/,/compatibility/lemon-tetra/,Ensure both owner links
/compatibility/dwarf-gourami-and-lionfish/,dwarf-gourami,lionfish,False,False,/compatibility/dwarf-gourami/,/compatibility/lionfish/,Ensure both owner links
/compatibility/dwarf-gourami-and-molly/,dwarf-gourami,molly,False,False,/compatibility/dwarf-gourami/,/compatibility/molly/,Ensure both owner links
/compatibility/dwarf-gourami-and-moonlight-gourami/,dwarf-gourami,moonlight-gourami,False,False,/compatibility/dwarf-gourami/,/compatibility/moonlight-gourami/,Ensure both owner links
/compatibility/dwarf-gourami-and-mystery-snail/,dwarf-gourami,mystery-snail,False,False,/compatibility/dwarf-gourami/,/compatibility/mystery-snail/,Ensure both owner links
/compatibility/dwarf-gourami-and-neon-rainbowfish/,dwarf-gourami,neon-rainbowfish,False,False,/compatibility/dwarf-gourami/,/compatibility/neon-rainbowfish/,Ensure both owner links
/compatibility/dwarf-gourami-and-neon-tetra/,dwarf-gourami,neon-tetra,False,False,/compatibility/dwarf-gourami/,/compatibility/neon-tetra/,Ensure both owner links
/compatibility/dwarf-gourami-and-nerite-snail/,dwarf-gourami,nerite-snail,False,False,/compatibility/dwarf-gourami/,/compatibility/nerite-snail/,Ensure both owner links
/compatibility/dwarf-gourami-and-oscar/,dwarf-gourami,oscar,False,False,/compatibility/dwarf-gourami/,/guides/oscar-fish-care/tank-mates/,Ensure both owner links
/compatibility/dwarf-gourami-and-otocinclus/,dwarf-gourami,otocinclus,False,False,/compatibility/dwarf-gourami/,/compatibility/otocinclus/,Ensure both owner links
/compatibility/dwarf-gourami-and-pajama-cardinalfish/,dwarf-gourami,pajama-cardinalfish,False,False,/compatibility/dwarf-gourami/,/compatibility/pajama-cardinalfish/,Ensure both owner links
/compatibility/dwarf-gourami-and-panda-cory/,dwarf-gourami,panda-cory,False,False,/compatibility/dwarf-gourami/,/compatibility/panda-cory/,Ensure both owner links
/compatibility/dwarf-gourami-and-pea-puffer/,dwarf-gourami,pea-puffer,False,False,/compatibility/dwarf-gourami/,/compatibility/pea-puffer/,Ensure both owner links
/compatibility/dwarf-gourami-and-peacock-cichlid/,dwarf-gourami,peacock-cichlid,False,False,/compatibility/dwarf-gourami/,/compatibility/peacock-cichlid/,Ensure both owner links
/compatibility/dwarf-gourami-and-pearl-danio/,dwarf-gourami,pearl-danio,False,False,/compatibility/dwarf-gourami/,/compatibility/pearl-danio/,Ensure both owner links
/compatibility/dwarf-gourami-and-peppered-cory/,dwarf-gourami,peppered-cory,False,False,/compatibility/dwarf-gourami/,/compatibility/peppered-cory/,Ensure both owner links
/compatibility/dwarf-gourami-and-percula-clownfish/,dwarf-gourami,percula-clownfish,False,False,/compatibility/dwarf-gourami/,/compatibility/percula-clownfish/,Ensure both owner links
/compatibility/dwarf-gourami-and-platy/,dwarf-gourami,platy,False,False,/compatibility/dwarf-gourami/,/compatibility/platy/,Ensure both owner links
/compatibility/dwarf-gourami-and-pygmy-corydoras/,dwarf-gourami,pygmy-corydoras,False,False,/compatibility/dwarf-gourami/,/compatibility/pygmy-corydoras/,Ensure both owner links
/compatibility/dwarf-gourami-and-rainbow-shark/,dwarf-gourami,rainbow-shark,False,False,/compatibility/dwarf-gourami/,/compatibility/rainbow-shark/,Ensure both owner links
/compatibility/dwarf-gourami-and-red-eye-tetra/,dwarf-gourami,red-eye-tetra,False,False,/compatibility/dwarf-gourami/,/compatibility/red-eye-tetra/,Ensure both owner links
/compatibility/dwarf-gourami-and-rosy-barb/,dwarf-gourami,rosy-barb,False,False,/compatibility/dwarf-gourami/,/compatibility/rosy-barb/,Ensure both owner links
/compatibility/dwarf-gourami-and-royal-gramma/,dwarf-gourami,royal-gramma,False,False,/compatibility/dwarf-gourami/,/compatibility/royal-gramma/,Ensure both owner links
/compatibility/dwarf-gourami-and-senegal-bichir/,dwarf-gourami,senegal-bichir,False,False,/compatibility/dwarf-gourami/,/compatibility/senegal-bichir/,Ensure both owner links
/compatibility/dwarf-gourami-and-serpae-tetra/,dwarf-gourami,serpae-tetra,False,False,/compatibility/dwarf-gourami/,/compatibility/serpae-tetra/,Ensure both owner links
/compatibility/dwarf-gourami-and-severum-cichlid/,dwarf-gourami,severum-cichlid,False,False,/compatibility/dwarf-gourami/,/compatibility/severum-cichlid/,Ensure both owner links
/compatibility/dwarf-gourami-and-silver-arowana/,dwarf-gourami,silver-arowana,False,False,/compatibility/dwarf-gourami/,/compatibility/silver-arowana/,Ensure both owner links
/compatibility/dwarf-gourami-and-silver-dollar/,dwarf-gourami,silver-dollar,False,False,/compatibility/dwarf-gourami/,/compatibility/silver-dollar/,Ensure both owner links
/compatibility/dwarf-gourami-and-sparkling-gourami/,dwarf-gourami,sparkling-gourami,False,False,/compatibility/dwarf-gourami/,/compatibility/sparkling-gourami/,Ensure both owner links
/compatibility/dwarf-gourami-and-sterbai-cory/,dwarf-gourami,sterbai-cory,False,False,/compatibility/dwarf-gourami/,/compatibility/sterbai-cory/,Ensure both owner links
/compatibility/dwarf-gourami-and-swordtail/,dwarf-gourami,swordtail,False,False,/compatibility/dwarf-gourami/,/compatibility/swordtail/,Ensure both owner links
/compatibility/dwarf-gourami-and-texas-cichlid/,dwarf-gourami,texas-cichlid,False,False,/compatibility/dwarf-gourami/,/compatibility/texas-cichlid/,Ensure both owner links
/compatibility/dwarf-gourami-and-threadfin-rainbowfish/,dwarf-gourami,threadfin-rainbowfish,False,False,/compatibility/dwarf-gourami/,/compatibility/threadfin-rainbowfish/,Ensure both owner links
/compatibility/dwarf-gourami-and-three-spot-gourami/,dwarf-gourami,three-spot-gourami,False,False,/compatibility/dwarf-gourami/,/compatibility/three-spot-gourami/,Ensure both owner links
/compatibility/dwarf-gourami-and-tiger-barb/,dwarf-gourami,tiger-barb,False,False,/compatibility/dwarf-gourami/,/compatibility/tiger-barb/,Ensure both owner links
/compatibility/dwarf-gourami-and-watchman-goby/,dwarf-gourami,watchman-goby,False,False,/compatibility/dwarf-gourami/,/compatibility/watchman-goby/,Ensure both owner links
/compatibility/dwarf-gourami-and-weather-loach/,dwarf-gourami,weather-loach,False,False,/compatibility/dwarf-gourami/,/compatibility/weather-loach/,Ensure both owner links
/compatibility/dwarf-gourami-and-x-ray-tetra/,dwarf-gourami,x-ray-tetra,False,False,/compatibility/dwarf-gourami/,/compatibility/x-ray-tetra/,Ensure both owner links
/compatibility/dwarf-gourami-and-yellow-tang/,dwarf-gourami,yellow-tang,False,False,/compatibility/dwarf-gourami/,/compatibility/yellow-tang/,Ensure both owner links
/compatibility/dwarf-gourami-and-yoyo-loach/,dwarf-gourami,yoyo-loach,False,False,/compatibility/dwarf-gourami/,/compatibility/yoyo-loach/,Ensure both owner links
/compatibility/dwarf-gourami-and-zebra-danio/,dwarf-gourami,zebra-danio,False,False,/compatibility/dwarf-gourami/,/compatibility/zebra-danio/,Ensure both owner links
/compatibility/dwarf-gourami-and-zebra-loach/,dwarf-gourami,zebra-loach,False,False,/compatibility/dwarf-gourami/,/compatibility/zebra-loach/,Ensure both owner links
/compatibility/dwarf-gourami-and-zebra-pleco/,dwarf-gourami,zebra-pleco,False,False,/compatibility/dwarf-gourami/,/compatibility/zebra-pleco/,Ensure both owner links
/compatibility/electric-yellow-cichlid-and-ember-tetra/,electric-yellow-cichlid,ember-tetra,False,False,/compatibility/electric-yellow-cichlid/,/compatibility/ember-tetra/,Ensure both owner links
/compatibility/electric-yellow-cichlid-and-fire-eel/,electric-yellow-cichlid,fire-eel,False,False,/compatibility/electric-yellow-cichlid/,/compatibility/fire-eel/,Ensure both owner links
/compatibility/electric-yellow-cichlid-and-firefish-goby/,electric-yellow-cichlid,firefish-goby,False,False,/compatibility/electric-yellow-cichlid/,/compatibility/firefish-goby/,Ensure both owner links
/compatibility/electric-yellow-cichlid-and-flame-angelfish/,electric-yellow-cichlid,flame-angelfish,False,False,/compatibility/electric-yellow-cichlid/,/compatibility/flame-angelfish/,Ensure both owner links
/compatibility/electric-yellow-cichlid-and-foxface-rabbitfish/,electric-yellow-cichlid,foxface-rabbitfish,False,False,/compatibility/electric-yellow-cichlid/,/compatibility/foxface-rabbitfish/,Ensure both owner links
/compatibility/electric-yellow-cichlid-and-frontosa-cichlid/,electric-yellow-cichlid,frontosa-cichlid,False,False,/compatibility/electric-yellow-cichlid/,/compatibility/frontosa-cichlid/,Ensure both owner links
/compatibility/electric-yellow-cichlid-and-giant-danio/,electric-yellow-cichlid,giant-danio,False,False,/compatibility/electric-yellow-cichlid/,/compatibility/giant-danio/,Ensure both owner links
/compatibility/electric-yellow-cichlid-and-glass-catfish/,electric-yellow-cichlid,glass-catfish,False,False,/compatibility/electric-yellow-cichlid/,/compatibility/glass-catfish/,Ensure both owner links
/compatibility/electric-yellow-cichlid-and-glowlight-danio/,electric-yellow-cichlid,glowlight-danio,False,False,/compatibility/electric-yellow-cichlid/,/compatibility/glowlight-danio/,Ensure both owner links
/compatibility/electric-yellow-cichlid-and-glowlight-tetra/,electric-yellow-cichlid,glowlight-tetra,False,False,/compatibility/electric-yellow-cichlid/,/compatibility/glowlight-tetra/,Ensure both owner links
/compatibility/electric-yellow-cichlid-and-goldfish/,electric-yellow-cichlid,goldfish,False,False,/compatibility/electric-yellow-cichlid/,/compatibility/goldfish/,Ensure both owner links
/compatibility/electric-yellow-cichlid-and-green-terror-cichlid/,electric-yellow-cichlid,green-terror-cichlid,False,False,/compatibility/electric-yellow-cichlid/,/compatibility/green-terror-cichlid/,Ensure both owner links
/compatibility/electric-yellow-cichlid-and-guppy/,electric-yellow-cichlid,guppy,False,False,/compatibility/electric-yellow-cichlid/,/compatibility/guppy/,Ensure both owner links
/compatibility/electric-yellow-cichlid-and-harlequin-rasbora/,electric-yellow-cichlid,harlequin-rasbora,False,False,/compatibility/electric-yellow-cichlid/,/compatibility/harlequin-rasbora/,Ensure both owner links
/compatibility/electric-yellow-cichlid-and-hillstream-loach/,electric-yellow-cichlid,hillstream-loach,False,False,/compatibility/electric-yellow-cichlid/,/compatibility/hillstream-loach/,Ensure both owner links
/compatibility/electric-yellow-cichlid-and-honey-gourami/,electric-yellow-cichlid,honey-gourami,False,False,/compatibility/electric-yellow-cichlid/,/compatibility/honey-gourami/,Ensure both owner links
/compatibility/electric-yellow-cichlid-and-jewel-cichlid/,electric-yellow-cichlid,jewel-cichlid,False,False,/compatibility/electric-yellow-cichlid/,/compatibility/jewel-cichlid/,Ensure both owner links
/compatibility/electric-yellow-cichlid-and-julii-cory/,electric-yellow-cichlid,julii-cory,False,False,/compatibility/electric-yellow-cichlid/,/compatibility/julii-cory/,Ensure both owner links
/compatibility/electric-yellow-cichlid-and-keyhole-cichlid/,electric-yellow-cichlid,keyhole-cichlid,False,False,/compatibility/electric-yellow-cichlid/,/compatibility/keyhole-cichlid/,Ensure both owner links
/compatibility/electric-yellow-cichlid-and-koi/,electric-yellow-cichlid,koi,False,False,/compatibility/electric-yellow-cichlid/,/guides/koi-fish-care/tank-mates/,Ensure both owner links
/compatibility/electric-yellow-cichlid-and-kuhli-loach/,electric-yellow-cichlid,kuhli-loach,False,False,/compatibility/electric-yellow-cichlid/,/compatibility/kuhli-loach/,Ensure both owner links
/compatibility/electric-yellow-cichlid-and-lemon-tetra/,electric-yellow-cichlid,lemon-tetra,False,False,/compatibility/electric-yellow-cichlid/,/compatibility/lemon-tetra/,Ensure both owner links
/compatibility/electric-yellow-cichlid-and-lionfish/,electric-yellow-cichlid,lionfish,False,False,/compatibility/electric-yellow-cichlid/,/compatibility/lionfish/,Ensure both owner links
/compatibility/electric-yellow-cichlid-and-molly/,electric-yellow-cichlid,molly,False,False,/compatibility/electric-yellow-cichlid/,/compatibility/molly/,Ensure both owner links
/compatibility/electric-yellow-cichlid-and-moonlight-gourami/,electric-yellow-cichlid,moonlight-gourami,False,False,/compatibility/electric-yellow-cichlid/,/compatibility/moonlight-gourami/,Ensure both owner links
/compatibility/electric-yellow-cichlid-and-mystery-snail/,electric-yellow-cichlid,mystery-snail,False,False,/compatibility/electric-yellow-cichlid/,/compatibility/mystery-snail/,Ensure both owner links
/compatibility/electric-yellow-cichlid-and-neon-rainbowfish/,electric-yellow-cichlid,neon-rainbowfish,False,False,/compatibility/electric-yellow-cichlid/,/compatibility/neon-rainbowfish/,Ensure both owner links
/compatibility/electric-yellow-cichlid-and-neon-tetra/,electric-yellow-cichlid,neon-tetra,False,False,/compatibility/electric-yellow-cichlid/,/compatibility/neon-tetra/,Ensure both owner links
/compatibility/electric-yellow-cichlid-and-nerite-snail/,electric-yellow-cichlid,nerite-snail,False,False,/compatibility/electric-yellow-cichlid/,/compatibility/nerite-snail/,Ensure both owner links
/compatibility/electric-yellow-cichlid-and-oscar/,electric-yellow-cichlid,oscar,False,False,/compatibility/electric-yellow-cichlid/,/guides/oscar-fish-care/tank-mates/,Ensure both owner links
/compatibility/electric-yellow-cichlid-and-otocinclus/,electric-yellow-cichlid,otocinclus,False,False,/compatibility/electric-yellow-cichlid/,/compatibility/otocinclus/,Ensure both owner links
/compatibility/electric-yellow-cichlid-and-pajama-cardinalfish/,electric-yellow-cichlid,pajama-cardinalfish,False,False,/compatibility/electric-yellow-cichlid/,/compatibility/pajama-cardinalfish/,Ensure both owner links
/compatibility/electric-yellow-cichlid-and-panda-cory/,electric-yellow-cichlid,panda-cory,False,False,/compatibility/electric-yellow-cichlid/,/compatibility/panda-cory/,Ensure both owner links
/compatibility/electric-yellow-cichlid-and-pea-puffer/,electric-yellow-cichlid,pea-puffer,False,False,/compatibility/electric-yellow-cichlid/,/compatibility/pea-puffer/,Ensure both owner links
/compatibility/electric-yellow-cichlid-and-peacock-cichlid/,electric-yellow-cichlid,peacock-cichlid,False,False,/compatibility/electric-yellow-cichlid/,/compatibility/peacock-cichlid/,Ensure both owner links
/compatibility/electric-yellow-cichlid-and-pearl-danio/,electric-yellow-cichlid,pearl-danio,False,False,/compatibility/electric-yellow-cichlid/,/compatibility/pearl-danio/,Ensure both owner links
/compatibility/electric-yellow-cichlid-and-peppered-cory/,electric-yellow-cichlid,peppered-cory,False,False,/compatibility/electric-yellow-cichlid/,/compatibility/peppered-cory/,Ensure both owner links
/compatibility/electric-yellow-cichlid-and-percula-clownfish/,electric-yellow-cichlid,percula-clownfish,False,False,/compatibility/electric-yellow-cichlid/,/compatibility/percula-clownfish/,Ensure both owner links
/compatibility/electric-yellow-cichlid-and-platy/,electric-yellow-cichlid,platy,False,False,/compatibility/electric-yellow-cichlid/,/compatibility/platy/,Ensure both owner links
/compatibility/electric-yellow-cichlid-and-pygmy-corydoras/,electric-yellow-cichlid,pygmy-corydoras,False,False,/compatibility/electric-yellow-cichlid/,/compatibility/pygmy-corydoras/,Ensure both owner links
/compatibility/electric-yellow-cichlid-and-rainbow-shark/,electric-yellow-cichlid,rainbow-shark,False,False,/compatibility/electric-yellow-cichlid/,/compatibility/rainbow-shark/,Ensure both owner links
/compatibility/electric-yellow-cichlid-and-red-eye-tetra/,electric-yellow-cichlid,red-eye-tetra,False,False,/compatibility/electric-yellow-cichlid/,/compatibility/red-eye-tetra/,Ensure both owner links
/compatibility/electric-yellow-cichlid-and-rosy-barb/,electric-yellow-cichlid,rosy-barb,False,False,/compatibility/electric-yellow-cichlid/,/compatibility/rosy-barb/,Ensure both owner links
/compatibility/electric-yellow-cichlid-and-royal-gramma/,electric-yellow-cichlid,royal-gramma,False,False,/compatibility/electric-yellow-cichlid/,/compatibility/royal-gramma/,Ensure both owner links
/compatibility/electric-yellow-cichlid-and-senegal-bichir/,electric-yellow-cichlid,senegal-bichir,False,False,/compatibility/electric-yellow-cichlid/,/compatibility/senegal-bichir/,Ensure both owner links
/compatibility/electric-yellow-cichlid-and-serpae-tetra/,electric-yellow-cichlid,serpae-tetra,False,False,/compatibility/electric-yellow-cichlid/,/compatibility/serpae-tetra/,Ensure both owner links
/compatibility/electric-yellow-cichlid-and-severum-cichlid/,electric-yellow-cichlid,severum-cichlid,False,False,/compatibility/electric-yellow-cichlid/,/compatibility/severum-cichlid/,Ensure both owner links
/compatibility/electric-yellow-cichlid-and-silver-arowana/,electric-yellow-cichlid,silver-arowana,False,False,/compatibility/electric-yellow-cichlid/,/compatibility/silver-arowana/,Ensure both owner links
/compatibility/electric-yellow-cichlid-and-silver-dollar/,electric-yellow-cichlid,silver-dollar,False,False,/compatibility/electric-yellow-cichlid/,/compatibility/silver-dollar/,Ensure both owner links
/compatibility/electric-yellow-cichlid-and-sparkling-gourami/,electric-yellow-cichlid,sparkling-gourami,False,False,/compatibility/electric-yellow-cichlid/,/compatibility/sparkling-gourami/,Ensure both owner links
/compatibility/electric-yellow-cichlid-and-sterbai-cory/,electric-yellow-cichlid,sterbai-cory,False,False,/compatibility/electric-yellow-cichlid/,/compatibility/sterbai-cory/,Ensure both owner links
/compatibility/electric-yellow-cichlid-and-swordtail/,electric-yellow-cichlid,swordtail,False,False,/compatibility/electric-yellow-cichlid/,/compatibility/swordtail/,Ensure both owner links
/compatibility/electric-yellow-cichlid-and-texas-cichlid/,electric-yellow-cichlid,texas-cichlid,False,False,/compatibility/electric-yellow-cichlid/,/compatibility/texas-cichlid/,Ensure both owner links
/compatibility/electric-yellow-cichlid-and-threadfin-rainbowfish/,electric-yellow-cichlid,threadfin-rainbowfish,False,False,/compatibility/electric-yellow-cichlid/,/compatibility/threadfin-rainbowfish/,Ensure both owner links
/compatibility/electric-yellow-cichlid-and-three-spot-gourami/,electric-yellow-cichlid,three-spot-gourami,False,False,/compatibility/electric-yellow-cichlid/,/compatibility/three-spot-gourami/,Ensure both owner links
/compatibility/electric-yellow-cichlid-and-tiger-barb/,electric-yellow-cichlid,tiger-barb,False,False,/compatibility/electric-yellow-cichlid/,/compatibility/tiger-barb/,Ensure both owner links
/compatibility/electric-yellow-cichlid-and-watchman-goby/,electric-yellow-cichlid,watchman-goby,False,False,/compatibility/electric-yellow-cichlid/,/compatibility/watchman-goby/,Ensure both owner links
/compatibility/electric-yellow-cichlid-and-weather-loach/,electric-yellow-cichlid,weather-loach,False,False,/compatibility/electric-yellow-cichlid/,/compatibility/weather-loach/,Ensure both owner links
/compatibility/electric-yellow-cichlid-and-x-ray-tetra/,electric-yellow-cichlid,x-ray-tetra,False,False,/compatibility/electric-yellow-cichlid/,/compatibility/x-ray-tetra/,Ensure both owner links
/compatibility/electric-yellow-cichlid-and-yellow-tang/,electric-yellow-cichlid,yellow-tang,False,False,/compatibility/electric-yellow-cichlid/,/compatibility/yellow-tang/,Ensure both owner links
/compatibility/electric-yellow-cichlid-and-yoyo-loach/,electric-yellow-cichlid,yoyo-loach,False,False,/compatibility/electric-yellow-cichlid/,/compatibility/yoyo-loach/,Ensure both owner links
/compatibility/electric-yellow-cichlid-and-zebra-danio/,electric-yellow-cichlid,zebra-danio,False,False,/compatibility/electric-yellow-cichlid/,/compatibility/zebra-danio/,Ensure both owner links
/compatibility/electric-yellow-cichlid-and-zebra-loach/,electric-yellow-cichlid,zebra-loach,False,False,/compatibility/electric-yellow-cichlid/,/compatibility/zebra-loach/,Ensure both owner links
/compatibility/electric-yellow-cichlid-and-zebra-pleco/,electric-yellow-cichlid,zebra-pleco,False,False,/compatibility/electric-yellow-cichlid/,/compatibility/zebra-pleco/,Ensure both owner links
/compatibility/ember-tetra-and-fire-eel/,ember-tetra,fire-eel,False,False,/compatibility/ember-tetra/,/compatibility/fire-eel/,Ensure both owner links
/compatibility/ember-tetra-and-firefish-goby/,ember-tetra,firefish-goby,False,False,/compatibility/ember-tetra/,/compatibility/firefish-goby/,Ensure both owner links
/compatibility/ember-tetra-and-flame-angelfish/,ember-tetra,flame-angelfish,False,False,/compatibility/ember-tetra/,/compatibility/flame-angelfish/,Ensure both owner links
/compatibility/ember-tetra-and-foxface-rabbitfish/,ember-tetra,foxface-rabbitfish,False,False,/compatibility/ember-tetra/,/compatibility/foxface-rabbitfish/,Ensure both owner links
/compatibility/ember-tetra-and-frontosa-cichlid/,ember-tetra,frontosa-cichlid,False,False,/compatibility/ember-tetra/,/compatibility/frontosa-cichlid/,Ensure both owner links
/compatibility/ember-tetra-and-giant-danio/,ember-tetra,giant-danio,False,False,/compatibility/ember-tetra/,/compatibility/giant-danio/,Ensure both owner links
/compatibility/ember-tetra-and-glass-catfish/,ember-tetra,glass-catfish,False,False,/compatibility/ember-tetra/,/compatibility/glass-catfish/,Ensure both owner links
/compatibility/ember-tetra-and-glowlight-danio/,ember-tetra,glowlight-danio,False,False,/compatibility/ember-tetra/,/compatibility/glowlight-danio/,Ensure both owner links
/compatibility/ember-tetra-and-glowlight-tetra/,ember-tetra,glowlight-tetra,False,False,/compatibility/ember-tetra/,/compatibility/glowlight-tetra/,Ensure both owner links
/compatibility/ember-tetra-and-goldfish/,ember-tetra,goldfish,False,False,/compatibility/ember-tetra/,/compatibility/goldfish/,Ensure both owner links
/compatibility/ember-tetra-and-green-terror-cichlid/,ember-tetra,green-terror-cichlid,False,False,/compatibility/ember-tetra/,/compatibility/green-terror-cichlid/,Ensure both owner links
/compatibility/ember-tetra-and-guppy/,ember-tetra,guppy,False,False,/compatibility/ember-tetra/,/compatibility/guppy/,Ensure both owner links
/compatibility/ember-tetra-and-harlequin-rasbora/,ember-tetra,harlequin-rasbora,False,False,/compatibility/ember-tetra/,/compatibility/harlequin-rasbora/,Ensure both owner links
/compatibility/ember-tetra-and-hillstream-loach/,ember-tetra,hillstream-loach,False,False,/compatibility/ember-tetra/,/compatibility/hillstream-loach/,Ensure both owner links
/compatibility/ember-tetra-and-honey-gourami/,ember-tetra,honey-gourami,False,False,/compatibility/ember-tetra/,/compatibility/honey-gourami/,Ensure both owner links
/compatibility/ember-tetra-and-jewel-cichlid/,ember-tetra,jewel-cichlid,False,False,/compatibility/ember-tetra/,/compatibility/jewel-cichlid/,Ensure both owner links
/compatibility/ember-tetra-and-julii-cory/,ember-tetra,julii-cory,False,False,/compatibility/ember-tetra/,/compatibility/julii-cory/,Ensure both owner links
/compatibility/ember-tetra-and-keyhole-cichlid/,ember-tetra,keyhole-cichlid,False,False,/compatibility/ember-tetra/,/compatibility/keyhole-cichlid/,Ensure both owner links
/compatibility/ember-tetra-and-koi/,ember-tetra,koi,False,False,/compatibility/ember-tetra/,/guides/koi-fish-care/tank-mates/,Ensure both owner links
/compatibility/ember-tetra-and-kuhli-loach/,ember-tetra,kuhli-loach,False,False,/compatibility/ember-tetra/,/compatibility/kuhli-loach/,Ensure both owner links
/compatibility/ember-tetra-and-lemon-tetra/,ember-tetra,lemon-tetra,False,False,/compatibility/ember-tetra/,/compatibility/lemon-tetra/,Ensure both owner links
/compatibility/ember-tetra-and-lionfish/,ember-tetra,lionfish,False,False,/compatibility/ember-tetra/,/compatibility/lionfish/,Ensure both owner links
/compatibility/ember-tetra-and-molly/,ember-tetra,molly,False,False,/compatibility/ember-tetra/,/compatibility/molly/,Ensure both owner links
/compatibility/ember-tetra-and-moonlight-gourami/,ember-tetra,moonlight-gourami,False,False,/compatibility/ember-tetra/,/compatibility/moonlight-gourami/,Ensure both owner links
/compatibility/ember-tetra-and-mystery-snail/,ember-tetra,mystery-snail,False,False,/compatibility/ember-tetra/,/compatibility/mystery-snail/,Ensure both owner links
/compatibility/ember-tetra-and-neon-rainbowfish/,ember-tetra,neon-rainbowfish,False,False,/compatibility/ember-tetra/,/compatibility/neon-rainbowfish/,Ensure both owner links
/compatibility/ember-tetra-and-neon-tetra/,ember-tetra,neon-tetra,False,False,/compatibility/ember-tetra/,/compatibility/neon-tetra/,Ensure both owner links
/compatibility/ember-tetra-and-nerite-snail/,ember-tetra,nerite-snail,False,False,/compatibility/ember-tetra/,/compatibility/nerite-snail/,Ensure both owner links
/compatibility/ember-tetra-and-oscar/,ember-tetra,oscar,False,False,/compatibility/ember-tetra/,/guides/oscar-fish-care/tank-mates/,Ensure both owner links
/compatibility/ember-tetra-and-otocinclus/,ember-tetra,otocinclus,False,False,/compatibility/ember-tetra/,/compatibility/otocinclus/,Ensure both owner links
/compatibility/ember-tetra-and-pajama-cardinalfish/,ember-tetra,pajama-cardinalfish,False,False,/compatibility/ember-tetra/,/compatibility/pajama-cardinalfish/,Ensure both owner links
/compatibility/ember-tetra-and-panda-cory/,ember-tetra,panda-cory,False,False,/compatibility/ember-tetra/,/compatibility/panda-cory/,Ensure both owner links
/compatibility/ember-tetra-and-pea-puffer/,ember-tetra,pea-puffer,False,False,/compatibility/ember-tetra/,/compatibility/pea-puffer/,Ensure both owner links
/compatibility/ember-tetra-and-peacock-cichlid/,ember-tetra,peacock-cichlid,False,False,/compatibility/ember-tetra/,/compatibility/peacock-cichlid/,Ensure both owner links
/compatibility/ember-tetra-and-pearl-danio/,ember-tetra,pearl-danio,False,False,/compatibility/ember-tetra/,/compatibility/pearl-danio/,Ensure both owner links
/compatibility/ember-tetra-and-peppered-cory/,ember-tetra,peppered-cory,False,False,/compatibility/ember-tetra/,/compatibility/peppered-cory/,Ensure both owner links
/compatibility/ember-tetra-and-percula-clownfish/,ember-tetra,percula-clownfish,False,False,/compatibility/ember-tetra/,/compatibility/percula-clownfish/,Ensure both owner links
/compatibility/ember-tetra-and-platy/,ember-tetra,platy,False,False,/compatibility/ember-tetra/,/compatibility/platy/,Ensure both owner links
/compatibility/ember-tetra-and-pygmy-corydoras/,ember-tetra,pygmy-corydoras,False,False,/compatibility/ember-tetra/,/compatibility/pygmy-corydoras/,Ensure both owner links
/compatibility/ember-tetra-and-rainbow-shark/,ember-tetra,rainbow-shark,False,False,/compatibility/ember-tetra/,/compatibility/rainbow-shark/,Ensure both owner links
/compatibility/ember-tetra-and-red-eye-tetra/,ember-tetra,red-eye-tetra,False,False,/compatibility/ember-tetra/,/compatibility/red-eye-tetra/,Ensure both owner links
/compatibility/ember-tetra-and-rosy-barb/,ember-tetra,rosy-barb,False,False,/compatibility/ember-tetra/,/compatibility/rosy-barb/,Ensure both owner links
/compatibility/ember-tetra-and-royal-gramma/,ember-tetra,royal-gramma,False,False,/compatibility/ember-tetra/,/compatibility/royal-gramma/,Ensure both owner links
/compatibility/ember-tetra-and-senegal-bichir/,ember-tetra,senegal-bichir,False,False,/compatibility/ember-tetra/,/compatibility/senegal-bichir/,Ensure both owner links
/compatibility/ember-tetra-and-serpae-tetra/,ember-tetra,serpae-tetra,False,False,/compatibility/ember-tetra/,/compatibility/serpae-tetra/,Ensure both owner links
/compatibility/ember-tetra-and-severum-cichlid/,ember-tetra,severum-cichlid,False,False,/compatibility/ember-tetra/,/compatibility/severum-cichlid/,Ensure both owner links
/compatibility/ember-tetra-and-silver-arowana/,ember-tetra,silver-arowana,False,False,/compatibility/ember-tetra/,/compatibility/silver-arowana/,Ensure both owner links
/compatibility/ember-tetra-and-silver-dollar/,ember-tetra,silver-dollar,False,False,/compatibility/ember-tetra/,/compatibility/silver-dollar/,Ensure both owner links
/compatibility/ember-tetra-and-sparkling-gourami/,ember-tetra,sparkling-gourami,False,False,/compatibility/ember-tetra/,/compatibility/sparkling-gourami/,Ensure both owner links
/compatibility/ember-tetra-and-sterbai-cory/,ember-tetra,sterbai-cory,False,False,/compatibility/ember-tetra/,/compatibility/sterbai-cory/,Ensure both owner links
/compatibility/ember-tetra-and-swordtail/,ember-tetra,swordtail,False,False,/compatibility/ember-tetra/,/compatibility/swordtail/,Ensure both owner links
/compatibility/ember-tetra-and-texas-cichlid/,ember-tetra,texas-cichlid,False,False,/compatibility/ember-tetra/,/compatibility/texas-cichlid/,Ensure both owner links
/compatibility/ember-tetra-and-threadfin-rainbowfish/,ember-tetra,threadfin-rainbowfish,False,False,/compatibility/ember-tetra/,/compatibility/threadfin-rainbowfish/,Ensure both owner links
/compatibility/ember-tetra-and-three-spot-gourami/,ember-tetra,three-spot-gourami,False,False,/compatibility/ember-tetra/,/compatibility/three-spot-gourami/,Ensure both owner links
/compatibility/ember-tetra-and-tiger-barb/,ember-tetra,tiger-barb,False,False,/compatibility/ember-tetra/,/compatibility/tiger-barb/,Ensure both owner links
/compatibility/ember-tetra-and-watchman-goby/,ember-tetra,watchman-goby,False,False,/compatibility/ember-tetra/,/compatibility/watchman-goby/,Ensure both owner links
/compatibility/ember-tetra-and-weather-loach/,ember-tetra,weather-loach,False,False,/compatibility/ember-tetra/,/compatibility/weather-loach/,Ensure both owner links
/compatibility/ember-tetra-and-x-ray-tetra/,ember-tetra,x-ray-tetra,False,False,/compatibility/ember-tetra/,/compatibility/x-ray-tetra/,Ensure both owner links
/compatibility/ember-tetra-and-yellow-tang/,ember-tetra,yellow-tang,False,False,/compatibility/ember-tetra/,/compatibility/yellow-tang/,Ensure both owner links
/compatibility/ember-tetra-and-yoyo-loach/,ember-tetra,yoyo-loach,False,False,/compatibility/ember-tetra/,/compatibility/yoyo-loach/,Ensure both owner links
/compatibility/ember-tetra-and-zebra-danio/,ember-tetra,zebra-danio,False,False,/compatibility/ember-tetra/,/compatibility/zebra-danio/,Ensure both owner links
/compatibility/ember-tetra-and-zebra-loach/,ember-tetra,zebra-loach,False,False,/compatibility/ember-tetra/,/compatibility/zebra-loach/,Ensure both owner links
/compatibility/ember-tetra-and-zebra-pleco/,ember-tetra,zebra-pleco,False,False,/compatibility/ember-tetra/,/compatibility/zebra-pleco/,Ensure both owner links
/compatibility/fire-eel-and-firefish-goby/,fire-eel,firefish-goby,False,False,/compatibility/fire-eel/,/compatibility/firefish-goby/,Ensure both owner links
/compatibility/fire-eel-and-flame-angelfish/,fire-eel,flame-angelfish,False,False,/compatibility/fire-eel/,/compatibility/flame-angelfish/,Ensure both owner links
/compatibility/fire-eel-and-foxface-rabbitfish/,fire-eel,foxface-rabbitfish,False,False,/compatibility/fire-eel/,/compatibility/foxface-rabbitfish/,Ensure both owner links
/compatibility/fire-eel-and-frontosa-cichlid/,fire-eel,frontosa-cichlid,False,False,/compatibility/fire-eel/,/compatibility/frontosa-cichlid/,Ensure both owner links
/compatibility/fire-eel-and-giant-danio/,fire-eel,giant-danio,False,False,/compatibility/fire-eel/,/compatibility/giant-danio/,Ensure both owner links
/compatibility/fire-eel-and-glass-catfish/,fire-eel,glass-catfish,False,False,/compatibility/fire-eel/,/compatibility/glass-catfish/,Ensure both owner links
/compatibility/fire-eel-and-glowlight-danio/,fire-eel,glowlight-danio,False,False,/compatibility/fire-eel/,/compatibility/glowlight-danio/,Ensure both owner links
/compatibility/fire-eel-and-glowlight-tetra/,fire-eel,glowlight-tetra,False,False,/compatibility/fire-eel/,/compatibility/glowlight-tetra/,Ensure both owner links
/compatibility/fire-eel-and-goldfish/,fire-eel,goldfish,False,False,/compatibility/fire-eel/,/compatibility/goldfish/,Ensure both owner links
/compatibility/fire-eel-and-green-terror-cichlid/,fire-eel,green-terror-cichlid,False,False,/compatibility/fire-eel/,/compatibility/green-terror-cichlid/,Ensure both owner links
/compatibility/fire-eel-and-guppy/,fire-eel,guppy,False,False,/compatibility/fire-eel/,/compatibility/guppy/,Ensure both owner links
/compatibility/fire-eel-and-harlequin-rasbora/,fire-eel,harlequin-rasbora,False,False,/compatibility/fire-eel/,/compatibility/harlequin-rasbora/,Ensure both owner links
/compatibility/fire-eel-and-hillstream-loach/,fire-eel,hillstream-loach,False,False,/compatibility/fire-eel/,/compatibility/hillstream-loach/,Ensure both owner links
/compatibility/fire-eel-and-honey-gourami/,fire-eel,honey-gourami,False,False,/compatibility/fire-eel/,/compatibility/honey-gourami/,Ensure both owner links
/compatibility/fire-eel-and-jewel-cichlid/,fire-eel,jewel-cichlid,False,False,/compatibility/fire-eel/,/compatibility/jewel-cichlid/,Ensure both owner links
/compatibility/fire-eel-and-julii-cory/,fire-eel,julii-cory,False,False,/compatibility/fire-eel/,/compatibility/julii-cory/,Ensure both owner links
/compatibility/fire-eel-and-keyhole-cichlid/,fire-eel,keyhole-cichlid,False,False,/compatibility/fire-eel/,/compatibility/keyhole-cichlid/,Ensure both owner links
/compatibility/fire-eel-and-koi/,fire-eel,koi,False,False,/compatibility/fire-eel/,/guides/koi-fish-care/tank-mates/,Ensure both owner links
/compatibility/fire-eel-and-kuhli-loach/,fire-eel,kuhli-loach,False,False,/compatibility/fire-eel/,/compatibility/kuhli-loach/,Ensure both owner links
/compatibility/fire-eel-and-lemon-tetra/,fire-eel,lemon-tetra,False,False,/compatibility/fire-eel/,/compatibility/lemon-tetra/,Ensure both owner links
/compatibility/fire-eel-and-lionfish/,fire-eel,lionfish,False,False,/compatibility/fire-eel/,/compatibility/lionfish/,Ensure both owner links
/compatibility/fire-eel-and-molly/,fire-eel,molly,False,False,/compatibility/fire-eel/,/compatibility/molly/,Ensure both owner links
/compatibility/fire-eel-and-moonlight-gourami/,fire-eel,moonlight-gourami,False,False,/compatibility/fire-eel/,/compatibility/moonlight-gourami/,Ensure both owner links
/compatibility/fire-eel-and-mystery-snail/,fire-eel,mystery-snail,False,False,/compatibility/fire-eel/,/compatibility/mystery-snail/,Ensure both owner links
/compatibility/fire-eel-and-neon-rainbowfish/,fire-eel,neon-rainbowfish,False,False,/compatibility/fire-eel/,/compatibility/neon-rainbowfish/,Ensure both owner links
/compatibility/fire-eel-and-neon-tetra/,fire-eel,neon-tetra,False,False,/compatibility/fire-eel/,/compatibility/neon-tetra/,Ensure both owner links
/compatibility/fire-eel-and-nerite-snail/,fire-eel,nerite-snail,False,False,/compatibility/fire-eel/,/compatibility/nerite-snail/,Ensure both owner links
/compatibility/fire-eel-and-oscar/,fire-eel,oscar,False,False,/compatibility/fire-eel/,/guides/oscar-fish-care/tank-mates/,Ensure both owner links
/compatibility/fire-eel-and-otocinclus/,fire-eel,otocinclus,False,False,/compatibility/fire-eel/,/compatibility/otocinclus/,Ensure both owner links
/compatibility/fire-eel-and-pajama-cardinalfish/,fire-eel,pajama-cardinalfish,False,False,/compatibility/fire-eel/,/compatibility/pajama-cardinalfish/,Ensure both owner links
/compatibility/fire-eel-and-panda-cory/,fire-eel,panda-cory,False,False,/compatibility/fire-eel/,/compatibility/panda-cory/,Ensure both owner links
/compatibility/fire-eel-and-pea-puffer/,fire-eel,pea-puffer,False,False,/compatibility/fire-eel/,/compatibility/pea-puffer/,Ensure both owner links
/compatibility/fire-eel-and-peacock-cichlid/,fire-eel,peacock-cichlid,False,False,/compatibility/fire-eel/,/compatibility/peacock-cichlid/,Ensure both owner links
/compatibility/fire-eel-and-pearl-danio/,fire-eel,pearl-danio,False,False,/compatibility/fire-eel/,/compatibility/pearl-danio/,Ensure both owner links
/compatibility/fire-eel-and-peppered-cory/,fire-eel,peppered-cory,False,False,/compatibility/fire-eel/,/compatibility/peppered-cory/,Ensure both owner links
/compatibility/fire-eel-and-percula-clownfish/,fire-eel,percula-clownfish,False,False,/compatibility/fire-eel/,/compatibility/percula-clownfish/,Ensure both owner links
/compatibility/fire-eel-and-platy/,fire-eel,platy,False,False,/compatibility/fire-eel/,/compatibility/platy/,Ensure both owner links
/compatibility/fire-eel-and-pygmy-corydoras/,fire-eel,pygmy-corydoras,False,False,/compatibility/fire-eel/,/compatibility/pygmy-corydoras/,Ensure both owner links
/compatibility/fire-eel-and-rainbow-shark/,fire-eel,rainbow-shark,False,False,/compatibility/fire-eel/,/compatibility/rainbow-shark/,Ensure both owner links
/compatibility/fire-eel-and-red-eye-tetra/,fire-eel,red-eye-tetra,False,False,/compatibility/fire-eel/,/compatibility/red-eye-tetra/,Ensure both owner links
/compatibility/fire-eel-and-rosy-barb/,fire-eel,rosy-barb,False,False,/compatibility/fire-eel/,/compatibility/rosy-barb/,Ensure both owner links
/compatibility/fire-eel-and-royal-gramma/,fire-eel,royal-gramma,False,False,/compatibility/fire-eel/,/compatibility/royal-gramma/,Ensure both owner links
/compatibility/fire-eel-and-senegal-bichir/,fire-eel,senegal-bichir,False,False,/compatibility/fire-eel/,/compatibility/senegal-bichir/,Ensure both owner links
/compatibility/fire-eel-and-serpae-tetra/,fire-eel,serpae-tetra,False,False,/compatibility/fire-eel/,/compatibility/serpae-tetra/,Ensure both owner links
/compatibility/fire-eel-and-severum-cichlid/,fire-eel,severum-cichlid,False,False,/compatibility/fire-eel/,/compatibility/severum-cichlid/,Ensure both owner links
/compatibility/fire-eel-and-silver-arowana/,fire-eel,silver-arowana,False,False,/compatibility/fire-eel/,/compatibility/silver-arowana/,Ensure both owner links
/compatibility/fire-eel-and-silver-dollar/,fire-eel,silver-dollar,False,False,/compatibility/fire-eel/,/compatibility/silver-dollar/,Ensure both owner links
/compatibility/fire-eel-and-sparkling-gourami/,fire-eel,sparkling-gourami,False,False,/compatibility/fire-eel/,/compatibility/sparkling-gourami/,Ensure both owner links
/compatibility/fire-eel-and-sterbai-cory/,fire-eel,sterbai-cory,False,False,/compatibility/fire-eel/,/compatibility/sterbai-cory/,Ensure both owner links
/compatibility/fire-eel-and-swordtail/,fire-eel,swordtail,False,False,/compatibility/fire-eel/,/compatibility/swordtail/,Ensure both owner links
/compatibility/fire-eel-and-texas-cichlid/,fire-eel,texas-cichlid,False,False,/compatibility/fire-eel/,/compatibility/texas-cichlid/,Ensure both owner links
/compatibility/fire-eel-and-threadfin-rainbowfish/,fire-eel,threadfin-rainbowfish,False,False,/compatibility/fire-eel/,/compatibility/threadfin-rainbowfish/,Ensure both owner links
/compatibility/fire-eel-and-three-spot-gourami/,fire-eel,three-spot-gourami,False,False,/compatibility/fire-eel/,/compatibility/three-spot-gourami/,Ensure both owner links
/compatibility/fire-eel-and-tiger-barb/,fire-eel,tiger-barb,False,False,/compatibility/fire-eel/,/compatibility/tiger-barb/,Ensure both owner links
/compatibility/fire-eel-and-watchman-goby/,fire-eel,watchman-goby,False,False,/compatibility/fire-eel/,/compatibility/watchman-goby/,Ensure both owner links
/compatibility/fire-eel-and-weather-loach/,fire-eel,weather-loach,False,False,/compatibility/fire-eel/,/compatibility/weather-loach/,Ensure both owner links
/compatibility/fire-eel-and-x-ray-tetra/,fire-eel,x-ray-tetra,False,False,/compatibility/fire-eel/,/compatibility/x-ray-tetra/,Ensure both owner links
/compatibility/fire-eel-and-yellow-tang/,fire-eel,yellow-tang,False,False,/compatibility/fire-eel/,/compatibility/yellow-tang/,Ensure both owner links
/compatibility/fire-eel-and-yoyo-loach/,fire-eel,yoyo-loach,False,False,/compatibility/fire-eel/,/compatibility/yoyo-loach/,Ensure both owner links
/compatibility/fire-eel-and-zebra-danio/,fire-eel,zebra-danio,False,False,/compatibility/fire-eel/,/compatibility/zebra-danio/,Ensure both owner links
/compatibility/fire-eel-and-zebra-loach/,fire-eel,zebra-loach,False,False,/compatibility/fire-eel/,/compatibility/zebra-loach/,Ensure both owner links
/compatibility/fire-eel-and-zebra-pleco/,fire-eel,zebra-pleco,False,False,/compatibility/fire-eel/,/compatibility/zebra-pleco/,Ensure both owner links
/compatibility/firefish-goby-and-flame-angelfish/,firefish-goby,flame-angelfish,False,False,/compatibility/firefish-goby/,/compatibility/flame-angelfish/,Ensure both owner links
/compatibility/firefish-goby-and-foxface-rabbitfish/,firefish-goby,foxface-rabbitfish,False,False,/compatibility/firefish-goby/,/compatibility/foxface-rabbitfish/,Ensure both owner links
/compatibility/firefish-goby-and-frontosa-cichlid/,firefish-goby,frontosa-cichlid,False,False,/compatibility/firefish-goby/,/compatibility/frontosa-cichlid/,Ensure both owner links
/compatibility/firefish-goby-and-giant-danio/,firefish-goby,giant-danio,False,False,/compatibility/firefish-goby/,/compatibility/giant-danio/,Ensure both owner links
/compatibility/firefish-goby-and-glass-catfish/,firefish-goby,glass-catfish,False,False,/compatibility/firefish-goby/,/compatibility/glass-catfish/,Ensure both owner links
/compatibility/firefish-goby-and-glowlight-danio/,firefish-goby,glowlight-danio,False,False,/compatibility/firefish-goby/,/compatibility/glowlight-danio/,Ensure both owner links
/compatibility/firefish-goby-and-glowlight-tetra/,firefish-goby,glowlight-tetra,False,False,/compatibility/firefish-goby/,/compatibility/glowlight-tetra/,Ensure both owner links
/compatibility/firefish-goby-and-goldfish/,firefish-goby,goldfish,False,False,/compatibility/firefish-goby/,/compatibility/goldfish/,Ensure both owner links
/compatibility/firefish-goby-and-green-terror-cichlid/,firefish-goby,green-terror-cichlid,False,False,/compatibility/firefish-goby/,/compatibility/green-terror-cichlid/,Ensure both owner links
/compatibility/firefish-goby-and-guppy/,firefish-goby,guppy,False,False,/compatibility/firefish-goby/,/compatibility/guppy/,Ensure both owner links
/compatibility/firefish-goby-and-harlequin-rasbora/,firefish-goby,harlequin-rasbora,False,False,/compatibility/firefish-goby/,/compatibility/harlequin-rasbora/,Ensure both owner links
/compatibility/firefish-goby-and-hillstream-loach/,firefish-goby,hillstream-loach,False,False,/compatibility/firefish-goby/,/compatibility/hillstream-loach/,Ensure both owner links
/compatibility/firefish-goby-and-honey-gourami/,firefish-goby,honey-gourami,False,False,/compatibility/firefish-goby/,/compatibility/honey-gourami/,Ensure both owner links
/compatibility/firefish-goby-and-jewel-cichlid/,firefish-goby,jewel-cichlid,False,False,/compatibility/firefish-goby/,/compatibility/jewel-cichlid/,Ensure both owner links
/compatibility/firefish-goby-and-julii-cory/,firefish-goby,julii-cory,False,False,/compatibility/firefish-goby/,/compatibility/julii-cory/,Ensure both owner links
/compatibility/firefish-goby-and-keyhole-cichlid/,firefish-goby,keyhole-cichlid,False,False,/compatibility/firefish-goby/,/compatibility/keyhole-cichlid/,Ensure both owner links
/compatibility/firefish-goby-and-koi/,firefish-goby,koi,False,False,/compatibility/firefish-goby/,/guides/koi-fish-care/tank-mates/,Ensure both owner links
/compatibility/firefish-goby-and-kuhli-loach/,firefish-goby,kuhli-loach,False,False,/compatibility/firefish-goby/,/compatibility/kuhli-loach/,Ensure both owner links
/compatibility/firefish-goby-and-lemon-tetra/,firefish-goby,lemon-tetra,False,False,/compatibility/firefish-goby/,/compatibility/lemon-tetra/,Ensure both owner links
/compatibility/firefish-goby-and-lionfish/,firefish-goby,lionfish,False,False,/compatibility/firefish-goby/,/compatibility/lionfish/,Ensure both owner links
/compatibility/firefish-goby-and-molly/,firefish-goby,molly,False,False,/compatibility/firefish-goby/,/compatibility/molly/,Ensure both owner links
/compatibility/firefish-goby-and-moonlight-gourami/,firefish-goby,moonlight-gourami,False,False,/compatibility/firefish-goby/,/compatibility/moonlight-gourami/,Ensure both owner links
/compatibility/firefish-goby-and-mystery-snail/,firefish-goby,mystery-snail,False,False,/compatibility/firefish-goby/,/compatibility/mystery-snail/,Ensure both owner links
/compatibility/firefish-goby-and-neon-rainbowfish/,firefish-goby,neon-rainbowfish,False,False,/compatibility/firefish-goby/,/compatibility/neon-rainbowfish/,Ensure both owner links
/compatibility/firefish-goby-and-neon-tetra/,firefish-goby,neon-tetra,False,False,/compatibility/firefish-goby/,/compatibility/neon-tetra/,Ensure both owner links
/compatibility/firefish-goby-and-nerite-snail/,firefish-goby,nerite-snail,False,False,/compatibility/firefish-goby/,/compatibility/nerite-snail/,Ensure both owner links
/compatibility/firefish-goby-and-oscar/,firefish-goby,oscar,False,False,/compatibility/firefish-goby/,/guides/oscar-fish-care/tank-mates/,Ensure both owner links
/compatibility/firefish-goby-and-otocinclus/,firefish-goby,otocinclus,False,False,/compatibility/firefish-goby/,/compatibility/otocinclus/,Ensure both owner links
/compatibility/firefish-goby-and-pajama-cardinalfish/,firefish-goby,pajama-cardinalfish,False,False,/compatibility/firefish-goby/,/compatibility/pajama-cardinalfish/,Ensure both owner links
/compatibility/firefish-goby-and-panda-cory/,firefish-goby,panda-cory,False,False,/compatibility/firefish-goby/,/compatibility/panda-cory/,Ensure both owner links
/compatibility/firefish-goby-and-pea-puffer/,firefish-goby,pea-puffer,False,False,/compatibility/firefish-goby/,/compatibility/pea-puffer/,Ensure both owner links
/compatibility/firefish-goby-and-peacock-cichlid/,firefish-goby,peacock-cichlid,False,False,/compatibility/firefish-goby/,/compatibility/peacock-cichlid/,Ensure both owner links
/compatibility/firefish-goby-and-pearl-danio/,firefish-goby,pearl-danio,False,False,/compatibility/firefish-goby/,/compatibility/pearl-danio/,Ensure both owner links
/compatibility/firefish-goby-and-peppered-cory/,firefish-goby,peppered-cory,False,False,/compatibility/firefish-goby/,/compatibility/peppered-cory/,Ensure both owner links
/compatibility/firefish-goby-and-percula-clownfish/,firefish-goby,percula-clownfish,False,False,/compatibility/firefish-goby/,/compatibility/percula-clownfish/,Ensure both owner links
/compatibility/firefish-goby-and-platy/,firefish-goby,platy,False,False,/compatibility/firefish-goby/,/compatibility/platy/,Ensure both owner links
/compatibility/firefish-goby-and-pygmy-corydoras/,firefish-goby,pygmy-corydoras,False,False,/compatibility/firefish-goby/,/compatibility/pygmy-corydoras/,Ensure both owner links
/compatibility/firefish-goby-and-rainbow-shark/,firefish-goby,rainbow-shark,False,False,/compatibility/firefish-goby/,/compatibility/rainbow-shark/,Ensure both owner links
/compatibility/firefish-goby-and-red-eye-tetra/,firefish-goby,red-eye-tetra,False,False,/compatibility/firefish-goby/,/compatibility/red-eye-tetra/,Ensure both owner links
/compatibility/firefish-goby-and-rosy-barb/,firefish-goby,rosy-barb,False,False,/compatibility/firefish-goby/,/compatibility/rosy-barb/,Ensure both owner links
/compatibility/firefish-goby-and-royal-gramma/,firefish-goby,royal-gramma,False,False,/compatibility/firefish-goby/,/compatibility/royal-gramma/,Ensure both owner links
/compatibility/firefish-goby-and-senegal-bichir/,firefish-goby,senegal-bichir,False,False,/compatibility/firefish-goby/,/compatibility/senegal-bichir/,Ensure both owner links
/compatibility/firefish-goby-and-serpae-tetra/,firefish-goby,serpae-tetra,False,False,/compatibility/firefish-goby/,/compatibility/serpae-tetra/,Ensure both owner links
/compatibility/firefish-goby-and-severum-cichlid/,firefish-goby,severum-cichlid,False,False,/compatibility/firefish-goby/,/compatibility/severum-cichlid/,Ensure both owner links
/compatibility/firefish-goby-and-silver-arowana/,firefish-goby,silver-arowana,False,False,/compatibility/firefish-goby/,/compatibility/silver-arowana/,Ensure both owner links
/compatibility/firefish-goby-and-silver-dollar/,firefish-goby,silver-dollar,False,False,/compatibility/firefish-goby/,/compatibility/silver-dollar/,Ensure both owner links
/compatibility/firefish-goby-and-sparkling-gourami/,firefish-goby,sparkling-gourami,False,False,/compatibility/firefish-goby/,/compatibility/sparkling-gourami/,Ensure both owner links
/compatibility/firefish-goby-and-sterbai-cory/,firefish-goby,sterbai-cory,False,False,/compatibility/firefish-goby/,/compatibility/sterbai-cory/,Ensure both owner links
/compatibility/firefish-goby-and-swordtail/,firefish-goby,swordtail,False,False,/compatibility/firefish-goby/,/compatibility/swordtail/,Ensure both owner links
/compatibility/firefish-goby-and-texas-cichlid/,firefish-goby,texas-cichlid,False,False,/compatibility/firefish-goby/,/compatibility/texas-cichlid/,Ensure both owner links
/compatibility/firefish-goby-and-threadfin-rainbowfish/,firefish-goby,threadfin-rainbowfish,False,False,/compatibility/firefish-goby/,/compatibility/threadfin-rainbowfish/,Ensure both owner links
/compatibility/firefish-goby-and-three-spot-gourami/,firefish-goby,three-spot-gourami,False,False,/compatibility/firefish-goby/,/compatibility/three-spot-gourami/,Ensure both owner links
/compatibility/firefish-goby-and-tiger-barb/,firefish-goby,tiger-barb,False,False,/compatibility/firefish-goby/,/compatibility/tiger-barb/,Ensure both owner links
/compatibility/firefish-goby-and-watchman-goby/,firefish-goby,watchman-goby,False,False,/compatibility/firefish-goby/,/compatibility/watchman-goby/,Ensure both owner links
/compatibility/firefish-goby-and-weather-loach/,firefish-goby,weather-loach,False,False,/compatibility/firefish-goby/,/compatibility/weather-loach/,Ensure both owner links
/compatibility/firefish-goby-and-x-ray-tetra/,firefish-goby,x-ray-tetra,False,False,/compatibility/firefish-goby/,/compatibility/x-ray-tetra/,Ensure both owner links
/compatibility/firefish-goby-and-yellow-tang/,firefish-goby,yellow-tang,False,False,/compatibility/firefish-goby/,/compatibility/yellow-tang/,Ensure both owner links
/compatibility/firefish-goby-and-yoyo-loach/,firefish-goby,yoyo-loach,False,False,/compatibility/firefish-goby/,/compatibility/yoyo-loach/,Ensure both owner links
/compatibility/firefish-goby-and-zebra-danio/,firefish-goby,zebra-danio,False,False,/compatibility/firefish-goby/,/compatibility/zebra-danio/,Ensure both owner links
/compatibility/firefish-goby-and-zebra-loach/,firefish-goby,zebra-loach,False,False,/compatibility/firefish-goby/,/compatibility/zebra-loach/,Ensure both owner links
/compatibility/firefish-goby-and-zebra-pleco/,firefish-goby,zebra-pleco,False,False,/compatibility/firefish-goby/,/compatibility/zebra-pleco/,Ensure both owner links
/compatibility/flame-angelfish-and-foxface-rabbitfish/,flame-angelfish,foxface-rabbitfish,False,False,/compatibility/flame-angelfish/,/compatibility/foxface-rabbitfish/,Ensure both owner links
/compatibility/flame-angelfish-and-frontosa-cichlid/,flame-angelfish,frontosa-cichlid,False,False,/compatibility/flame-angelfish/,/compatibility/frontosa-cichlid/,Ensure both owner links
/compatibility/flame-angelfish-and-giant-danio/,flame-angelfish,giant-danio,False,False,/compatibility/flame-angelfish/,/compatibility/giant-danio/,Ensure both owner links
/compatibility/flame-angelfish-and-glass-catfish/,flame-angelfish,glass-catfish,False,False,/compatibility/flame-angelfish/,/compatibility/glass-catfish/,Ensure both owner links
/compatibility/flame-angelfish-and-glowlight-danio/,flame-angelfish,glowlight-danio,False,False,/compatibility/flame-angelfish/,/compatibility/glowlight-danio/,Ensure both owner links
/compatibility/flame-angelfish-and-glowlight-tetra/,flame-angelfish,glowlight-tetra,False,False,/compatibility/flame-angelfish/,/compatibility/glowlight-tetra/,Ensure both owner links
/compatibility/flame-angelfish-and-goldfish/,flame-angelfish,goldfish,False,False,/compatibility/flame-angelfish/,/compatibility/goldfish/,Ensure both owner links
/compatibility/flame-angelfish-and-green-terror-cichlid/,flame-angelfish,green-terror-cichlid,False,False,/compatibility/flame-angelfish/,/compatibility/green-terror-cichlid/,Ensure both owner links
/compatibility/flame-angelfish-and-guppy/,flame-angelfish,guppy,False,False,/compatibility/flame-angelfish/,/compatibility/guppy/,Ensure both owner links
/compatibility/flame-angelfish-and-harlequin-rasbora/,flame-angelfish,harlequin-rasbora,False,False,/compatibility/flame-angelfish/,/compatibility/harlequin-rasbora/,Ensure both owner links
/compatibility/flame-angelfish-and-hillstream-loach/,flame-angelfish,hillstream-loach,False,False,/compatibility/flame-angelfish/,/compatibility/hillstream-loach/,Ensure both owner links
/compatibility/flame-angelfish-and-honey-gourami/,flame-angelfish,honey-gourami,False,False,/compatibility/flame-angelfish/,/compatibility/honey-gourami/,Ensure both owner links
/compatibility/flame-angelfish-and-jewel-cichlid/,flame-angelfish,jewel-cichlid,False,False,/compatibility/flame-angelfish/,/compatibility/jewel-cichlid/,Ensure both owner links
/compatibility/flame-angelfish-and-julii-cory/,flame-angelfish,julii-cory,False,False,/compatibility/flame-angelfish/,/compatibility/julii-cory/,Ensure both owner links
/compatibility/flame-angelfish-and-keyhole-cichlid/,flame-angelfish,keyhole-cichlid,False,False,/compatibility/flame-angelfish/,/compatibility/keyhole-cichlid/,Ensure both owner links
/compatibility/flame-angelfish-and-koi/,flame-angelfish,koi,False,False,/compatibility/flame-angelfish/,/guides/koi-fish-care/tank-mates/,Ensure both owner links
/compatibility/flame-angelfish-and-kuhli-loach/,flame-angelfish,kuhli-loach,False,False,/compatibility/flame-angelfish/,/compatibility/kuhli-loach/,Ensure both owner links
/compatibility/flame-angelfish-and-lemon-tetra/,flame-angelfish,lemon-tetra,False,False,/compatibility/flame-angelfish/,/compatibility/lemon-tetra/,Ensure both owner links
/compatibility/flame-angelfish-and-lionfish/,flame-angelfish,lionfish,False,False,/compatibility/flame-angelfish/,/compatibility/lionfish/,Ensure both owner links
/compatibility/flame-angelfish-and-molly/,flame-angelfish,molly,False,False,/compatibility/flame-angelfish/,/compatibility/molly/,Ensure both owner links
/compatibility/flame-angelfish-and-moonlight-gourami/,flame-angelfish,moonlight-gourami,False,False,/compatibility/flame-angelfish/,/compatibility/moonlight-gourami/,Ensure both owner links
/compatibility/flame-angelfish-and-mystery-snail/,flame-angelfish,mystery-snail,False,False,/compatibility/flame-angelfish/,/compatibility/mystery-snail/,Ensure both owner links
/compatibility/flame-angelfish-and-neon-rainbowfish/,flame-angelfish,neon-rainbowfish,False,False,/compatibility/flame-angelfish/,/compatibility/neon-rainbowfish/,Ensure both owner links
/compatibility/flame-angelfish-and-neon-tetra/,flame-angelfish,neon-tetra,False,False,/compatibility/flame-angelfish/,/compatibility/neon-tetra/,Ensure both owner links
/compatibility/flame-angelfish-and-nerite-snail/,flame-angelfish,nerite-snail,False,False,/compatibility/flame-angelfish/,/compatibility/nerite-snail/,Ensure both owner links
/compatibility/flame-angelfish-and-oscar/,flame-angelfish,oscar,False,False,/compatibility/flame-angelfish/,/guides/oscar-fish-care/tank-mates/,Ensure both owner links
/compatibility/flame-angelfish-and-otocinclus/,flame-angelfish,otocinclus,False,False,/compatibility/flame-angelfish/,/compatibility/otocinclus/,Ensure both owner links
/compatibility/flame-angelfish-and-pajama-cardinalfish/,flame-angelfish,pajama-cardinalfish,False,False,/compatibility/flame-angelfish/,/compatibility/pajama-cardinalfish/,Ensure both owner links
/compatibility/flame-angelfish-and-panda-cory/,flame-angelfish,panda-cory,False,False,/compatibility/flame-angelfish/,/compatibility/panda-cory/,Ensure both owner links
/compatibility/flame-angelfish-and-pea-puffer/,flame-angelfish,pea-puffer,False,False,/compatibility/flame-angelfish/,/compatibility/pea-puffer/,Ensure both owner links
/compatibility/flame-angelfish-and-peacock-cichlid/,flame-angelfish,peacock-cichlid,False,False,/compatibility/flame-angelfish/,/compatibility/peacock-cichlid/,Ensure both owner links
/compatibility/flame-angelfish-and-pearl-danio/,flame-angelfish,pearl-danio,False,False,/compatibility/flame-angelfish/,/compatibility/pearl-danio/,Ensure both owner links
/compatibility/flame-angelfish-and-peppered-cory/,flame-angelfish,peppered-cory,False,False,/compatibility/flame-angelfish/,/compatibility/peppered-cory/,Ensure both owner links
/compatibility/flame-angelfish-and-percula-clownfish/,flame-angelfish,percula-clownfish,False,False,/compatibility/flame-angelfish/,/compatibility/percula-clownfish/,Ensure both owner links
/compatibility/flame-angelfish-and-platy/,flame-angelfish,platy,False,False,/compatibility/flame-angelfish/,/compatibility/platy/,Ensure both owner links
/compatibility/flame-angelfish-and-pygmy-corydoras/,flame-angelfish,pygmy-corydoras,False,False,/compatibility/flame-angelfish/,/compatibility/pygmy-corydoras/,Ensure both owner links
/compatibility/flame-angelfish-and-rainbow-shark/,flame-angelfish,rainbow-shark,False,False,/compatibility/flame-angelfish/,/compatibility/rainbow-shark/,Ensure both owner links
/compatibility/flame-angelfish-and-red-eye-tetra/,flame-angelfish,red-eye-tetra,False,False,/compatibility/flame-angelfish/,/compatibility/red-eye-tetra/,Ensure both owner links
/compatibility/flame-angelfish-and-rosy-barb/,flame-angelfish,rosy-barb,False,False,/compatibility/flame-angelfish/,/compatibility/rosy-barb/,Ensure both owner links
/compatibility/flame-angelfish-and-royal-gramma/,flame-angelfish,royal-gramma,False,False,/compatibility/flame-angelfish/,/compatibility/royal-gramma/,Ensure both owner links
/compatibility/flame-angelfish-and-senegal-bichir/,flame-angelfish,senegal-bichir,False,False,/compatibility/flame-angelfish/,/compatibility/senegal-bichir/,Ensure both owner links
/compatibility/flame-angelfish-and-serpae-tetra/,flame-angelfish,serpae-tetra,False,False,/compatibility/flame-angelfish/,/compatibility/serpae-tetra/,Ensure both owner links
/compatibility/flame-angelfish-and-severum-cichlid/,flame-angelfish,severum-cichlid,False,False,/compatibility/flame-angelfish/,/compatibility/severum-cichlid/,Ensure both owner links
/compatibility/flame-angelfish-and-silver-arowana/,flame-angelfish,silver-arowana,False,False,/compatibility/flame-angelfish/,/compatibility/silver-arowana/,Ensure both owner links
/compatibility/flame-angelfish-and-silver-dollar/,flame-angelfish,silver-dollar,False,False,/compatibility/flame-angelfish/,/compatibility/silver-dollar/,Ensure both owner links
/compatibility/flame-angelfish-and-sparkling-gourami/,flame-angelfish,sparkling-gourami,False,False,/compatibility/flame-angelfish/,/compatibility/sparkling-gourami/,Ensure both owner links
/compatibility/flame-angelfish-and-sterbai-cory/,flame-angelfish,sterbai-cory,False,False,/compatibility/flame-angelfish/,/compatibility/sterbai-cory/,Ensure both owner links
/compatibility/flame-angelfish-and-swordtail/,flame-angelfish,swordtail,False,False,/compatibility/flame-angelfish/,/compatibility/swordtail/,Ensure both owner links
/compatibility/flame-angelfish-and-texas-cichlid/,flame-angelfish,texas-cichlid,False,False,/compatibility/flame-angelfish/,/compatibility/texas-cichlid/,Ensure both owner links
/compatibility/flame-angelfish-and-threadfin-rainbowfish/,flame-angelfish,threadfin-rainbowfish,False,False,/compatibility/flame-angelfish/,/compatibility/threadfin-rainbowfish/,Ensure both owner links
/compatibility/flame-angelfish-and-three-spot-gourami/,flame-angelfish,three-spot-gourami,False,False,/compatibility/flame-angelfish/,/compatibility/three-spot-gourami/,Ensure both owner links
/compatibility/flame-angelfish-and-tiger-barb/,flame-angelfish,tiger-barb,False,False,/compatibility/flame-angelfish/,/compatibility/tiger-barb/,Ensure both owner links
/compatibility/flame-angelfish-and-watchman-goby/,flame-angelfish,watchman-goby,False,False,/compatibility/flame-angelfish/,/compatibility/watchman-goby/,Ensure both owner links
/compatibility/flame-angelfish-and-weather-loach/,flame-angelfish,weather-loach,False,False,/compatibility/flame-angelfish/,/compatibility/weather-loach/,Ensure both owner links
/compatibility/flame-angelfish-and-x-ray-tetra/,flame-angelfish,x-ray-tetra,False,False,/compatibility/flame-angelfish/,/compatibility/x-ray-tetra/,Ensure both owner links
/compatibility/flame-angelfish-and-yellow-tang/,flame-angelfish,yellow-tang,False,False,/compatibility/flame-angelfish/,/compatibility/yellow-tang/,Ensure both owner links
/compatibility/flame-angelfish-and-yoyo-loach/,flame-angelfish,yoyo-loach,False,False,/compatibility/flame-angelfish/,/compatibility/yoyo-loach/,Ensure both owner links
/compatibility/flame-angelfish-and-zebra-danio/,flame-angelfish,zebra-danio,False,False,/compatibility/flame-angelfish/,/compatibility/zebra-danio/,Ensure both owner links
/compatibility/flame-angelfish-and-zebra-loach/,flame-angelfish,zebra-loach,False,False,/compatibility/flame-angelfish/,/compatibility/zebra-loach/,Ensure both owner links
/compatibility/flame-angelfish-and-zebra-pleco/,flame-angelfish,zebra-pleco,False,False,/compatibility/flame-angelfish/,/compatibility/zebra-pleco/,Ensure both owner links
/compatibility/foxface-rabbitfish-and-frontosa-cichlid/,foxface-rabbitfish,frontosa-cichlid,False,False,/compatibility/foxface-rabbitfish/,/compatibility/frontosa-cichlid/,Ensure both owner links
/compatibility/foxface-rabbitfish-and-giant-danio/,foxface-rabbitfish,giant-danio,False,False,/compatibility/foxface-rabbitfish/,/compatibility/giant-danio/,Ensure both owner links
/compatibility/foxface-rabbitfish-and-glass-catfish/,foxface-rabbitfish,glass-catfish,False,False,/compatibility/foxface-rabbitfish/,/compatibility/glass-catfish/,Ensure both owner links
/compatibility/foxface-rabbitfish-and-glowlight-danio/,foxface-rabbitfish,glowlight-danio,False,False,/compatibility/foxface-rabbitfish/,/compatibility/glowlight-danio/,Ensure both owner links
/compatibility/foxface-rabbitfish-and-glowlight-tetra/,foxface-rabbitfish,glowlight-tetra,False,False,/compatibility/foxface-rabbitfish/,/compatibility/glowlight-tetra/,Ensure both owner links
/compatibility/foxface-rabbitfish-and-goldfish/,foxface-rabbitfish,goldfish,False,False,/compatibility/foxface-rabbitfish/,/compatibility/goldfish/,Ensure both owner links
/compatibility/foxface-rabbitfish-and-green-terror-cichlid/,foxface-rabbitfish,green-terror-cichlid,False,False,/compatibility/foxface-rabbitfish/,/compatibility/green-terror-cichlid/,Ensure both owner links
/compatibility/foxface-rabbitfish-and-guppy/,foxface-rabbitfish,guppy,False,False,/compatibility/foxface-rabbitfish/,/compatibility/guppy/,Ensure both owner links
/compatibility/foxface-rabbitfish-and-harlequin-rasbora/,foxface-rabbitfish,harlequin-rasbora,False,False,/compatibility/foxface-rabbitfish/,/compatibility/harlequin-rasbora/,Ensure both owner links
/compatibility/foxface-rabbitfish-and-hillstream-loach/,foxface-rabbitfish,hillstream-loach,False,False,/compatibility/foxface-rabbitfish/,/compatibility/hillstream-loach/,Ensure both owner links
/compatibility/foxface-rabbitfish-and-honey-gourami/,foxface-rabbitfish,honey-gourami,False,False,/compatibility/foxface-rabbitfish/,/compatibility/honey-gourami/,Ensure both owner links
/compatibility/foxface-rabbitfish-and-jewel-cichlid/,foxface-rabbitfish,jewel-cichlid,False,False,/compatibility/foxface-rabbitfish/,/compatibility/jewel-cichlid/,Ensure both owner links
/compatibility/foxface-rabbitfish-and-julii-cory/,foxface-rabbitfish,julii-cory,False,False,/compatibility/foxface-rabbitfish/,/compatibility/julii-cory/,Ensure both owner links
/compatibility/foxface-rabbitfish-and-keyhole-cichlid/,foxface-rabbitfish,keyhole-cichlid,False,False,/compatibility/foxface-rabbitfish/,/compatibility/keyhole-cichlid/,Ensure both owner links
/compatibility/foxface-rabbitfish-and-koi/,foxface-rabbitfish,koi,False,False,/compatibility/foxface-rabbitfish/,/guides/koi-fish-care/tank-mates/,Ensure both owner links
/compatibility/foxface-rabbitfish-and-kuhli-loach/,foxface-rabbitfish,kuhli-loach,False,False,/compatibility/foxface-rabbitfish/,/compatibility/kuhli-loach/,Ensure both owner links
/compatibility/foxface-rabbitfish-and-lemon-tetra/,foxface-rabbitfish,lemon-tetra,False,False,/compatibility/foxface-rabbitfish/,/compatibility/lemon-tetra/,Ensure both owner links
/compatibility/foxface-rabbitfish-and-lionfish/,foxface-rabbitfish,lionfish,False,False,/compatibility/foxface-rabbitfish/,/compatibility/lionfish/,Ensure both owner links
/compatibility/foxface-rabbitfish-and-molly/,foxface-rabbitfish,molly,False,False,/compatibility/foxface-rabbitfish/,/compatibility/molly/,Ensure both owner links
/compatibility/foxface-rabbitfish-and-moonlight-gourami/,foxface-rabbitfish,moonlight-gourami,False,False,/compatibility/foxface-rabbitfish/,/compatibility/moonlight-gourami/,Ensure both owner links
/compatibility/foxface-rabbitfish-and-mystery-snail/,foxface-rabbitfish,mystery-snail,False,False,/compatibility/foxface-rabbitfish/,/compatibility/mystery-snail/,Ensure both owner links
/compatibility/foxface-rabbitfish-and-neon-rainbowfish/,foxface-rabbitfish,neon-rainbowfish,False,False,/compatibility/foxface-rabbitfish/,/compatibility/neon-rainbowfish/,Ensure both owner links
/compatibility/foxface-rabbitfish-and-neon-tetra/,foxface-rabbitfish,neon-tetra,False,False,/compatibility/foxface-rabbitfish/,/compatibility/neon-tetra/,Ensure both owner links
/compatibility/foxface-rabbitfish-and-nerite-snail/,foxface-rabbitfish,nerite-snail,False,False,/compatibility/foxface-rabbitfish/,/compatibility/nerite-snail/,Ensure both owner links
/compatibility/foxface-rabbitfish-and-oscar/,foxface-rabbitfish,oscar,False,False,/compatibility/foxface-rabbitfish/,/guides/oscar-fish-care/tank-mates/,Ensure both owner links
/compatibility/foxface-rabbitfish-and-otocinclus/,foxface-rabbitfish,otocinclus,False,False,/compatibility/foxface-rabbitfish/,/compatibility/otocinclus/,Ensure both owner links
/compatibility/foxface-rabbitfish-and-pajama-cardinalfish/,foxface-rabbitfish,pajama-cardinalfish,False,False,/compatibility/foxface-rabbitfish/,/compatibility/pajama-cardinalfish/,Ensure both owner links
/compatibility/foxface-rabbitfish-and-panda-cory/,foxface-rabbitfish,panda-cory,False,False,/compatibility/foxface-rabbitfish/,/compatibility/panda-cory/,Ensure both owner links
/compatibility/foxface-rabbitfish-and-pea-puffer/,foxface-rabbitfish,pea-puffer,False,False,/compatibility/foxface-rabbitfish/,/compatibility/pea-puffer/,Ensure both owner links
/compatibility/foxface-rabbitfish-and-peacock-cichlid/,foxface-rabbitfish,peacock-cichlid,False,False,/compatibility/foxface-rabbitfish/,/compatibility/peacock-cichlid/,Ensure both owner links
/compatibility/foxface-rabbitfish-and-pearl-danio/,foxface-rabbitfish,pearl-danio,False,False,/compatibility/foxface-rabbitfish/,/compatibility/pearl-danio/,Ensure both owner links
/compatibility/foxface-rabbitfish-and-peppered-cory/,foxface-rabbitfish,peppered-cory,False,False,/compatibility/foxface-rabbitfish/,/compatibility/peppered-cory/,Ensure both owner links
/compatibility/foxface-rabbitfish-and-percula-clownfish/,foxface-rabbitfish,percula-clownfish,False,False,/compatibility/foxface-rabbitfish/,/compatibility/percula-clownfish/,Ensure both owner links
/compatibility/foxface-rabbitfish-and-platy/,foxface-rabbitfish,platy,False,False,/compatibility/foxface-rabbitfish/,/compatibility/platy/,Ensure both owner links
/compatibility/foxface-rabbitfish-and-pygmy-corydoras/,foxface-rabbitfish,pygmy-corydoras,False,False,/compatibility/foxface-rabbitfish/,/compatibility/pygmy-corydoras/,Ensure both owner links
/compatibility/foxface-rabbitfish-and-rainbow-shark/,foxface-rabbitfish,rainbow-shark,False,False,/compatibility/foxface-rabbitfish/,/compatibility/rainbow-shark/,Ensure both owner links
/compatibility/foxface-rabbitfish-and-red-eye-tetra/,foxface-rabbitfish,red-eye-tetra,False,False,/compatibility/foxface-rabbitfish/,/compatibility/red-eye-tetra/,Ensure both owner links
/compatibility/foxface-rabbitfish-and-rosy-barb/,foxface-rabbitfish,rosy-barb,False,False,/compatibility/foxface-rabbitfish/,/compatibility/rosy-barb/,Ensure both owner links
/compatibility/foxface-rabbitfish-and-royal-gramma/,foxface-rabbitfish,royal-gramma,False,False,/compatibility/foxface-rabbitfish/,/compatibility/royal-gramma/,Ensure both owner links
/compatibility/foxface-rabbitfish-and-senegal-bichir/,foxface-rabbitfish,senegal-bichir,False,False,/compatibility/foxface-rabbitfish/,/compatibility/senegal-bichir/,Ensure both owner links
/compatibility/foxface-rabbitfish-and-serpae-tetra/,foxface-rabbitfish,serpae-tetra,False,False,/compatibility/foxface-rabbitfish/,/compatibility/serpae-tetra/,Ensure both owner links
/compatibility/foxface-rabbitfish-and-severum-cichlid/,foxface-rabbitfish,severum-cichlid,False,False,/compatibility/foxface-rabbitfish/,/compatibility/severum-cichlid/,Ensure both owner links
/compatibility/foxface-rabbitfish-and-silver-arowana/,foxface-rabbitfish,silver-arowana,False,False,/compatibility/foxface-rabbitfish/,/compatibility/silver-arowana/,Ensure both owner links
/compatibility/foxface-rabbitfish-and-silver-dollar/,foxface-rabbitfish,silver-dollar,False,False,/compatibility/foxface-rabbitfish/,/compatibility/silver-dollar/,Ensure both owner links
/compatibility/foxface-rabbitfish-and-sparkling-gourami/,foxface-rabbitfish,sparkling-gourami,False,False,/compatibility/foxface-rabbitfish/,/compatibility/sparkling-gourami/,Ensure both owner links
/compatibility/foxface-rabbitfish-and-sterbai-cory/,foxface-rabbitfish,sterbai-cory,False,False,/compatibility/foxface-rabbitfish/,/compatibility/sterbai-cory/,Ensure both owner links
/compatibility/foxface-rabbitfish-and-swordtail/,foxface-rabbitfish,swordtail,False,False,/compatibility/foxface-rabbitfish/,/compatibility/swordtail/,Ensure both owner links
/compatibility/foxface-rabbitfish-and-texas-cichlid/,foxface-rabbitfish,texas-cichlid,False,False,/compatibility/foxface-rabbitfish/,/compatibility/texas-cichlid/,Ensure both owner links
/compatibility/foxface-rabbitfish-and-threadfin-rainbowfish/,foxface-rabbitfish,threadfin-rainbowfish,False,False,/compatibility/foxface-rabbitfish/,/compatibility/threadfin-rainbowfish/,Ensure both owner links
/compatibility/foxface-rabbitfish-and-three-spot-gourami/,foxface-rabbitfish,three-spot-gourami,False,False,/compatibility/foxface-rabbitfish/,/compatibility/three-spot-gourami/,Ensure both owner links
/compatibility/foxface-rabbitfish-and-tiger-barb/,foxface-rabbitfish,tiger-barb,False,False,/compatibility/foxface-rabbitfish/,/compatibility/tiger-barb/,Ensure both owner links
/compatibility/foxface-rabbitfish-and-watchman-goby/,foxface-rabbitfish,watchman-goby,False,False,/compatibility/foxface-rabbitfish/,/compatibility/watchman-goby/,Ensure both owner links
/compatibility/foxface-rabbitfish-and-weather-loach/,foxface-rabbitfish,weather-loach,False,False,/compatibility/foxface-rabbitfish/,/compatibility/weather-loach/,Ensure both owner links
/compatibility/foxface-rabbitfish-and-x-ray-tetra/,foxface-rabbitfish,x-ray-tetra,False,False,/compatibility/foxface-rabbitfish/,/compatibility/x-ray-tetra/,Ensure both owner links
/compatibility/foxface-rabbitfish-and-yellow-tang/,foxface-rabbitfish,yellow-tang,False,False,/compatibility/foxface-rabbitfish/,/compatibility/yellow-tang/,Ensure both owner links
/compatibility/foxface-rabbitfish-and-yoyo-loach/,foxface-rabbitfish,yoyo-loach,False,False,/compatibility/foxface-rabbitfish/,/compatibility/yoyo-loach/,Ensure both owner links
/compatibility/foxface-rabbitfish-and-zebra-danio/,foxface-rabbitfish,zebra-danio,False,False,/compatibility/foxface-rabbitfish/,/compatibility/zebra-danio/,Ensure both owner links
/compatibility/foxface-rabbitfish-and-zebra-loach/,foxface-rabbitfish,zebra-loach,False,False,/compatibility/foxface-rabbitfish/,/compatibility/zebra-loach/,Ensure both owner links
/compatibility/foxface-rabbitfish-and-zebra-pleco/,foxface-rabbitfish,zebra-pleco,False,False,/compatibility/foxface-rabbitfish/,/compatibility/zebra-pleco/,Ensure both owner links
/compatibility/frontosa-cichlid-and-giant-danio/,frontosa-cichlid,giant-danio,False,False,/compatibility/frontosa-cichlid/,/compatibility/giant-danio/,Ensure both owner links
/compatibility/frontosa-cichlid-and-glass-catfish/,frontosa-cichlid,glass-catfish,False,False,/compatibility/frontosa-cichlid/,/compatibility/glass-catfish/,Ensure both owner links
/compatibility/frontosa-cichlid-and-glowlight-danio/,frontosa-cichlid,glowlight-danio,False,False,/compatibility/frontosa-cichlid/,/compatibility/glowlight-danio/,Ensure both owner links
/compatibility/frontosa-cichlid-and-glowlight-tetra/,frontosa-cichlid,glowlight-tetra,False,False,/compatibility/frontosa-cichlid/,/compatibility/glowlight-tetra/,Ensure both owner links
/compatibility/frontosa-cichlid-and-goldfish/,frontosa-cichlid,goldfish,False,False,/compatibility/frontosa-cichlid/,/compatibility/goldfish/,Ensure both owner links
/compatibility/frontosa-cichlid-and-green-terror-cichlid/,frontosa-cichlid,green-terror-cichlid,False,False,/compatibility/frontosa-cichlid/,/compatibility/green-terror-cichlid/,Ensure both owner links
/compatibility/frontosa-cichlid-and-guppy/,frontosa-cichlid,guppy,False,False,/compatibility/frontosa-cichlid/,/compatibility/guppy/,Ensure both owner links
/compatibility/frontosa-cichlid-and-harlequin-rasbora/,frontosa-cichlid,harlequin-rasbora,False,False,/compatibility/frontosa-cichlid/,/compatibility/harlequin-rasbora/,Ensure both owner links
/compatibility/frontosa-cichlid-and-hillstream-loach/,frontosa-cichlid,hillstream-loach,False,False,/compatibility/frontosa-cichlid/,/compatibility/hillstream-loach/,Ensure both owner links
/compatibility/frontosa-cichlid-and-honey-gourami/,frontosa-cichlid,honey-gourami,False,False,/compatibility/frontosa-cichlid/,/compatibility/honey-gourami/,Ensure both owner links
/compatibility/frontosa-cichlid-and-jewel-cichlid/,frontosa-cichlid,jewel-cichlid,False,False,/compatibility/frontosa-cichlid/,/compatibility/jewel-cichlid/,Ensure both owner links
/compatibility/frontosa-cichlid-and-julii-cory/,frontosa-cichlid,julii-cory,False,False,/compatibility/frontosa-cichlid/,/compatibility/julii-cory/,Ensure both owner links
/compatibility/frontosa-cichlid-and-keyhole-cichlid/,frontosa-cichlid,keyhole-cichlid,False,False,/compatibility/frontosa-cichlid/,/compatibility/keyhole-cichlid/,Ensure both owner links
/compatibility/frontosa-cichlid-and-koi/,frontosa-cichlid,koi,False,False,/compatibility/frontosa-cichlid/,/guides/koi-fish-care/tank-mates/,Ensure both owner links
/compatibility/frontosa-cichlid-and-kuhli-loach/,frontosa-cichlid,kuhli-loach,False,False,/compatibility/frontosa-cichlid/,/compatibility/kuhli-loach/,Ensure both owner links
/compatibility/frontosa-cichlid-and-lemon-tetra/,frontosa-cichlid,lemon-tetra,False,False,/compatibility/frontosa-cichlid/,/compatibility/lemon-tetra/,Ensure both owner links
/compatibility/frontosa-cichlid-and-lionfish/,frontosa-cichlid,lionfish,False,False,/compatibility/frontosa-cichlid/,/compatibility/lionfish/,Ensure both owner links
/compatibility/frontosa-cichlid-and-molly/,frontosa-cichlid,molly,False,False,/compatibility/frontosa-cichlid/,/compatibility/molly/,Ensure both owner links
/compatibility/frontosa-cichlid-and-moonlight-gourami/,frontosa-cichlid,moonlight-gourami,False,False,/compatibility/frontosa-cichlid/,/compatibility/moonlight-gourami/,Ensure both owner links
/compatibility/frontosa-cichlid-and-mystery-snail/,frontosa-cichlid,mystery-snail,False,False,/compatibility/frontosa-cichlid/,/compatibility/mystery-snail/,Ensure both owner links
/compatibility/frontosa-cichlid-and-neon-rainbowfish/,frontosa-cichlid,neon-rainbowfish,False,False,/compatibility/frontosa-cichlid/,/compatibility/neon-rainbowfish/,Ensure both owner links
/compatibility/frontosa-cichlid-and-neon-tetra/,frontosa-cichlid,neon-tetra,False,False,/compatibility/frontosa-cichlid/,/compatibility/neon-tetra/,Ensure both owner links
/compatibility/frontosa-cichlid-and-nerite-snail/,frontosa-cichlid,nerite-snail,False,False,/compatibility/frontosa-cichlid/,/compatibility/nerite-snail/,Ensure both owner links
/compatibility/frontosa-cichlid-and-oscar/,frontosa-cichlid,oscar,False,False,/compatibility/frontosa-cichlid/,/guides/oscar-fish-care/tank-mates/,Ensure both owner links
/compatibility/frontosa-cichlid-and-otocinclus/,frontosa-cichlid,otocinclus,False,False,/compatibility/frontosa-cichlid/,/compatibility/otocinclus/,Ensure both owner links
/compatibility/frontosa-cichlid-and-pajama-cardinalfish/,frontosa-cichlid,pajama-cardinalfish,False,False,/compatibility/frontosa-cichlid/,/compatibility/pajama-cardinalfish/,Ensure both owner links
/compatibility/frontosa-cichlid-and-panda-cory/,frontosa-cichlid,panda-cory,False,False,/compatibility/frontosa-cichlid/,/compatibility/panda-cory/,Ensure both owner links
/compatibility/frontosa-cichlid-and-pea-puffer/,frontosa-cichlid,pea-puffer,False,False,/compatibility/frontosa-cichlid/,/compatibility/pea-puffer/,Ensure both owner links
/compatibility/frontosa-cichlid-and-peacock-cichlid/,frontosa-cichlid,peacock-cichlid,False,False,/compatibility/frontosa-cichlid/,/compatibility/peacock-cichlid/,Ensure both owner links
/compatibility/frontosa-cichlid-and-pearl-danio/,frontosa-cichlid,pearl-danio,False,False,/compatibility/frontosa-cichlid/,/compatibility/pearl-danio/,Ensure both owner links
/compatibility/frontosa-cichlid-and-peppered-cory/,frontosa-cichlid,peppered-cory,False,False,/compatibility/frontosa-cichlid/,/compatibility/peppered-cory/,Ensure both owner links
/compatibility/frontosa-cichlid-and-percula-clownfish/,frontosa-cichlid,percula-clownfish,False,False,/compatibility/frontosa-cichlid/,/compatibility/percula-clownfish/,Ensure both owner links
/compatibility/frontosa-cichlid-and-platy/,frontosa-cichlid,platy,False,False,/compatibility/frontosa-cichlid/,/compatibility/platy/,Ensure both owner links
/compatibility/frontosa-cichlid-and-pygmy-corydoras/,frontosa-cichlid,pygmy-corydoras,False,False,/compatibility/frontosa-cichlid/,/compatibility/pygmy-corydoras/,Ensure both owner links
/compatibility/frontosa-cichlid-and-rainbow-shark/,frontosa-cichlid,rainbow-shark,False,False,/compatibility/frontosa-cichlid/,/compatibility/rainbow-shark/,Ensure both owner links
/compatibility/frontosa-cichlid-and-red-eye-tetra/,frontosa-cichlid,red-eye-tetra,False,False,/compatibility/frontosa-cichlid/,/compatibility/red-eye-tetra/,Ensure both owner links
/compatibility/frontosa-cichlid-and-rosy-barb/,frontosa-cichlid,rosy-barb,False,False,/compatibility/frontosa-cichlid/,/compatibility/rosy-barb/,Ensure both owner links
/compatibility/frontosa-cichlid-and-royal-gramma/,frontosa-cichlid,royal-gramma,False,False,/compatibility/frontosa-cichlid/,/compatibility/royal-gramma/,Ensure both owner links
/compatibility/frontosa-cichlid-and-senegal-bichir/,frontosa-cichlid,senegal-bichir,False,False,/compatibility/frontosa-cichlid/,/compatibility/senegal-bichir/,Ensure both owner links
/compatibility/frontosa-cichlid-and-serpae-tetra/,frontosa-cichlid,serpae-tetra,False,False,/compatibility/frontosa-cichlid/,/compatibility/serpae-tetra/,Ensure both owner links
/compatibility/frontosa-cichlid-and-severum-cichlid/,frontosa-cichlid,severum-cichlid,False,False,/compatibility/frontosa-cichlid/,/compatibility/severum-cichlid/,Ensure both owner links
/compatibility/frontosa-cichlid-and-silver-arowana/,frontosa-cichlid,silver-arowana,False,False,/compatibility/frontosa-cichlid/,/compatibility/silver-arowana/,Ensure both owner links
/compatibility/frontosa-cichlid-and-silver-dollar/,frontosa-cichlid,silver-dollar,False,False,/compatibility/frontosa-cichlid/,/compatibility/silver-dollar/,Ensure both owner links
/compatibility/frontosa-cichlid-and-sparkling-gourami/,frontosa-cichlid,sparkling-gourami,False,False,/compatibility/frontosa-cichlid/,/compatibility/sparkling-gourami/,Ensure both owner links
/compatibility/frontosa-cichlid-and-sterbai-cory/,frontosa-cichlid,sterbai-cory,False,False,/compatibility/frontosa-cichlid/,/compatibility/sterbai-cory/,Ensure both owner links
/compatibility/frontosa-cichlid-and-swordtail/,frontosa-cichlid,swordtail,False,False,/compatibility/frontosa-cichlid/,/compatibility/swordtail/,Ensure both owner links
/compatibility/frontosa-cichlid-and-texas-cichlid/,frontosa-cichlid,texas-cichlid,False,False,/compatibility/frontosa-cichlid/,/compatibility/texas-cichlid/,Ensure both owner links
/compatibility/frontosa-cichlid-and-threadfin-rainbowfish/,frontosa-cichlid,threadfin-rainbowfish,False,False,/compatibility/frontosa-cichlid/,/compatibility/threadfin-rainbowfish/,Ensure both owner links
/compatibility/frontosa-cichlid-and-three-spot-gourami/,frontosa-cichlid,three-spot-gourami,False,False,/compatibility/frontosa-cichlid/,/compatibility/three-spot-gourami/,Ensure both owner links
/compatibility/frontosa-cichlid-and-tiger-barb/,frontosa-cichlid,tiger-barb,False,False,/compatibility/frontosa-cichlid/,/compatibility/tiger-barb/,Ensure both owner links
/compatibility/frontosa-cichlid-and-watchman-goby/,frontosa-cichlid,watchman-goby,False,False,/compatibility/frontosa-cichlid/,/compatibility/watchman-goby/,Ensure both owner links
/compatibility/frontosa-cichlid-and-weather-loach/,frontosa-cichlid,weather-loach,False,False,/compatibility/frontosa-cichlid/,/compatibility/weather-loach/,Ensure both owner links
/compatibility/frontosa-cichlid-and-x-ray-tetra/,frontosa-cichlid,x-ray-tetra,False,False,/compatibility/frontosa-cichlid/,/compatibility/x-ray-tetra/,Ensure both owner links
/compatibility/frontosa-cichlid-and-yellow-tang/,frontosa-cichlid,yellow-tang,False,False,/compatibility/frontosa-cichlid/,/compatibility/yellow-tang/,Ensure both owner links
/compatibility/frontosa-cichlid-and-yoyo-loach/,frontosa-cichlid,yoyo-loach,False,False,/compatibility/frontosa-cichlid/,/compatibility/yoyo-loach/,Ensure both owner links
/compatibility/frontosa-cichlid-and-zebra-danio/,frontosa-cichlid,zebra-danio,False,False,/compatibility/frontosa-cichlid/,/compatibility/zebra-danio/,Ensure both owner links
/compatibility/frontosa-cichlid-and-zebra-loach/,frontosa-cichlid,zebra-loach,False,False,/compatibility/frontosa-cichlid/,/compatibility/zebra-loach/,Ensure both owner links
/compatibility/frontosa-cichlid-and-zebra-pleco/,frontosa-cichlid,zebra-pleco,False,False,/compatibility/frontosa-cichlid/,/compatibility/zebra-pleco/,Ensure both owner links
/compatibility/giant-danio-and-glass-catfish/,giant-danio,glass-catfish,False,False,/compatibility/giant-danio/,/compatibility/glass-catfish/,Ensure both owner links
/compatibility/giant-danio-and-glowlight-danio/,giant-danio,glowlight-danio,False,False,/compatibility/giant-danio/,/compatibility/glowlight-danio/,Ensure both owner links
/compatibility/giant-danio-and-glowlight-tetra/,giant-danio,glowlight-tetra,False,False,/compatibility/giant-danio/,/compatibility/glowlight-tetra/,Ensure both owner links
/compatibility/giant-danio-and-goldfish/,giant-danio,goldfish,False,False,/compatibility/giant-danio/,/compatibility/goldfish/,Ensure both owner links
/compatibility/giant-danio-and-green-terror-cichlid/,giant-danio,green-terror-cichlid,False,False,/compatibility/giant-danio/,/compatibility/green-terror-cichlid/,Ensure both owner links
/compatibility/giant-danio-and-guppy/,giant-danio,guppy,False,False,/compatibility/giant-danio/,/compatibility/guppy/,Ensure both owner links
/compatibility/giant-danio-and-harlequin-rasbora/,giant-danio,harlequin-rasbora,False,False,/compatibility/giant-danio/,/compatibility/harlequin-rasbora/,Ensure both owner links
/compatibility/giant-danio-and-hillstream-loach/,giant-danio,hillstream-loach,False,False,/compatibility/giant-danio/,/compatibility/hillstream-loach/,Ensure both owner links
/compatibility/giant-danio-and-honey-gourami/,giant-danio,honey-gourami,False,False,/compatibility/giant-danio/,/compatibility/honey-gourami/,Ensure both owner links
/compatibility/giant-danio-and-jewel-cichlid/,giant-danio,jewel-cichlid,False,False,/compatibility/giant-danio/,/compatibility/jewel-cichlid/,Ensure both owner links
/compatibility/giant-danio-and-julii-cory/,giant-danio,julii-cory,False,False,/compatibility/giant-danio/,/compatibility/julii-cory/,Ensure both owner links
/compatibility/giant-danio-and-keyhole-cichlid/,giant-danio,keyhole-cichlid,False,False,/compatibility/giant-danio/,/compatibility/keyhole-cichlid/,Ensure both owner links
/compatibility/giant-danio-and-koi/,giant-danio,koi,False,False,/compatibility/giant-danio/,/guides/koi-fish-care/tank-mates/,Ensure both owner links
/compatibility/giant-danio-and-kuhli-loach/,giant-danio,kuhli-loach,False,False,/compatibility/giant-danio/,/compatibility/kuhli-loach/,Ensure both owner links
/compatibility/giant-danio-and-lemon-tetra/,giant-danio,lemon-tetra,False,False,/compatibility/giant-danio/,/compatibility/lemon-tetra/,Ensure both owner links
/compatibility/giant-danio-and-lionfish/,giant-danio,lionfish,False,False,/compatibility/giant-danio/,/compatibility/lionfish/,Ensure both owner links
/compatibility/giant-danio-and-molly/,giant-danio,molly,False,False,/compatibility/giant-danio/,/compatibility/molly/,Ensure both owner links
/compatibility/giant-danio-and-moonlight-gourami/,giant-danio,moonlight-gourami,False,False,/compatibility/giant-danio/,/compatibility/moonlight-gourami/,Ensure both owner links
/compatibility/giant-danio-and-mystery-snail/,giant-danio,mystery-snail,False,False,/compatibility/giant-danio/,/compatibility/mystery-snail/,Ensure both owner links
/compatibility/giant-danio-and-neon-rainbowfish/,giant-danio,neon-rainbowfish,False,False,/compatibility/giant-danio/,/compatibility/neon-rainbowfish/,Ensure both owner links
/compatibility/giant-danio-and-neon-tetra/,giant-danio,neon-tetra,False,False,/compatibility/giant-danio/,/compatibility/neon-tetra/,Ensure both owner links
/compatibility/giant-danio-and-nerite-snail/,giant-danio,nerite-snail,False,False,/compatibility/giant-danio/,/compatibility/nerite-snail/,Ensure both owner links
/compatibility/giant-danio-and-oscar/,giant-danio,oscar,False,False,/compatibility/giant-danio/,/guides/oscar-fish-care/tank-mates/,Ensure both owner links
/compatibility/giant-danio-and-otocinclus/,giant-danio,otocinclus,False,False,/compatibility/giant-danio/,/compatibility/otocinclus/,Ensure both owner links
/compatibility/giant-danio-and-pajama-cardinalfish/,giant-danio,pajama-cardinalfish,False,False,/compatibility/giant-danio/,/compatibility/pajama-cardinalfish/,Ensure both owner links
/compatibility/giant-danio-and-panda-cory/,giant-danio,panda-cory,False,False,/compatibility/giant-danio/,/compatibility/panda-cory/,Ensure both owner links
/compatibility/giant-danio-and-pea-puffer/,giant-danio,pea-puffer,False,False,/compatibility/giant-danio/,/compatibility/pea-puffer/,Ensure both owner links
/compatibility/giant-danio-and-peacock-cichlid/,giant-danio,peacock-cichlid,False,False,/compatibility/giant-danio/,/compatibility/peacock-cichlid/,Ensure both owner links
/compatibility/giant-danio-and-pearl-danio/,giant-danio,pearl-danio,False,False,/compatibility/giant-danio/,/compatibility/pearl-danio/,Ensure both owner links
/compatibility/giant-danio-and-peppered-cory/,giant-danio,peppered-cory,False,False,/compatibility/giant-danio/,/compatibility/peppered-cory/,Ensure both owner links
/compatibility/giant-danio-and-percula-clownfish/,giant-danio,percula-clownfish,False,False,/compatibility/giant-danio/,/compatibility/percula-clownfish/,Ensure both owner links
/compatibility/giant-danio-and-platy/,giant-danio,platy,False,False,/compatibility/giant-danio/,/compatibility/platy/,Ensure both owner links
/compatibility/giant-danio-and-pygmy-corydoras/,giant-danio,pygmy-corydoras,False,False,/compatibility/giant-danio/,/compatibility/pygmy-corydoras/,Ensure both owner links
/compatibility/giant-danio-and-rainbow-shark/,giant-danio,rainbow-shark,False,False,/compatibility/giant-danio/,/compatibility/rainbow-shark/,Ensure both owner links
/compatibility/giant-danio-and-red-eye-tetra/,giant-danio,red-eye-tetra,False,False,/compatibility/giant-danio/,/compatibility/red-eye-tetra/,Ensure both owner links
/compatibility/giant-danio-and-rosy-barb/,giant-danio,rosy-barb,False,False,/compatibility/giant-danio/,/compatibility/rosy-barb/,Ensure both owner links
/compatibility/giant-danio-and-royal-gramma/,giant-danio,royal-gramma,False,False,/compatibility/giant-danio/,/compatibility/royal-gramma/,Ensure both owner links
/compatibility/giant-danio-and-senegal-bichir/,giant-danio,senegal-bichir,False,False,/compatibility/giant-danio/,/compatibility/senegal-bichir/,Ensure both owner links
/compatibility/giant-danio-and-serpae-tetra/,giant-danio,serpae-tetra,False,False,/compatibility/giant-danio/,/compatibility/serpae-tetra/,Ensure both owner links
/compatibility/giant-danio-and-severum-cichlid/,giant-danio,severum-cichlid,False,False,/compatibility/giant-danio/,/compatibility/severum-cichlid/,Ensure both owner links
/compatibility/giant-danio-and-silver-arowana/,giant-danio,silver-arowana,False,False,/compatibility/giant-danio/,/compatibility/silver-arowana/,Ensure both owner links
/compatibility/giant-danio-and-silver-dollar/,giant-danio,silver-dollar,False,False,/compatibility/giant-danio/,/compatibility/silver-dollar/,Ensure both owner links
/compatibility/giant-danio-and-sparkling-gourami/,giant-danio,sparkling-gourami,False,False,/compatibility/giant-danio/,/compatibility/sparkling-gourami/,Ensure both owner links
/compatibility/giant-danio-and-sterbai-cory/,giant-danio,sterbai-cory,False,False,/compatibility/giant-danio/,/compatibility/sterbai-cory/,Ensure both owner links
/compatibility/giant-danio-and-swordtail/,giant-danio,swordtail,False,False,/compatibility/giant-danio/,/compatibility/swordtail/,Ensure both owner links
/compatibility/giant-danio-and-texas-cichlid/,giant-danio,texas-cichlid,False,False,/compatibility/giant-danio/,/compatibility/texas-cichlid/,Ensure both owner links
/compatibility/giant-danio-and-threadfin-rainbowfish/,giant-danio,threadfin-rainbowfish,False,False,/compatibility/giant-danio/,/compatibility/threadfin-rainbowfish/,Ensure both owner links
/compatibility/giant-danio-and-three-spot-gourami/,giant-danio,three-spot-gourami,False,False,/compatibility/giant-danio/,/compatibility/three-spot-gourami/,Ensure both owner links
/compatibility/giant-danio-and-tiger-barb/,giant-danio,tiger-barb,False,False,/compatibility/giant-danio/,/compatibility/tiger-barb/,Ensure both owner links
/compatibility/giant-danio-and-watchman-goby/,giant-danio,watchman-goby,False,False,/compatibility/giant-danio/,/compatibility/watchman-goby/,Ensure both owner links
/compatibility/giant-danio-and-weather-loach/,giant-danio,weather-loach,False,False,/compatibility/giant-danio/,/compatibility/weather-loach/,Ensure both owner links
/compatibility/giant-danio-and-x-ray-tetra/,giant-danio,x-ray-tetra,False,False,/compatibility/giant-danio/,/compatibility/x-ray-tetra/,Ensure both owner links
/compatibility/giant-danio-and-yellow-tang/,giant-danio,yellow-tang,False,False,/compatibility/giant-danio/,/compatibility/yellow-tang/,Ensure both owner links
/compatibility/giant-danio-and-yoyo-loach/,giant-danio,yoyo-loach,False,False,/compatibility/giant-danio/,/compatibility/yoyo-loach/,Ensure both owner links
/compatibility/giant-danio-and-zebra-danio/,giant-danio,zebra-danio,False,False,/compatibility/giant-danio/,/compatibility/zebra-danio/,Ensure both owner links
/compatibility/giant-danio-and-zebra-loach/,giant-danio,zebra-loach,False,False,/compatibility/giant-danio/,/compatibility/zebra-loach/,Ensure both owner links
/compatibility/giant-danio-and-zebra-pleco/,giant-danio,zebra-pleco,False,False,/compatibility/giant-danio/,/compatibility/zebra-pleco/,Ensure both owner links
/compatibility/glass-catfish-and-glowlight-danio/,glass-catfish,glowlight-danio,False,False,/compatibility/glass-catfish/,/compatibility/glowlight-danio/,Ensure both owner links
/compatibility/glass-catfish-and-glowlight-tetra/,glass-catfish,glowlight-tetra,False,False,/compatibility/glass-catfish/,/compatibility/glowlight-tetra/,Ensure both owner links
/compatibility/glass-catfish-and-goldfish/,glass-catfish,goldfish,False,False,/compatibility/glass-catfish/,/compatibility/goldfish/,Ensure both owner links
/compatibility/glass-catfish-and-green-terror-cichlid/,glass-catfish,green-terror-cichlid,False,False,/compatibility/glass-catfish/,/compatibility/green-terror-cichlid/,Ensure both owner links
/compatibility/glass-catfish-and-guppy/,glass-catfish,guppy,False,False,/compatibility/glass-catfish/,/compatibility/guppy/,Ensure both owner links
/compatibility/glass-catfish-and-harlequin-rasbora/,glass-catfish,harlequin-rasbora,False,False,/compatibility/glass-catfish/,/compatibility/harlequin-rasbora/,Ensure both owner links
/compatibility/glass-catfish-and-hillstream-loach/,glass-catfish,hillstream-loach,False,False,/compatibility/glass-catfish/,/compatibility/hillstream-loach/,Ensure both owner links
/compatibility/glass-catfish-and-honey-gourami/,glass-catfish,honey-gourami,False,False,/compatibility/glass-catfish/,/compatibility/honey-gourami/,Ensure both owner links
/compatibility/glass-catfish-and-jewel-cichlid/,glass-catfish,jewel-cichlid,False,False,/compatibility/glass-catfish/,/compatibility/jewel-cichlid/,Ensure both owner links
/compatibility/glass-catfish-and-julii-cory/,glass-catfish,julii-cory,False,False,/compatibility/glass-catfish/,/compatibility/julii-cory/,Ensure both owner links
/compatibility/glass-catfish-and-keyhole-cichlid/,glass-catfish,keyhole-cichlid,False,False,/compatibility/glass-catfish/,/compatibility/keyhole-cichlid/,Ensure both owner links
/compatibility/glass-catfish-and-koi/,glass-catfish,koi,False,False,/compatibility/glass-catfish/,/guides/koi-fish-care/tank-mates/,Ensure both owner links
/compatibility/glass-catfish-and-kuhli-loach/,glass-catfish,kuhli-loach,False,False,/compatibility/glass-catfish/,/compatibility/kuhli-loach/,Ensure both owner links
/compatibility/glass-catfish-and-lemon-tetra/,glass-catfish,lemon-tetra,False,False,/compatibility/glass-catfish/,/compatibility/lemon-tetra/,Ensure both owner links
/compatibility/glass-catfish-and-lionfish/,glass-catfish,lionfish,False,False,/compatibility/glass-catfish/,/compatibility/lionfish/,Ensure both owner links
/compatibility/glass-catfish-and-molly/,glass-catfish,molly,False,False,/compatibility/glass-catfish/,/compatibility/molly/,Ensure both owner links
/compatibility/glass-catfish-and-moonlight-gourami/,glass-catfish,moonlight-gourami,False,False,/compatibility/glass-catfish/,/compatibility/moonlight-gourami/,Ensure both owner links
/compatibility/glass-catfish-and-mystery-snail/,glass-catfish,mystery-snail,False,False,/compatibility/glass-catfish/,/compatibility/mystery-snail/,Ensure both owner links
/compatibility/glass-catfish-and-neon-rainbowfish/,glass-catfish,neon-rainbowfish,False,False,/compatibility/glass-catfish/,/compatibility/neon-rainbowfish/,Ensure both owner links
/compatibility/glass-catfish-and-neon-tetra/,glass-catfish,neon-tetra,False,False,/compatibility/glass-catfish/,/compatibility/neon-tetra/,Ensure both owner links
/compatibility/glass-catfish-and-nerite-snail/,glass-catfish,nerite-snail,False,False,/compatibility/glass-catfish/,/compatibility/nerite-snail/,Ensure both owner links
/compatibility/glass-catfish-and-oscar/,glass-catfish,oscar,False,False,/compatibility/glass-catfish/,/guides/oscar-fish-care/tank-mates/,Ensure both owner links
/compatibility/glass-catfish-and-otocinclus/,glass-catfish,otocinclus,False,False,/compatibility/glass-catfish/,/compatibility/otocinclus/,Ensure both owner links
/compatibility/glass-catfish-and-pajama-cardinalfish/,glass-catfish,pajama-cardinalfish,False,False,/compatibility/glass-catfish/,/compatibility/pajama-cardinalfish/,Ensure both owner links
/compatibility/glass-catfish-and-panda-cory/,glass-catfish,panda-cory,False,False,/compatibility/glass-catfish/,/compatibility/panda-cory/,Ensure both owner links
/compatibility/glass-catfish-and-pea-puffer/,glass-catfish,pea-puffer,False,False,/compatibility/glass-catfish/,/compatibility/pea-puffer/,Ensure both owner links
/compatibility/glass-catfish-and-peacock-cichlid/,glass-catfish,peacock-cichlid,False,False,/compatibility/glass-catfish/,/compatibility/peacock-cichlid/,Ensure both owner links
/compatibility/glass-catfish-and-pearl-danio/,glass-catfish,pearl-danio,False,False,/compatibility/glass-catfish/,/compatibility/pearl-danio/,Ensure both owner links
/compatibility/glass-catfish-and-peppered-cory/,glass-catfish,peppered-cory,False,False,/compatibility/glass-catfish/,/compatibility/peppered-cory/,Ensure both owner links
/compatibility/glass-catfish-and-percula-clownfish/,glass-catfish,percula-clownfish,False,False,/compatibility/glass-catfish/,/compatibility/percula-clownfish/,Ensure both owner links
/compatibility/glass-catfish-and-platy/,glass-catfish,platy,False,False,/compatibility/glass-catfish/,/compatibility/platy/,Ensure both owner links
/compatibility/glass-catfish-and-pygmy-corydoras/,glass-catfish,pygmy-corydoras,False,False,/compatibility/glass-catfish/,/compatibility/pygmy-corydoras/,Ensure both owner links
/compatibility/glass-catfish-and-rainbow-shark/,glass-catfish,rainbow-shark,False,False,/compatibility/glass-catfish/,/compatibility/rainbow-shark/,Ensure both owner links
/compatibility/glass-catfish-and-red-eye-tetra/,glass-catfish,red-eye-tetra,False,False,/compatibility/glass-catfish/,/compatibility/red-eye-tetra/,Ensure both owner links
/compatibility/glass-catfish-and-rosy-barb/,glass-catfish,rosy-barb,False,False,/compatibility/glass-catfish/,/compatibility/rosy-barb/,Ensure both owner links
/compatibility/glass-catfish-and-royal-gramma/,glass-catfish,royal-gramma,False,False,/compatibility/glass-catfish/,/compatibility/royal-gramma/,Ensure both owner links
/compatibility/glass-catfish-and-senegal-bichir/,glass-catfish,senegal-bichir,False,False,/compatibility/glass-catfish/,/compatibility/senegal-bichir/,Ensure both owner links
/compatibility/glass-catfish-and-serpae-tetra/,glass-catfish,serpae-tetra,False,False,/compatibility/glass-catfish/,/compatibility/serpae-tetra/,Ensure both owner links
/compatibility/glass-catfish-and-severum-cichlid/,glass-catfish,severum-cichlid,False,False,/compatibility/glass-catfish/,/compatibility/severum-cichlid/,Ensure both owner links
/compatibility/glass-catfish-and-silver-arowana/,glass-catfish,silver-arowana,False,False,/compatibility/glass-catfish/,/compatibility/silver-arowana/,Ensure both owner links
/compatibility/glass-catfish-and-silver-dollar/,glass-catfish,silver-dollar,False,False,/compatibility/glass-catfish/,/compatibility/silver-dollar/,Ensure both owner links
/compatibility/glass-catfish-and-sparkling-gourami/,glass-catfish,sparkling-gourami,False,False,/compatibility/glass-catfish/,/compatibility/sparkling-gourami/,Ensure both owner links
/compatibility/glass-catfish-and-sterbai-cory/,glass-catfish,sterbai-cory,False,False,/compatibility/glass-catfish/,/compatibility/sterbai-cory/,Ensure both owner links
/compatibility/glass-catfish-and-swordtail/,glass-catfish,swordtail,False,False,/compatibility/glass-catfish/,/compatibility/swordtail/,Ensure both owner links
/compatibility/glass-catfish-and-texas-cichlid/,glass-catfish,texas-cichlid,False,False,/compatibility/glass-catfish/,/compatibility/texas-cichlid/,Ensure both owner links
/compatibility/glass-catfish-and-threadfin-rainbowfish/,glass-catfish,threadfin-rainbowfish,False,False,/compatibility/glass-catfish/,/compatibility/threadfin-rainbowfish/,Ensure both owner links
/compatibility/glass-catfish-and-three-spot-gourami/,glass-catfish,three-spot-gourami,False,False,/compatibility/glass-catfish/,/compatibility/three-spot-gourami/,Ensure both owner links
/compatibility/glass-catfish-and-tiger-barb/,glass-catfish,tiger-barb,False,False,/compatibility/glass-catfish/,/compatibility/tiger-barb/,Ensure both owner links
/compatibility/glass-catfish-and-watchman-goby/,glass-catfish,watchman-goby,False,False,/compatibility/glass-catfish/,/compatibility/watchman-goby/,Ensure both owner links
/compatibility/glass-catfish-and-weather-loach/,glass-catfish,weather-loach,False,False,/compatibility/glass-catfish/,/compatibility/weather-loach/,Ensure both owner links
/compatibility/glass-catfish-and-x-ray-tetra/,glass-catfish,x-ray-tetra,False,False,/compatibility/glass-catfish/,/compatibility/x-ray-tetra/,Ensure both owner links
/compatibility/glass-catfish-and-yellow-tang/,glass-catfish,yellow-tang,False,False,/compatibility/glass-catfish/,/compatibility/yellow-tang/,Ensure both owner links
/compatibility/glass-catfish-and-yoyo-loach/,glass-catfish,yoyo-loach,False,False,/compatibility/glass-catfish/,/compatibility/yoyo-loach/,Ensure both owner links
/compatibility/glass-catfish-and-zebra-danio/,glass-catfish,zebra-danio,False,False,/compatibility/glass-catfish/,/compatibility/zebra-danio/,Ensure both owner links
/compatibility/glass-catfish-and-zebra-loach/,glass-catfish,zebra-loach,False,False,/compatibility/glass-catfish/,/compatibility/zebra-loach/,Ensure both owner links
/compatibility/glass-catfish-and-zebra-pleco/,glass-catfish,zebra-pleco,False,False,/compatibility/glass-catfish/,/compatibility/zebra-pleco/,Ensure both owner links
/compatibility/glowlight-danio-and-glowlight-tetra/,glowlight-danio,glowlight-tetra,False,False,/compatibility/glowlight-danio/,/compatibility/glowlight-tetra/,Ensure both owner links
/compatibility/glowlight-danio-and-goldfish/,glowlight-danio,goldfish,False,False,/compatibility/glowlight-danio/,/compatibility/goldfish/,Ensure both owner links
/compatibility/glowlight-danio-and-green-terror-cichlid/,glowlight-danio,green-terror-cichlid,False,False,/compatibility/glowlight-danio/,/compatibility/green-terror-cichlid/,Ensure both owner links
/compatibility/glowlight-danio-and-guppy/,glowlight-danio,guppy,False,False,/compatibility/glowlight-danio/,/compatibility/guppy/,Ensure both owner links
/compatibility/glowlight-danio-and-harlequin-rasbora/,glowlight-danio,harlequin-rasbora,False,False,/compatibility/glowlight-danio/,/compatibility/harlequin-rasbora/,Ensure both owner links
/compatibility/glowlight-danio-and-hillstream-loach/,glowlight-danio,hillstream-loach,False,False,/compatibility/glowlight-danio/,/compatibility/hillstream-loach/,Ensure both owner links
/compatibility/glowlight-danio-and-honey-gourami/,glowlight-danio,honey-gourami,False,False,/compatibility/glowlight-danio/,/compatibility/honey-gourami/,Ensure both owner links
/compatibility/glowlight-danio-and-jewel-cichlid/,glowlight-danio,jewel-cichlid,False,False,/compatibility/glowlight-danio/,/compatibility/jewel-cichlid/,Ensure both owner links
/compatibility/glowlight-danio-and-julii-cory/,glowlight-danio,julii-cory,False,False,/compatibility/glowlight-danio/,/compatibility/julii-cory/,Ensure both owner links
/compatibility/glowlight-danio-and-keyhole-cichlid/,glowlight-danio,keyhole-cichlid,False,False,/compatibility/glowlight-danio/,/compatibility/keyhole-cichlid/,Ensure both owner links
/compatibility/glowlight-danio-and-koi/,glowlight-danio,koi,False,False,/compatibility/glowlight-danio/,/guides/koi-fish-care/tank-mates/,Ensure both owner links
/compatibility/glowlight-danio-and-kuhli-loach/,glowlight-danio,kuhli-loach,False,False,/compatibility/glowlight-danio/,/compatibility/kuhli-loach/,Ensure both owner links
/compatibility/glowlight-danio-and-lemon-tetra/,glowlight-danio,lemon-tetra,False,False,/compatibility/glowlight-danio/,/compatibility/lemon-tetra/,Ensure both owner links
/compatibility/glowlight-danio-and-lionfish/,glowlight-danio,lionfish,False,False,/compatibility/glowlight-danio/,/compatibility/lionfish/,Ensure both owner links
/compatibility/glowlight-danio-and-molly/,glowlight-danio,molly,False,False,/compatibility/glowlight-danio/,/compatibility/molly/,Ensure both owner links
/compatibility/glowlight-danio-and-moonlight-gourami/,glowlight-danio,moonlight-gourami,False,False,/compatibility/glowlight-danio/,/compatibility/moonlight-gourami/,Ensure both owner links
/compatibility/glowlight-danio-and-mystery-snail/,glowlight-danio,mystery-snail,False,False,/compatibility/glowlight-danio/,/compatibility/mystery-snail/,Ensure both owner links
/compatibility/glowlight-danio-and-neon-rainbowfish/,glowlight-danio,neon-rainbowfish,False,False,/compatibility/glowlight-danio/,/compatibility/neon-rainbowfish/,Ensure both owner links
/compatibility/glowlight-danio-and-neon-tetra/,glowlight-danio,neon-tetra,False,False,/compatibility/glowlight-danio/,/compatibility/neon-tetra/,Ensure both owner links
/compatibility/glowlight-danio-and-nerite-snail/,glowlight-danio,nerite-snail,False,False,/compatibility/glowlight-danio/,/compatibility/nerite-snail/,Ensure both owner links
/compatibility/glowlight-danio-and-oscar/,glowlight-danio,oscar,False,False,/compatibility/glowlight-danio/,/guides/oscar-fish-care/tank-mates/,Ensure both owner links
/compatibility/glowlight-danio-and-otocinclus/,glowlight-danio,otocinclus,False,False,/compatibility/glowlight-danio/,/compatibility/otocinclus/,Ensure both owner links
/compatibility/glowlight-danio-and-pajama-cardinalfish/,glowlight-danio,pajama-cardinalfish,False,False,/compatibility/glowlight-danio/,/compatibility/pajama-cardinalfish/,Ensure both owner links
/compatibility/glowlight-danio-and-panda-cory/,glowlight-danio,panda-cory,False,False,/compatibility/glowlight-danio/,/compatibility/panda-cory/,Ensure both owner links
/compatibility/glowlight-danio-and-pea-puffer/,glowlight-danio,pea-puffer,False,False,/compatibility/glowlight-danio/,/compatibility/pea-puffer/,Ensure both owner links
/compatibility/glowlight-danio-and-peacock-cichlid/,glowlight-danio,peacock-cichlid,False,False,/compatibility/glowlight-danio/,/compatibility/peacock-cichlid/,Ensure both owner links
/compatibility/glowlight-danio-and-pearl-danio/,glowlight-danio,pearl-danio,False,False,/compatibility/glowlight-danio/,/compatibility/pearl-danio/,Ensure both owner links
/compatibility/glowlight-danio-and-peppered-cory/,glowlight-danio,peppered-cory,False,False,/compatibility/glowlight-danio/,/compatibility/peppered-cory/,Ensure both owner links
/compatibility/glowlight-danio-and-percula-clownfish/,glowlight-danio,percula-clownfish,False,False,/compatibility/glowlight-danio/,/compatibility/percula-clownfish/,Ensure both owner links
/compatibility/glowlight-danio-and-platy/,glowlight-danio,platy,False,False,/compatibility/glowlight-danio/,/compatibility/platy/,Ensure both owner links
/compatibility/glowlight-danio-and-pygmy-corydoras/,glowlight-danio,pygmy-corydoras,False,False,/compatibility/glowlight-danio/,/compatibility/pygmy-corydoras/,Ensure both owner links
/compatibility/glowlight-danio-and-rainbow-shark/,glowlight-danio,rainbow-shark,False,False,/compatibility/glowlight-danio/,/compatibility/rainbow-shark/,Ensure both owner links
/compatibility/glowlight-danio-and-red-eye-tetra/,glowlight-danio,red-eye-tetra,False,False,/compatibility/glowlight-danio/,/compatibility/red-eye-tetra/,Ensure both owner links
/compatibility/glowlight-danio-and-rosy-barb/,glowlight-danio,rosy-barb,False,False,/compatibility/glowlight-danio/,/compatibility/rosy-barb/,Ensure both owner links
/compatibility/glowlight-danio-and-royal-gramma/,glowlight-danio,royal-gramma,False,False,/compatibility/glowlight-danio/,/compatibility/royal-gramma/,Ensure both owner links
/compatibility/glowlight-danio-and-senegal-bichir/,glowlight-danio,senegal-bichir,False,False,/compatibility/glowlight-danio/,/compatibility/senegal-bichir/,Ensure both owner links
/compatibility/glowlight-danio-and-serpae-tetra/,glowlight-danio,serpae-tetra,False,False,/compatibility/glowlight-danio/,/compatibility/serpae-tetra/,Ensure both owner links
/compatibility/glowlight-danio-and-severum-cichlid/,glowlight-danio,severum-cichlid,False,False,/compatibility/glowlight-danio/,/compatibility/severum-cichlid/,Ensure both owner links
/compatibility/glowlight-danio-and-silver-arowana/,glowlight-danio,silver-arowana,False,False,/compatibility/glowlight-danio/,/compatibility/silver-arowana/,Ensure both owner links
/compatibility/glowlight-danio-and-silver-dollar/,glowlight-danio,silver-dollar,False,False,/compatibility/glowlight-danio/,/compatibility/silver-dollar/,Ensure both owner links
/compatibility/glowlight-danio-and-sparkling-gourami/,glowlight-danio,sparkling-gourami,False,False,/compatibility/glowlight-danio/,/compatibility/sparkling-gourami/,Ensure both owner links
/compatibility/glowlight-danio-and-sterbai-cory/,glowlight-danio,sterbai-cory,False,False,/compatibility/glowlight-danio/,/compatibility/sterbai-cory/,Ensure both owner links
/compatibility/glowlight-danio-and-swordtail/,glowlight-danio,swordtail,False,False,/compatibility/glowlight-danio/,/compatibility/swordtail/,Ensure both owner links
/compatibility/glowlight-danio-and-texas-cichlid/,glowlight-danio,texas-cichlid,False,False,/compatibility/glowlight-danio/,/compatibility/texas-cichlid/,Ensure both owner links
/compatibility/glowlight-danio-and-threadfin-rainbowfish/,glowlight-danio,threadfin-rainbowfish,False,False,/compatibility/glowlight-danio/,/compatibility/threadfin-rainbowfish/,Ensure both owner links
/compatibility/glowlight-danio-and-three-spot-gourami/,glowlight-danio,three-spot-gourami,False,False,/compatibility/glowlight-danio/,/compatibility/three-spot-gourami/,Ensure both owner links
/compatibility/glowlight-danio-and-tiger-barb/,glowlight-danio,tiger-barb,False,False,/compatibility/glowlight-danio/,/compatibility/tiger-barb/,Ensure both owner links
/compatibility/glowlight-danio-and-watchman-goby/,glowlight-danio,watchman-goby,False,False,/compatibility/glowlight-danio/,/compatibility/watchman-goby/,Ensure both owner links
/compatibility/glowlight-danio-and-weather-loach/,glowlight-danio,weather-loach,False,False,/compatibility/glowlight-danio/,/compatibility/weather-loach/,Ensure both owner links
/compatibility/glowlight-danio-and-x-ray-tetra/,glowlight-danio,x-ray-tetra,False,False,/compatibility/glowlight-danio/,/compatibility/x-ray-tetra/,Ensure both owner links
/compatibility/glowlight-danio-and-yellow-tang/,glowlight-danio,yellow-tang,False,False,/compatibility/glowlight-danio/,/compatibility/yellow-tang/,Ensure both owner links
/compatibility/glowlight-danio-and-yoyo-loach/,glowlight-danio,yoyo-loach,False,False,/compatibility/glowlight-danio/,/compatibility/yoyo-loach/,Ensure both owner links
/compatibility/glowlight-danio-and-zebra-danio/,glowlight-danio,zebra-danio,False,False,/compatibility/glowlight-danio/,/compatibility/zebra-danio/,Ensure both owner links
/compatibility/glowlight-danio-and-zebra-loach/,glowlight-danio,zebra-loach,False,False,/compatibility/glowlight-danio/,/compatibility/zebra-loach/,Ensure both owner links
/compatibility/glowlight-danio-and-zebra-pleco/,glowlight-danio,zebra-pleco,False,False,/compatibility/glowlight-danio/,/compatibility/zebra-pleco/,Ensure both owner links
/compatibility/glowlight-tetra-and-goldfish/,glowlight-tetra,goldfish,False,False,/compatibility/glowlight-tetra/,/compatibility/goldfish/,Ensure both owner links
/compatibility/glowlight-tetra-and-green-terror-cichlid/,glowlight-tetra,green-terror-cichlid,False,False,/compatibility/glowlight-tetra/,/compatibility/green-terror-cichlid/,Ensure both owner links
/compatibility/glowlight-tetra-and-guppy/,glowlight-tetra,guppy,False,False,/compatibility/glowlight-tetra/,/compatibility/guppy/,Ensure both owner links
/compatibility/glowlight-tetra-and-harlequin-rasbora/,glowlight-tetra,harlequin-rasbora,False,False,/compatibility/glowlight-tetra/,/compatibility/harlequin-rasbora/,Ensure both owner links
/compatibility/glowlight-tetra-and-hillstream-loach/,glowlight-tetra,hillstream-loach,False,False,/compatibility/glowlight-tetra/,/compatibility/hillstream-loach/,Ensure both owner links
/compatibility/glowlight-tetra-and-honey-gourami/,glowlight-tetra,honey-gourami,False,False,/compatibility/glowlight-tetra/,/compatibility/honey-gourami/,Ensure both owner links
/compatibility/glowlight-tetra-and-jewel-cichlid/,glowlight-tetra,jewel-cichlid,False,False,/compatibility/glowlight-tetra/,/compatibility/jewel-cichlid/,Ensure both owner links
/compatibility/glowlight-tetra-and-julii-cory/,glowlight-tetra,julii-cory,False,False,/compatibility/glowlight-tetra/,/compatibility/julii-cory/,Ensure both owner links
/compatibility/glowlight-tetra-and-keyhole-cichlid/,glowlight-tetra,keyhole-cichlid,False,False,/compatibility/glowlight-tetra/,/compatibility/keyhole-cichlid/,Ensure both owner links
/compatibility/glowlight-tetra-and-koi/,glowlight-tetra,koi,False,False,/compatibility/glowlight-tetra/,/guides/koi-fish-care/tank-mates/,Ensure both owner links
/compatibility/glowlight-tetra-and-kuhli-loach/,glowlight-tetra,kuhli-loach,False,False,/compatibility/glowlight-tetra/,/compatibility/kuhli-loach/,Ensure both owner links
/compatibility/glowlight-tetra-and-lemon-tetra/,glowlight-tetra,lemon-tetra,False,False,/compatibility/glowlight-tetra/,/compatibility/lemon-tetra/,Ensure both owner links
/compatibility/glowlight-tetra-and-lionfish/,glowlight-tetra,lionfish,False,False,/compatibility/glowlight-tetra/,/compatibility/lionfish/,Ensure both owner links
/compatibility/glowlight-tetra-and-molly/,glowlight-tetra,molly,False,False,/compatibility/glowlight-tetra/,/compatibility/molly/,Ensure both owner links
/compatibility/glowlight-tetra-and-moonlight-gourami/,glowlight-tetra,moonlight-gourami,False,False,/compatibility/glowlight-tetra/,/compatibility/moonlight-gourami/,Ensure both owner links
/compatibility/glowlight-tetra-and-mystery-snail/,glowlight-tetra,mystery-snail,False,False,/compatibility/glowlight-tetra/,/compatibility/mystery-snail/,Ensure both owner links
/compatibility/glowlight-tetra-and-neon-rainbowfish/,glowlight-tetra,neon-rainbowfish,False,False,/compatibility/glowlight-tetra/,/compatibility/neon-rainbowfish/,Ensure both owner links
/compatibility/glowlight-tetra-and-neon-tetra/,glowlight-tetra,neon-tetra,False,False,/compatibility/glowlight-tetra/,/compatibility/neon-tetra/,Ensure both owner links
/compatibility/glowlight-tetra-and-nerite-snail/,glowlight-tetra,nerite-snail,False,False,/compatibility/glowlight-tetra/,/compatibility/nerite-snail/,Ensure both owner links
/compatibility/glowlight-tetra-and-oscar/,glowlight-tetra,oscar,False,False,/compatibility/glowlight-tetra/,/guides/oscar-fish-care/tank-mates/,Ensure both owner links
/compatibility/glowlight-tetra-and-otocinclus/,glowlight-tetra,otocinclus,False,False,/compatibility/glowlight-tetra/,/compatibility/otocinclus/,Ensure both owner links
/compatibility/glowlight-tetra-and-pajama-cardinalfish/,glowlight-tetra,pajama-cardinalfish,False,False,/compatibility/glowlight-tetra/,/compatibility/pajama-cardinalfish/,Ensure both owner links
/compatibility/glowlight-tetra-and-panda-cory/,glowlight-tetra,panda-cory,False,False,/compatibility/glowlight-tetra/,/compatibility/panda-cory/,Ensure both owner links
/compatibility/glowlight-tetra-and-pea-puffer/,glowlight-tetra,pea-puffer,False,False,/compatibility/glowlight-tetra/,/compatibility/pea-puffer/,Ensure both owner links
/compatibility/glowlight-tetra-and-peacock-cichlid/,glowlight-tetra,peacock-cichlid,False,False,/compatibility/glowlight-tetra/,/compatibility/peacock-cichlid/,Ensure both owner links
/compatibility/glowlight-tetra-and-pearl-danio/,glowlight-tetra,pearl-danio,False,False,/compatibility/glowlight-tetra/,/compatibility/pearl-danio/,Ensure both owner links
/compatibility/glowlight-tetra-and-peppered-cory/,glowlight-tetra,peppered-cory,False,False,/compatibility/glowlight-tetra/,/compatibility/peppered-cory/,Ensure both owner links
/compatibility/glowlight-tetra-and-percula-clownfish/,glowlight-tetra,percula-clownfish,False,False,/compatibility/glowlight-tetra/,/compatibility/percula-clownfish/,Ensure both owner links
/compatibility/glowlight-tetra-and-platy/,glowlight-tetra,platy,False,False,/compatibility/glowlight-tetra/,/compatibility/platy/,Ensure both owner links
/compatibility/glowlight-tetra-and-pygmy-corydoras/,glowlight-tetra,pygmy-corydoras,False,False,/compatibility/glowlight-tetra/,/compatibility/pygmy-corydoras/,Ensure both owner links
/compatibility/glowlight-tetra-and-rainbow-shark/,glowlight-tetra,rainbow-shark,False,False,/compatibility/glowlight-tetra/,/compatibility/rainbow-shark/,Ensure both owner links
/compatibility/glowlight-tetra-and-red-eye-tetra/,glowlight-tetra,red-eye-tetra,False,False,/compatibility/glowlight-tetra/,/compatibility/red-eye-tetra/,Ensure both owner links
/compatibility/glowlight-tetra-and-rosy-barb/,glowlight-tetra,rosy-barb,False,False,/compatibility/glowlight-tetra/,/compatibility/rosy-barb/,Ensure both owner links
/compatibility/glowlight-tetra-and-royal-gramma/,glowlight-tetra,royal-gramma,False,False,/compatibility/glowlight-tetra/,/compatibility/royal-gramma/,Ensure both owner links
/compatibility/glowlight-tetra-and-senegal-bichir/,glowlight-tetra,senegal-bichir,False,False,/compatibility/glowlight-tetra/,/compatibility/senegal-bichir/,Ensure both owner links
/compatibility/glowlight-tetra-and-serpae-tetra/,glowlight-tetra,serpae-tetra,False,False,/compatibility/glowlight-tetra/,/compatibility/serpae-tetra/,Ensure both owner links
/compatibility/glowlight-tetra-and-severum-cichlid/,glowlight-tetra,severum-cichlid,False,False,/compatibility/glowlight-tetra/,/compatibility/severum-cichlid/,Ensure both owner links
/compatibility/glowlight-tetra-and-silver-arowana/,glowlight-tetra,silver-arowana,False,False,/compatibility/glowlight-tetra/,/compatibility/silver-arowana/,Ensure both owner links
/compatibility/glowlight-tetra-and-silver-dollar/,glowlight-tetra,silver-dollar,False,False,/compatibility/glowlight-tetra/,/compatibility/silver-dollar/,Ensure both owner links
/compatibility/glowlight-tetra-and-sparkling-gourami/,glowlight-tetra,sparkling-gourami,False,False,/compatibility/glowlight-tetra/,/compatibility/sparkling-gourami/,Ensure both owner links
/compatibility/glowlight-tetra-and-sterbai-cory/,glowlight-tetra,sterbai-cory,False,False,/compatibility/glowlight-tetra/,/compatibility/sterbai-cory/,Ensure both owner links
/compatibility/glowlight-tetra-and-swordtail/,glowlight-tetra,swordtail,False,False,/compatibility/glowlight-tetra/,/compatibility/swordtail/,Ensure both owner links
/compatibility/glowlight-tetra-and-texas-cichlid/,glowlight-tetra,texas-cichlid,False,False,/compatibility/glowlight-tetra/,/compatibility/texas-cichlid/,Ensure both owner links
/compatibility/glowlight-tetra-and-threadfin-rainbowfish/,glowlight-tetra,threadfin-rainbowfish,False,False,/compatibility/glowlight-tetra/,/compatibility/threadfin-rainbowfish/,Ensure both owner links
/compatibility/glowlight-tetra-and-three-spot-gourami/,glowlight-tetra,three-spot-gourami,False,False,/compatibility/glowlight-tetra/,/compatibility/three-spot-gourami/,Ensure both owner links
/compatibility/glowlight-tetra-and-tiger-barb/,glowlight-tetra,tiger-barb,False,False,/compatibility/glowlight-tetra/,/compatibility/tiger-barb/,Ensure both owner links
/compatibility/glowlight-tetra-and-watchman-goby/,glowlight-tetra,watchman-goby,False,False,/compatibility/glowlight-tetra/,/compatibility/watchman-goby/,Ensure both owner links
/compatibility/glowlight-tetra-and-weather-loach/,glowlight-tetra,weather-loach,False,False,/compatibility/glowlight-tetra/,/compatibility/weather-loach/,Ensure both owner links
/compatibility/glowlight-tetra-and-x-ray-tetra/,glowlight-tetra,x-ray-tetra,False,False,/compatibility/glowlight-tetra/,/compatibility/x-ray-tetra/,Ensure both owner links
/compatibility/glowlight-tetra-and-yellow-tang/,glowlight-tetra,yellow-tang,False,False,/compatibility/glowlight-tetra/,/compatibility/yellow-tang/,Ensure both owner links
/compatibility/glowlight-tetra-and-yoyo-loach/,glowlight-tetra,yoyo-loach,False,False,/compatibility/glowlight-tetra/,/compatibility/yoyo-loach/,Ensure both owner links
/compatibility/glowlight-tetra-and-zebra-danio/,glowlight-tetra,zebra-danio,False,False,/compatibility/glowlight-tetra/,/compatibility/zebra-danio/,Ensure both owner links
/compatibility/glowlight-tetra-and-zebra-loach/,glowlight-tetra,zebra-loach,False,False,/compatibility/glowlight-tetra/,/compatibility/zebra-loach/,Ensure both owner links
/compatibility/glowlight-tetra-and-zebra-pleco/,glowlight-tetra,zebra-pleco,False,False,/compatibility/glowlight-tetra/,/compatibility/zebra-pleco/,Ensure both owner links
/compatibility/goldfish-and-green-terror-cichlid/,goldfish,green-terror-cichlid,False,False,/compatibility/goldfish/,/compatibility/green-terror-cichlid/,Ensure both owner links
/compatibility/goldfish-and-guppy/,goldfish,guppy,False,False,/compatibility/goldfish/,/compatibility/guppy/,Ensure both owner links
/compatibility/goldfish-and-harlequin-rasbora/,goldfish,harlequin-rasbora,False,False,/compatibility/goldfish/,/compatibility/harlequin-rasbora/,Ensure both owner links
/compatibility/goldfish-and-hillstream-loach/,goldfish,hillstream-loach,False,False,/compatibility/goldfish/,/compatibility/hillstream-loach/,Ensure both owner links
/compatibility/goldfish-and-honey-gourami/,goldfish,honey-gourami,False,False,/compatibility/goldfish/,/compatibility/honey-gourami/,Ensure both owner links
/compatibility/goldfish-and-jewel-cichlid/,goldfish,jewel-cichlid,False,False,/compatibility/goldfish/,/compatibility/jewel-cichlid/,Ensure both owner links
/compatibility/goldfish-and-julii-cory/,goldfish,julii-cory,False,False,/compatibility/goldfish/,/compatibility/julii-cory/,Ensure both owner links
/compatibility/goldfish-and-keyhole-cichlid/,goldfish,keyhole-cichlid,False,False,/compatibility/goldfish/,/compatibility/keyhole-cichlid/,Ensure both owner links
/compatibility/goldfish-and-koi/,goldfish,koi,False,False,/compatibility/goldfish/,/guides/koi-fish-care/tank-mates/,Ensure both owner links
/compatibility/goldfish-and-kuhli-loach/,goldfish,kuhli-loach,False,False,/compatibility/goldfish/,/compatibility/kuhli-loach/,Ensure both owner links
/compatibility/goldfish-and-lemon-tetra/,goldfish,lemon-tetra,False,False,/compatibility/goldfish/,/compatibility/lemon-tetra/,Ensure both owner links
/compatibility/goldfish-and-lionfish/,goldfish,lionfish,False,False,/compatibility/goldfish/,/compatibility/lionfish/,Ensure both owner links
/compatibility/goldfish-and-molly/,goldfish,molly,False,False,/compatibility/goldfish/,/compatibility/molly/,Ensure both owner links
/compatibility/goldfish-and-moonlight-gourami/,goldfish,moonlight-gourami,False,False,/compatibility/goldfish/,/compatibility/moonlight-gourami/,Ensure both owner links
/compatibility/goldfish-and-mystery-snail/,goldfish,mystery-snail,False,False,/compatibility/goldfish/,/compatibility/mystery-snail/,Ensure both owner links
/compatibility/goldfish-and-neon-rainbowfish/,goldfish,neon-rainbowfish,False,False,/compatibility/goldfish/,/compatibility/neon-rainbowfish/,Ensure both owner links
/compatibility/goldfish-and-neon-tetra/,goldfish,neon-tetra,False,False,/compatibility/goldfish/,/compatibility/neon-tetra/,Ensure both owner links
/compatibility/goldfish-and-nerite-snail/,goldfish,nerite-snail,False,False,/compatibility/goldfish/,/compatibility/nerite-snail/,Ensure both owner links
/compatibility/goldfish-and-oscar/,goldfish,oscar,False,False,/compatibility/goldfish/,/guides/oscar-fish-care/tank-mates/,Ensure both owner links
/compatibility/goldfish-and-otocinclus/,goldfish,otocinclus,False,False,/compatibility/goldfish/,/compatibility/otocinclus/,Ensure both owner links
/compatibility/goldfish-and-pajama-cardinalfish/,goldfish,pajama-cardinalfish,False,False,/compatibility/goldfish/,/compatibility/pajama-cardinalfish/,Ensure both owner links
/compatibility/goldfish-and-panda-cory/,goldfish,panda-cory,False,False,/compatibility/goldfish/,/compatibility/panda-cory/,Ensure both owner links
/compatibility/goldfish-and-pea-puffer/,goldfish,pea-puffer,False,False,/compatibility/goldfish/,/compatibility/pea-puffer/,Ensure both owner links
/compatibility/goldfish-and-peacock-cichlid/,goldfish,peacock-cichlid,False,False,/compatibility/goldfish/,/compatibility/peacock-cichlid/,Ensure both owner links
/compatibility/goldfish-and-pearl-danio/,goldfish,pearl-danio,False,False,/compatibility/goldfish/,/compatibility/pearl-danio/,Ensure both owner links
/compatibility/goldfish-and-peppered-cory/,goldfish,peppered-cory,False,False,/compatibility/goldfish/,/compatibility/peppered-cory/,Ensure both owner links
/compatibility/goldfish-and-percula-clownfish/,goldfish,percula-clownfish,False,False,/compatibility/goldfish/,/compatibility/percula-clownfish/,Ensure both owner links
/compatibility/goldfish-and-platy/,goldfish,platy,False,False,/compatibility/goldfish/,/compatibility/platy/,Ensure both owner links
/compatibility/goldfish-and-pygmy-corydoras/,goldfish,pygmy-corydoras,False,False,/compatibility/goldfish/,/compatibility/pygmy-corydoras/,Ensure both owner links
/compatibility/goldfish-and-rainbow-shark/,goldfish,rainbow-shark,False,False,/compatibility/goldfish/,/compatibility/rainbow-shark/,Ensure both owner links
/compatibility/goldfish-and-red-eye-tetra/,goldfish,red-eye-tetra,False,False,/compatibility/goldfish/,/compatibility/red-eye-tetra/,Ensure both owner links
/compatibility/goldfish-and-rosy-barb/,goldfish,rosy-barb,False,False,/compatibility/goldfish/,/compatibility/rosy-barb/,Ensure both owner links
/compatibility/goldfish-and-royal-gramma/,goldfish,royal-gramma,False,False,/compatibility/goldfish/,/compatibility/royal-gramma/,Ensure both owner links
/compatibility/goldfish-and-senegal-bichir/,goldfish,senegal-bichir,False,False,/compatibility/goldfish/,/compatibility/senegal-bichir/,Ensure both owner links
/compatibility/goldfish-and-serpae-tetra/,goldfish,serpae-tetra,False,False,/compatibility/goldfish/,/compatibility/serpae-tetra/,Ensure both owner links
/compatibility/goldfish-and-severum-cichlid/,goldfish,severum-cichlid,False,False,/compatibility/goldfish/,/compatibility/severum-cichlid/,Ensure both owner links
/compatibility/goldfish-and-silver-arowana/,goldfish,silver-arowana,False,False,/compatibility/goldfish/,/compatibility/silver-arowana/,Ensure both owner links
/compatibility/goldfish-and-silver-dollar/,goldfish,silver-dollar,False,False,/compatibility/goldfish/,/compatibility/silver-dollar/,Ensure both owner links
/compatibility/goldfish-and-sparkling-gourami/,goldfish,sparkling-gourami,False,False,/compatibility/goldfish/,/compatibility/sparkling-gourami/,Ensure both owner links
/compatibility/goldfish-and-sterbai-cory/,goldfish,sterbai-cory,False,False,/compatibility/goldfish/,/compatibility/sterbai-cory/,Ensure both owner links
/compatibility/goldfish-and-swordtail/,goldfish,swordtail,False,False,/compatibility/goldfish/,/compatibility/swordtail/,Ensure both owner links
/compatibility/goldfish-and-texas-cichlid/,goldfish,texas-cichlid,False,False,/compatibility/goldfish/,/compatibility/texas-cichlid/,Ensure both owner links
/compatibility/goldfish-and-threadfin-rainbowfish/,goldfish,threadfin-rainbowfish,False,False,/compatibility/goldfish/,/compatibility/threadfin-rainbowfish/,Ensure both owner links
/compatibility/goldfish-and-three-spot-gourami/,goldfish,three-spot-gourami,False,False,/compatibility/goldfish/,/compatibility/three-spot-gourami/,Ensure both owner links
/compatibility/goldfish-and-tiger-barb/,goldfish,tiger-barb,False,False,/compatibility/goldfish/,/compatibility/tiger-barb/,Ensure both owner links
/compatibility/goldfish-and-watchman-goby/,goldfish,watchman-goby,False,False,/compatibility/goldfish/,/compatibility/watchman-goby/,Ensure both owner links
/compatibility/goldfish-and-weather-loach/,goldfish,weather-loach,False,False,/compatibility/goldfish/,/compatibility/weather-loach/,Ensure both owner links
/compatibility/goldfish-and-x-ray-tetra/,goldfish,x-ray-tetra,False,False,/compatibility/goldfish/,/compatibility/x-ray-tetra/,Ensure both owner links
/compatibility/goldfish-and-yellow-tang/,goldfish,yellow-tang,False,False,/compatibility/goldfish/,/compatibility/yellow-tang/,Ensure both owner links
/compatibility/goldfish-and-yoyo-loach/,goldfish,yoyo-loach,False,False,/compatibility/goldfish/,/compatibility/yoyo-loach/,Ensure both owner links
/compatibility/goldfish-and-zebra-danio/,goldfish,zebra-danio,False,False,/compatibility/goldfish/,/compatibility/zebra-danio/,Ensure both owner links
/compatibility/goldfish-and-zebra-loach/,goldfish,zebra-loach,False,False,/compatibility/goldfish/,/compatibility/zebra-loach/,Ensure both owner links
/compatibility/goldfish-and-zebra-pleco/,goldfish,zebra-pleco,False,False,/compatibility/goldfish/,/compatibility/zebra-pleco/,Ensure both owner links
/compatibility/green-terror-cichlid-and-guppy/,green-terror-cichlid,guppy,False,False,/compatibility/green-terror-cichlid/,/compatibility/guppy/,Ensure both owner links
/compatibility/green-terror-cichlid-and-harlequin-rasbora/,green-terror-cichlid,harlequin-rasbora,False,False,/compatibility/green-terror-cichlid/,/compatibility/harlequin-rasbora/,Ensure both owner links
/compatibility/green-terror-cichlid-and-hillstream-loach/,green-terror-cichlid,hillstream-loach,False,False,/compatibility/green-terror-cichlid/,/compatibility/hillstream-loach/,Ensure both owner links
/compatibility/green-terror-cichlid-and-honey-gourami/,green-terror-cichlid,honey-gourami,False,False,/compatibility/green-terror-cichlid/,/compatibility/honey-gourami/,Ensure both owner links
/compatibility/green-terror-cichlid-and-jewel-cichlid/,green-terror-cichlid,jewel-cichlid,False,False,/compatibility/green-terror-cichlid/,/compatibility/jewel-cichlid/,Ensure both owner links
/compatibility/green-terror-cichlid-and-julii-cory/,green-terror-cichlid,julii-cory,False,False,/compatibility/green-terror-cichlid/,/compatibility/julii-cory/,Ensure both owner links
/compatibility/green-terror-cichlid-and-keyhole-cichlid/,green-terror-cichlid,keyhole-cichlid,False,False,/compatibility/green-terror-cichlid/,/compatibility/keyhole-cichlid/,Ensure both owner links
/compatibility/green-terror-cichlid-and-koi/,green-terror-cichlid,koi,False,False,/compatibility/green-terror-cichlid/,/guides/koi-fish-care/tank-mates/,Ensure both owner links
/compatibility/green-terror-cichlid-and-kuhli-loach/,green-terror-cichlid,kuhli-loach,False,False,/compatibility/green-terror-cichlid/,/compatibility/kuhli-loach/,Ensure both owner links
/compatibility/green-terror-cichlid-and-lemon-tetra/,green-terror-cichlid,lemon-tetra,False,False,/compatibility/green-terror-cichlid/,/compatibility/lemon-tetra/,Ensure both owner links
/compatibility/green-terror-cichlid-and-lionfish/,green-terror-cichlid,lionfish,False,False,/compatibility/green-terror-cichlid/,/compatibility/lionfish/,Ensure both owner links
/compatibility/green-terror-cichlid-and-molly/,green-terror-cichlid,molly,False,False,/compatibility/green-terror-cichlid/,/compatibility/molly/,Ensure both owner links
/compatibility/green-terror-cichlid-and-moonlight-gourami/,green-terror-cichlid,moonlight-gourami,False,False,/compatibility/green-terror-cichlid/,/compatibility/moonlight-gourami/,Ensure both owner links
/compatibility/green-terror-cichlid-and-mystery-snail/,green-terror-cichlid,mystery-snail,False,False,/compatibility/green-terror-cichlid/,/compatibility/mystery-snail/,Ensure both owner links
/compatibility/green-terror-cichlid-and-neon-rainbowfish/,green-terror-cichlid,neon-rainbowfish,False,False,/compatibility/green-terror-cichlid/,/compatibility/neon-rainbowfish/,Ensure both owner links
/compatibility/green-terror-cichlid-and-neon-tetra/,green-terror-cichlid,neon-tetra,False,False,/compatibility/green-terror-cichlid/,/compatibility/neon-tetra/,Ensure both owner links
/compatibility/green-terror-cichlid-and-nerite-snail/,green-terror-cichlid,nerite-snail,False,False,/compatibility/green-terror-cichlid/,/compatibility/nerite-snail/,Ensure both owner links
/compatibility/green-terror-cichlid-and-oscar/,green-terror-cichlid,oscar,False,False,/compatibility/green-terror-cichlid/,/guides/oscar-fish-care/tank-mates/,Ensure both owner links
/compatibility/green-terror-cichlid-and-otocinclus/,green-terror-cichlid,otocinclus,False,False,/compatibility/green-terror-cichlid/,/compatibility/otocinclus/,Ensure both owner links
/compatibility/green-terror-cichlid-and-pajama-cardinalfish/,green-terror-cichlid,pajama-cardinalfish,False,False,/compatibility/green-terror-cichlid/,/compatibility/pajama-cardinalfish/,Ensure both owner links
/compatibility/green-terror-cichlid-and-panda-cory/,green-terror-cichlid,panda-cory,False,False,/compatibility/green-terror-cichlid/,/compatibility/panda-cory/,Ensure both owner links
/compatibility/green-terror-cichlid-and-pea-puffer/,green-terror-cichlid,pea-puffer,False,False,/compatibility/green-terror-cichlid/,/compatibility/pea-puffer/,Ensure both owner links
/compatibility/green-terror-cichlid-and-peacock-cichlid/,green-terror-cichlid,peacock-cichlid,False,False,/compatibility/green-terror-cichlid/,/compatibility/peacock-cichlid/,Ensure both owner links
/compatibility/green-terror-cichlid-and-pearl-danio/,green-terror-cichlid,pearl-danio,False,False,/compatibility/green-terror-cichlid/,/compatibility/pearl-danio/,Ensure both owner links
/compatibility/green-terror-cichlid-and-peppered-cory/,green-terror-cichlid,peppered-cory,False,False,/compatibility/green-terror-cichlid/,/compatibility/peppered-cory/,Ensure both owner links
/compatibility/green-terror-cichlid-and-percula-clownfish/,green-terror-cichlid,percula-clownfish,False,False,/compatibility/green-terror-cichlid/,/compatibility/percula-clownfish/,Ensure both owner links
/compatibility/green-terror-cichlid-and-platy/,green-terror-cichlid,platy,False,False,/compatibility/green-terror-cichlid/,/compatibility/platy/,Ensure both owner links
/compatibility/green-terror-cichlid-and-pygmy-corydoras/,green-terror-cichlid,pygmy-corydoras,False,False,/compatibility/green-terror-cichlid/,/compatibility/pygmy-corydoras/,Ensure both owner links
/compatibility/green-terror-cichlid-and-rainbow-shark/,green-terror-cichlid,rainbow-shark,False,False,/compatibility/green-terror-cichlid/,/compatibility/rainbow-shark/,Ensure both owner links
/compatibility/green-terror-cichlid-and-red-eye-tetra/,green-terror-cichlid,red-eye-tetra,False,False,/compatibility/green-terror-cichlid/,/compatibility/red-eye-tetra/,Ensure both owner links
/compatibility/green-terror-cichlid-and-rosy-barb/,green-terror-cichlid,rosy-barb,False,False,/compatibility/green-terror-cichlid/,/compatibility/rosy-barb/,Ensure both owner links
/compatibility/green-terror-cichlid-and-royal-gramma/,green-terror-cichlid,royal-gramma,False,False,/compatibility/green-terror-cichlid/,/compatibility/royal-gramma/,Ensure both owner links
/compatibility/green-terror-cichlid-and-senegal-bichir/,green-terror-cichlid,senegal-bichir,False,False,/compatibility/green-terror-cichlid/,/compatibility/senegal-bichir/,Ensure both owner links
/compatibility/green-terror-cichlid-and-serpae-tetra/,green-terror-cichlid,serpae-tetra,False,False,/compatibility/green-terror-cichlid/,/compatibility/serpae-tetra/,Ensure both owner links
/compatibility/green-terror-cichlid-and-severum-cichlid/,green-terror-cichlid,severum-cichlid,False,False,/compatibility/green-terror-cichlid/,/compatibility/severum-cichlid/,Ensure both owner links
/compatibility/green-terror-cichlid-and-silver-arowana/,green-terror-cichlid,silver-arowana,False,False,/compatibility/green-terror-cichlid/,/compatibility/silver-arowana/,Ensure both owner links
/compatibility/green-terror-cichlid-and-silver-dollar/,green-terror-cichlid,silver-dollar,False,False,/compatibility/green-terror-cichlid/,/compatibility/silver-dollar/,Ensure both owner links
/compatibility/green-terror-cichlid-and-sparkling-gourami/,green-terror-cichlid,sparkling-gourami,False,False,/compatibility/green-terror-cichlid/,/compatibility/sparkling-gourami/,Ensure both owner links
/compatibility/green-terror-cichlid-and-sterbai-cory/,green-terror-cichlid,sterbai-cory,False,False,/compatibility/green-terror-cichlid/,/compatibility/sterbai-cory/,Ensure both owner links
/compatibility/green-terror-cichlid-and-swordtail/,green-terror-cichlid,swordtail,False,False,/compatibility/green-terror-cichlid/,/compatibility/swordtail/,Ensure both owner links
/compatibility/green-terror-cichlid-and-texas-cichlid/,green-terror-cichlid,texas-cichlid,False,False,/compatibility/green-terror-cichlid/,/compatibility/texas-cichlid/,Ensure both owner links
/compatibility/green-terror-cichlid-and-threadfin-rainbowfish/,green-terror-cichlid,threadfin-rainbowfish,False,False,/compatibility/green-terror-cichlid/,/compatibility/threadfin-rainbowfish/,Ensure both owner links
/compatibility/green-terror-cichlid-and-three-spot-gourami/,green-terror-cichlid,three-spot-gourami,False,False,/compatibility/green-terror-cichlid/,/compatibility/three-spot-gourami/,Ensure both owner links
/compatibility/green-terror-cichlid-and-tiger-barb/,green-terror-cichlid,tiger-barb,False,False,/compatibility/green-terror-cichlid/,/compatibility/tiger-barb/,Ensure both owner links
/compatibility/green-terror-cichlid-and-watchman-goby/,green-terror-cichlid,watchman-goby,False,False,/compatibility/green-terror-cichlid/,/compatibility/watchman-goby/,Ensure both owner links
/compatibility/green-terror-cichlid-and-weather-loach/,green-terror-cichlid,weather-loach,False,False,/compatibility/green-terror-cichlid/,/compatibility/weather-loach/,Ensure both owner links
/compatibility/green-terror-cichlid-and-x-ray-tetra/,green-terror-cichlid,x-ray-tetra,False,False,/compatibility/green-terror-cichlid/,/compatibility/x-ray-tetra/,Ensure both owner links
/compatibility/green-terror-cichlid-and-yellow-tang/,green-terror-cichlid,yellow-tang,False,False,/compatibility/green-terror-cichlid/,/compatibility/yellow-tang/,Ensure both owner links
/compatibility/green-terror-cichlid-and-yoyo-loach/,green-terror-cichlid,yoyo-loach,False,False,/compatibility/green-terror-cichlid/,/compatibility/yoyo-loach/,Ensure both owner links
/compatibility/green-terror-cichlid-and-zebra-danio/,green-terror-cichlid,zebra-danio,False,False,/compatibility/green-terror-cichlid/,/compatibility/zebra-danio/,Ensure both owner links
/compatibility/green-terror-cichlid-and-zebra-loach/,green-terror-cichlid,zebra-loach,False,False,/compatibility/green-terror-cichlid/,/compatibility/zebra-loach/,Ensure both owner links
/compatibility/green-terror-cichlid-and-zebra-pleco/,green-terror-cichlid,zebra-pleco,False,False,/compatibility/green-terror-cichlid/,/compatibility/zebra-pleco/,Ensure both owner links
/compatibility/guppy-and-harlequin-rasbora/,guppy,harlequin-rasbora,False,False,/compatibility/guppy/,/compatibility/harlequin-rasbora/,Ensure both owner links
/compatibility/guppy-and-hillstream-loach/,guppy,hillstream-loach,False,False,/compatibility/guppy/,/compatibility/hillstream-loach/,Ensure both owner links
/compatibility/guppy-and-honey-gourami/,guppy,honey-gourami,False,False,/compatibility/guppy/,/compatibility/honey-gourami/,Ensure both owner links
/compatibility/guppy-and-jewel-cichlid/,guppy,jewel-cichlid,False,False,/compatibility/guppy/,/compatibility/jewel-cichlid/,Ensure both owner links
/compatibility/guppy-and-julii-cory/,guppy,julii-cory,False,False,/compatibility/guppy/,/compatibility/julii-cory/,Ensure both owner links
/compatibility/guppy-and-keyhole-cichlid/,guppy,keyhole-cichlid,False,False,/compatibility/guppy/,/compatibility/keyhole-cichlid/,Ensure both owner links
/compatibility/guppy-and-koi/,guppy,koi,False,False,/compatibility/guppy/,/guides/koi-fish-care/tank-mates/,Ensure both owner links
/compatibility/guppy-and-kuhli-loach/,guppy,kuhli-loach,False,False,/compatibility/guppy/,/compatibility/kuhli-loach/,Ensure both owner links
/compatibility/guppy-and-lemon-tetra/,guppy,lemon-tetra,False,False,/compatibility/guppy/,/compatibility/lemon-tetra/,Ensure both owner links
/compatibility/guppy-and-lionfish/,guppy,lionfish,False,False,/compatibility/guppy/,/compatibility/lionfish/,Ensure both owner links
/compatibility/guppy-and-molly/,guppy,molly,False,False,/compatibility/guppy/,/compatibility/molly/,Ensure both owner links
/compatibility/guppy-and-moonlight-gourami/,guppy,moonlight-gourami,False,False,/compatibility/guppy/,/compatibility/moonlight-gourami/,Ensure both owner links
/compatibility/guppy-and-mystery-snail/,guppy,mystery-snail,False,False,/compatibility/guppy/,/compatibility/mystery-snail/,Ensure both owner links
/compatibility/guppy-and-neon-rainbowfish/,guppy,neon-rainbowfish,False,False,/compatibility/guppy/,/compatibility/neon-rainbowfish/,Ensure both owner links
/compatibility/guppy-and-neon-tetra/,guppy,neon-tetra,False,False,/compatibility/guppy/,/compatibility/neon-tetra/,Ensure both owner links
/compatibility/guppy-and-nerite-snail/,guppy,nerite-snail,False,False,/compatibility/guppy/,/compatibility/nerite-snail/,Ensure both owner links
/compatibility/guppy-and-oscar/,guppy,oscar,False,False,/compatibility/guppy/,/guides/oscar-fish-care/tank-mates/,Ensure both owner links
/compatibility/guppy-and-otocinclus/,guppy,otocinclus,False,False,/compatibility/guppy/,/compatibility/otocinclus/,Ensure both owner links
/compatibility/guppy-and-pajama-cardinalfish/,guppy,pajama-cardinalfish,False,False,/compatibility/guppy/,/compatibility/pajama-cardinalfish/,Ensure both owner links
/compatibility/guppy-and-panda-cory/,guppy,panda-cory,False,False,/compatibility/guppy/,/compatibility/panda-cory/,Ensure both owner links
/compatibility/guppy-and-pea-puffer/,guppy,pea-puffer,False,False,/compatibility/guppy/,/compatibility/pea-puffer/,Ensure both owner links
/compatibility/guppy-and-peacock-cichlid/,guppy,peacock-cichlid,False,False,/compatibility/guppy/,/compatibility/peacock-cichlid/,Ensure both owner links
/compatibility/guppy-and-pearl-danio/,guppy,pearl-danio,False,False,/compatibility/guppy/,/compatibility/pearl-danio/,Ensure both owner links
/compatibility/guppy-and-peppered-cory/,guppy,peppered-cory,False,False,/compatibility/guppy/,/compatibility/peppered-cory/,Ensure both owner links
/compatibility/guppy-and-percula-clownfish/,guppy,percula-clownfish,False,False,/compatibility/guppy/,/compatibility/percula-clownfish/,Ensure both owner links
/compatibility/guppy-and-platy/,guppy,platy,False,False,/compatibility/guppy/,/compatibility/platy/,Ensure both owner links
/compatibility/guppy-and-pygmy-corydoras/,guppy,pygmy-corydoras,False,False,/compatibility/guppy/,/compatibility/pygmy-corydoras/,Ensure both owner links
/compatibility/guppy-and-rainbow-shark/,guppy,rainbow-shark,False,False,/compatibility/guppy/,/compatibility/rainbow-shark/,Ensure both owner links
/compatibility/guppy-and-red-eye-tetra/,guppy,red-eye-tetra,False,False,/compatibility/guppy/,/compatibility/red-eye-tetra/,Ensure both owner links
/compatibility/guppy-and-rosy-barb/,guppy,rosy-barb,False,False,/compatibility/guppy/,/compatibility/rosy-barb/,Ensure both owner links
/compatibility/guppy-and-royal-gramma/,guppy,royal-gramma,False,False,/compatibility/guppy/,/compatibility/royal-gramma/,Ensure both owner links
/compatibility/guppy-and-senegal-bichir/,guppy,senegal-bichir,False,False,/compatibility/guppy/,/compatibility/senegal-bichir/,Ensure both owner links
/compatibility/guppy-and-serpae-tetra/,guppy,serpae-tetra,False,False,/compatibility/guppy/,/compatibility/serpae-tetra/,Ensure both owner links
/compatibility/guppy-and-severum-cichlid/,guppy,severum-cichlid,False,False,/compatibility/guppy/,/compatibility/severum-cichlid/,Ensure both owner links
/compatibility/guppy-and-silver-arowana/,guppy,silver-arowana,False,False,/compatibility/guppy/,/compatibility/silver-arowana/,Ensure both owner links
/compatibility/guppy-and-silver-dollar/,guppy,silver-dollar,False,False,/compatibility/guppy/,/compatibility/silver-dollar/,Ensure both owner links
/compatibility/guppy-and-sparkling-gourami/,guppy,sparkling-gourami,False,False,/compatibility/guppy/,/compatibility/sparkling-gourami/,Ensure both owner links
/compatibility/guppy-and-sterbai-cory/,guppy,sterbai-cory,False,False,/compatibility/guppy/,/compatibility/sterbai-cory/,Ensure both owner links
/compatibility/guppy-and-swordtail/,guppy,swordtail,False,False,/compatibility/guppy/,/compatibility/swordtail/,Ensure both owner links
/compatibility/guppy-and-texas-cichlid/,guppy,texas-cichlid,False,False,/compatibility/guppy/,/compatibility/texas-cichlid/,Ensure both owner links
/compatibility/guppy-and-threadfin-rainbowfish/,guppy,threadfin-rainbowfish,False,False,/compatibility/guppy/,/compatibility/threadfin-rainbowfish/,Ensure both owner links
/compatibility/guppy-and-three-spot-gourami/,guppy,three-spot-gourami,False,False,/compatibility/guppy/,/compatibility/three-spot-gourami/,Ensure both owner links
/compatibility/guppy-and-tiger-barb/,guppy,tiger-barb,False,False,/compatibility/guppy/,/compatibility/tiger-barb/,Ensure both owner links
/compatibility/guppy-and-watchman-goby/,guppy,watchman-goby,False,False,/compatibility/guppy/,/compatibility/watchman-goby/,Ensure both owner links
/compatibility/guppy-and-weather-loach/,guppy,weather-loach,False,False,/compatibility/guppy/,/compatibility/weather-loach/,Ensure both owner links
/compatibility/guppy-and-x-ray-tetra/,guppy,x-ray-tetra,False,False,/compatibility/guppy/,/compatibility/x-ray-tetra/,Ensure both owner links
/compatibility/guppy-and-yellow-tang/,guppy,yellow-tang,False,False,/compatibility/guppy/,/compatibility/yellow-tang/,Ensure both owner links
/compatibility/guppy-and-yoyo-loach/,guppy,yoyo-loach,False,False,/compatibility/guppy/,/compatibility/yoyo-loach/,Ensure both owner links
/compatibility/guppy-and-zebra-danio/,guppy,zebra-danio,False,False,/compatibility/guppy/,/compatibility/zebra-danio/,Ensure both owner links
/compatibility/guppy-and-zebra-loach/,guppy,zebra-loach,False,False,/compatibility/guppy/,/compatibility/zebra-loach/,Ensure both owner links
/compatibility/guppy-and-zebra-pleco/,guppy,zebra-pleco,False,False,/compatibility/guppy/,/compatibility/zebra-pleco/,Ensure both owner links
/compatibility/harlequin-rasbora-and-hillstream-loach/,harlequin-rasbora,hillstream-loach,False,False,/compatibility/harlequin-rasbora/,/compatibility/hillstream-loach/,Ensure both owner links
/compatibility/harlequin-rasbora-and-honey-gourami/,harlequin-rasbora,honey-gourami,False,False,/compatibility/harlequin-rasbora/,/compatibility/honey-gourami/,Ensure both owner links
/compatibility/harlequin-rasbora-and-jewel-cichlid/,harlequin-rasbora,jewel-cichlid,False,False,/compatibility/harlequin-rasbora/,/compatibility/jewel-cichlid/,Ensure both owner links
/compatibility/harlequin-rasbora-and-julii-cory/,harlequin-rasbora,julii-cory,False,False,/compatibility/harlequin-rasbora/,/compatibility/julii-cory/,Ensure both owner links
/compatibility/harlequin-rasbora-and-keyhole-cichlid/,harlequin-rasbora,keyhole-cichlid,False,False,/compatibility/harlequin-rasbora/,/compatibility/keyhole-cichlid/,Ensure both owner links
/compatibility/harlequin-rasbora-and-koi/,harlequin-rasbora,koi,False,False,/compatibility/harlequin-rasbora/,/guides/koi-fish-care/tank-mates/,Ensure both owner links
/compatibility/harlequin-rasbora-and-kuhli-loach/,harlequin-rasbora,kuhli-loach,False,False,/compatibility/harlequin-rasbora/,/compatibility/kuhli-loach/,Ensure both owner links
/compatibility/harlequin-rasbora-and-lemon-tetra/,harlequin-rasbora,lemon-tetra,False,False,/compatibility/harlequin-rasbora/,/compatibility/lemon-tetra/,Ensure both owner links
/compatibility/harlequin-rasbora-and-lionfish/,harlequin-rasbora,lionfish,False,False,/compatibility/harlequin-rasbora/,/compatibility/lionfish/,Ensure both owner links
/compatibility/harlequin-rasbora-and-molly/,harlequin-rasbora,molly,False,False,/compatibility/harlequin-rasbora/,/compatibility/molly/,Ensure both owner links
/compatibility/harlequin-rasbora-and-moonlight-gourami/,harlequin-rasbora,moonlight-gourami,False,False,/compatibility/harlequin-rasbora/,/compatibility/moonlight-gourami/,Ensure both owner links
/compatibility/harlequin-rasbora-and-mystery-snail/,harlequin-rasbora,mystery-snail,False,False,/compatibility/harlequin-rasbora/,/compatibility/mystery-snail/,Ensure both owner links
/compatibility/harlequin-rasbora-and-neon-rainbowfish/,harlequin-rasbora,neon-rainbowfish,False,False,/compatibility/harlequin-rasbora/,/compatibility/neon-rainbowfish/,Ensure both owner links
/compatibility/harlequin-rasbora-and-neon-tetra/,harlequin-rasbora,neon-tetra,False,False,/compatibility/harlequin-rasbora/,/compatibility/neon-tetra/,Ensure both owner links
/compatibility/harlequin-rasbora-and-nerite-snail/,harlequin-rasbora,nerite-snail,False,False,/compatibility/harlequin-rasbora/,/compatibility/nerite-snail/,Ensure both owner links
/compatibility/harlequin-rasbora-and-oscar/,harlequin-rasbora,oscar,False,False,/compatibility/harlequin-rasbora/,/guides/oscar-fish-care/tank-mates/,Ensure both owner links
/compatibility/harlequin-rasbora-and-otocinclus/,harlequin-rasbora,otocinclus,False,False,/compatibility/harlequin-rasbora/,/compatibility/otocinclus/,Ensure both owner links
/compatibility/harlequin-rasbora-and-pajama-cardinalfish/,harlequin-rasbora,pajama-cardinalfish,False,False,/compatibility/harlequin-rasbora/,/compatibility/pajama-cardinalfish/,Ensure both owner links
/compatibility/harlequin-rasbora-and-panda-cory/,harlequin-rasbora,panda-cory,False,False,/compatibility/harlequin-rasbora/,/compatibility/panda-cory/,Ensure both owner links
/compatibility/harlequin-rasbora-and-pea-puffer/,harlequin-rasbora,pea-puffer,False,False,/compatibility/harlequin-rasbora/,/compatibility/pea-puffer/,Ensure both owner links
/compatibility/harlequin-rasbora-and-peacock-cichlid/,harlequin-rasbora,peacock-cichlid,False,False,/compatibility/harlequin-rasbora/,/compatibility/peacock-cichlid/,Ensure both owner links
/compatibility/harlequin-rasbora-and-pearl-danio/,harlequin-rasbora,pearl-danio,False,False,/compatibility/harlequin-rasbora/,/compatibility/pearl-danio/,Ensure both owner links
/compatibility/harlequin-rasbora-and-peppered-cory/,harlequin-rasbora,peppered-cory,False,False,/compatibility/harlequin-rasbora/,/compatibility/peppered-cory/,Ensure both owner links
/compatibility/harlequin-rasbora-and-percula-clownfish/,harlequin-rasbora,percula-clownfish,False,False,/compatibility/harlequin-rasbora/,/compatibility/percula-clownfish/,Ensure both owner links
/compatibility/harlequin-rasbora-and-platy/,harlequin-rasbora,platy,False,False,/compatibility/harlequin-rasbora/,/compatibility/platy/,Ensure both owner links
/compatibility/harlequin-rasbora-and-pygmy-corydoras/,harlequin-rasbora,pygmy-corydoras,False,False,/compatibility/harlequin-rasbora/,/compatibility/pygmy-corydoras/,Ensure both owner links
/compatibility/harlequin-rasbora-and-rainbow-shark/,harlequin-rasbora,rainbow-shark,False,False,/compatibility/harlequin-rasbora/,/compatibility/rainbow-shark/,Ensure both owner links
/compatibility/harlequin-rasbora-and-red-eye-tetra/,harlequin-rasbora,red-eye-tetra,False,False,/compatibility/harlequin-rasbora/,/compatibility/red-eye-tetra/,Ensure both owner links
/compatibility/harlequin-rasbora-and-rosy-barb/,harlequin-rasbora,rosy-barb,False,False,/compatibility/harlequin-rasbora/,/compatibility/rosy-barb/,Ensure both owner links
/compatibility/harlequin-rasbora-and-royal-gramma/,harlequin-rasbora,royal-gramma,False,False,/compatibility/harlequin-rasbora/,/compatibility/royal-gramma/,Ensure both owner links
/compatibility/harlequin-rasbora-and-senegal-bichir/,harlequin-rasbora,senegal-bichir,False,False,/compatibility/harlequin-rasbora/,/compatibility/senegal-bichir/,Ensure both owner links
/compatibility/harlequin-rasbora-and-serpae-tetra/,harlequin-rasbora,serpae-tetra,False,False,/compatibility/harlequin-rasbora/,/compatibility/serpae-tetra/,Ensure both owner links
/compatibility/harlequin-rasbora-and-severum-cichlid/,harlequin-rasbora,severum-cichlid,False,False,/compatibility/harlequin-rasbora/,/compatibility/severum-cichlid/,Ensure both owner links
/compatibility/harlequin-rasbora-and-silver-arowana/,harlequin-rasbora,silver-arowana,False,False,/compatibility/harlequin-rasbora/,/compatibility/silver-arowana/,Ensure both owner links
/compatibility/harlequin-rasbora-and-silver-dollar/,harlequin-rasbora,silver-dollar,False,False,/compatibility/harlequin-rasbora/,/compatibility/silver-dollar/,Ensure both owner links
/compatibility/harlequin-rasbora-and-sparkling-gourami/,harlequin-rasbora,sparkling-gourami,False,False,/compatibility/harlequin-rasbora/,/compatibility/sparkling-gourami/,Ensure both owner links
/compatibility/harlequin-rasbora-and-sterbai-cory/,harlequin-rasbora,sterbai-cory,False,False,/compatibility/harlequin-rasbora/,/compatibility/sterbai-cory/,Ensure both owner links
/compatibility/harlequin-rasbora-and-swordtail/,harlequin-rasbora,swordtail,False,False,/compatibility/harlequin-rasbora/,/compatibility/swordtail/,Ensure both owner links
/compatibility/harlequin-rasbora-and-texas-cichlid/,harlequin-rasbora,texas-cichlid,False,False,/compatibility/harlequin-rasbora/,/compatibility/texas-cichlid/,Ensure both owner links
/compatibility/harlequin-rasbora-and-threadfin-rainbowfish/,harlequin-rasbora,threadfin-rainbowfish,False,False,/compatibility/harlequin-rasbora/,/compatibility/threadfin-rainbowfish/,Ensure both owner links
/compatibility/harlequin-rasbora-and-three-spot-gourami/,harlequin-rasbora,three-spot-gourami,False,False,/compatibility/harlequin-rasbora/,/compatibility/three-spot-gourami/,Ensure both owner links
/compatibility/harlequin-rasbora-and-tiger-barb/,harlequin-rasbora,tiger-barb,False,False,/compatibility/harlequin-rasbora/,/compatibility/tiger-barb/,Ensure both owner links
/compatibility/harlequin-rasbora-and-watchman-goby/,harlequin-rasbora,watchman-goby,False,False,/compatibility/harlequin-rasbora/,/compatibility/watchman-goby/,Ensure both owner links
/compatibility/harlequin-rasbora-and-weather-loach/,harlequin-rasbora,weather-loach,False,False,/compatibility/harlequin-rasbora/,/compatibility/weather-loach/,Ensure both owner links
/compatibility/harlequin-rasbora-and-x-ray-tetra/,harlequin-rasbora,x-ray-tetra,False,False,/compatibility/harlequin-rasbora/,/compatibility/x-ray-tetra/,Ensure both owner links
/compatibility/harlequin-rasbora-and-yellow-tang/,harlequin-rasbora,yellow-tang,False,False,/compatibility/harlequin-rasbora/,/compatibility/yellow-tang/,Ensure both owner links
/compatibility/harlequin-rasbora-and-yoyo-loach/,harlequin-rasbora,yoyo-loach,False,False,/compatibility/harlequin-rasbora/,/compatibility/yoyo-loach/,Ensure both owner links
/compatibility/harlequin-rasbora-and-zebra-danio/,harlequin-rasbora,zebra-danio,False,False,/compatibility/harlequin-rasbora/,/compatibility/zebra-danio/,Ensure both owner links
/compatibility/harlequin-rasbora-and-zebra-loach/,harlequin-rasbora,zebra-loach,False,False,/compatibility/harlequin-rasbora/,/compatibility/zebra-loach/,Ensure both owner links
/compatibility/harlequin-rasbora-and-zebra-pleco/,harlequin-rasbora,zebra-pleco,False,False,/compatibility/harlequin-rasbora/,/compatibility/zebra-pleco/,Ensure both owner links
/compatibility/hillstream-loach-and-honey-gourami/,hillstream-loach,honey-gourami,False,False,/compatibility/hillstream-loach/,/compatibility/honey-gourami/,Ensure both owner links
/compatibility/hillstream-loach-and-jewel-cichlid/,hillstream-loach,jewel-cichlid,False,False,/compatibility/hillstream-loach/,/compatibility/jewel-cichlid/,Ensure both owner links
/compatibility/hillstream-loach-and-julii-cory/,hillstream-loach,julii-cory,False,False,/compatibility/hillstream-loach/,/compatibility/julii-cory/,Ensure both owner links
/compatibility/hillstream-loach-and-keyhole-cichlid/,hillstream-loach,keyhole-cichlid,False,False,/compatibility/hillstream-loach/,/compatibility/keyhole-cichlid/,Ensure both owner links
/compatibility/hillstream-loach-and-koi/,hillstream-loach,koi,False,False,/compatibility/hillstream-loach/,/guides/koi-fish-care/tank-mates/,Ensure both owner links
/compatibility/hillstream-loach-and-kuhli-loach/,hillstream-loach,kuhli-loach,False,False,/compatibility/hillstream-loach/,/compatibility/kuhli-loach/,Ensure both owner links
/compatibility/hillstream-loach-and-lemon-tetra/,hillstream-loach,lemon-tetra,False,False,/compatibility/hillstream-loach/,/compatibility/lemon-tetra/,Ensure both owner links
/compatibility/hillstream-loach-and-lionfish/,hillstream-loach,lionfish,False,False,/compatibility/hillstream-loach/,/compatibility/lionfish/,Ensure both owner links
/compatibility/hillstream-loach-and-molly/,hillstream-loach,molly,False,False,/compatibility/hillstream-loach/,/compatibility/molly/,Ensure both owner links
/compatibility/hillstream-loach-and-moonlight-gourami/,hillstream-loach,moonlight-gourami,False,False,/compatibility/hillstream-loach/,/compatibility/moonlight-gourami/,Ensure both owner links
/compatibility/hillstream-loach-and-mystery-snail/,hillstream-loach,mystery-snail,False,False,/compatibility/hillstream-loach/,/compatibility/mystery-snail/,Ensure both owner links
/compatibility/hillstream-loach-and-neon-rainbowfish/,hillstream-loach,neon-rainbowfish,False,False,/compatibility/hillstream-loach/,/compatibility/neon-rainbowfish/,Ensure both owner links
/compatibility/hillstream-loach-and-neon-tetra/,hillstream-loach,neon-tetra,False,False,/compatibility/hillstream-loach/,/compatibility/neon-tetra/,Ensure both owner links
/compatibility/hillstream-loach-and-nerite-snail/,hillstream-loach,nerite-snail,False,False,/compatibility/hillstream-loach/,/compatibility/nerite-snail/,Ensure both owner links
/compatibility/hillstream-loach-and-oscar/,hillstream-loach,oscar,False,False,/compatibility/hillstream-loach/,/guides/oscar-fish-care/tank-mates/,Ensure both owner links
/compatibility/hillstream-loach-and-otocinclus/,hillstream-loach,otocinclus,False,False,/compatibility/hillstream-loach/,/compatibility/otocinclus/,Ensure both owner links
/compatibility/hillstream-loach-and-pajama-cardinalfish/,hillstream-loach,pajama-cardinalfish,False,False,/compatibility/hillstream-loach/,/compatibility/pajama-cardinalfish/,Ensure both owner links
/compatibility/hillstream-loach-and-panda-cory/,hillstream-loach,panda-cory,False,False,/compatibility/hillstream-loach/,/compatibility/panda-cory/,Ensure both owner links
/compatibility/hillstream-loach-and-pea-puffer/,hillstream-loach,pea-puffer,False,False,/compatibility/hillstream-loach/,/compatibility/pea-puffer/,Ensure both owner links
/compatibility/hillstream-loach-and-peacock-cichlid/,hillstream-loach,peacock-cichlid,False,False,/compatibility/hillstream-loach/,/compatibility/peacock-cichlid/,Ensure both owner links
/compatibility/hillstream-loach-and-pearl-danio/,hillstream-loach,pearl-danio,False,False,/compatibility/hillstream-loach/,/compatibility/pearl-danio/,Ensure both owner links
/compatibility/hillstream-loach-and-peppered-cory/,hillstream-loach,peppered-cory,False,False,/compatibility/hillstream-loach/,/compatibility/peppered-cory/,Ensure both owner links
/compatibility/hillstream-loach-and-percula-clownfish/,hillstream-loach,percula-clownfish,False,False,/compatibility/hillstream-loach/,/compatibility/percula-clownfish/,Ensure both owner links
/compatibility/hillstream-loach-and-platy/,hillstream-loach,platy,False,False,/compatibility/hillstream-loach/,/compatibility/platy/,Ensure both owner links
/compatibility/hillstream-loach-and-pygmy-corydoras/,hillstream-loach,pygmy-corydoras,False,False,/compatibility/hillstream-loach/,/compatibility/pygmy-corydoras/,Ensure both owner links
/compatibility/hillstream-loach-and-rainbow-shark/,hillstream-loach,rainbow-shark,False,False,/compatibility/hillstream-loach/,/compatibility/rainbow-shark/,Ensure both owner links
/compatibility/hillstream-loach-and-red-eye-tetra/,hillstream-loach,red-eye-tetra,False,False,/compatibility/hillstream-loach/,/compatibility/red-eye-tetra/,Ensure both owner links
/compatibility/hillstream-loach-and-rosy-barb/,hillstream-loach,rosy-barb,False,False,/compatibility/hillstream-loach/,/compatibility/rosy-barb/,Ensure both owner links
/compatibility/hillstream-loach-and-royal-gramma/,hillstream-loach,royal-gramma,False,False,/compatibility/hillstream-loach/,/compatibility/royal-gramma/,Ensure both owner links
/compatibility/hillstream-loach-and-senegal-bichir/,hillstream-loach,senegal-bichir,False,False,/compatibility/hillstream-loach/,/compatibility/senegal-bichir/,Ensure both owner links
/compatibility/hillstream-loach-and-serpae-tetra/,hillstream-loach,serpae-tetra,False,False,/compatibility/hillstream-loach/,/compatibility/serpae-tetra/,Ensure both owner links
/compatibility/hillstream-loach-and-severum-cichlid/,hillstream-loach,severum-cichlid,False,False,/compatibility/hillstream-loach/,/compatibility/severum-cichlid/,Ensure both owner links
/compatibility/hillstream-loach-and-silver-arowana/,hillstream-loach,silver-arowana,False,False,/compatibility/hillstream-loach/,/compatibility/silver-arowana/,Ensure both owner links
/compatibility/hillstream-loach-and-silver-dollar/,hillstream-loach,silver-dollar,False,False,/compatibility/hillstream-loach/,/compatibility/silver-dollar/,Ensure both owner links
/compatibility/hillstream-loach-and-sparkling-gourami/,hillstream-loach,sparkling-gourami,False,False,/compatibility/hillstream-loach/,/compatibility/sparkling-gourami/,Ensure both owner links
/compatibility/hillstream-loach-and-sterbai-cory/,hillstream-loach,sterbai-cory,False,False,/compatibility/hillstream-loach/,/compatibility/sterbai-cory/,Ensure both owner links
/compatibility/hillstream-loach-and-swordtail/,hillstream-loach,swordtail,False,False,/compatibility/hillstream-loach/,/compatibility/swordtail/,Ensure both owner links
/compatibility/hillstream-loach-and-texas-cichlid/,hillstream-loach,texas-cichlid,False,False,/compatibility/hillstream-loach/,/compatibility/texas-cichlid/,Ensure both owner links
/compatibility/hillstream-loach-and-threadfin-rainbowfish/,hillstream-loach,threadfin-rainbowfish,False,False,/compatibility/hillstream-loach/,/compatibility/threadfin-rainbowfish/,Ensure both owner links
/compatibility/hillstream-loach-and-three-spot-gourami/,hillstream-loach,three-spot-gourami,False,False,/compatibility/hillstream-loach/,/compatibility/three-spot-gourami/,Ensure both owner links
/compatibility/hillstream-loach-and-tiger-barb/,hillstream-loach,tiger-barb,False,False,/compatibility/hillstream-loach/,/compatibility/tiger-barb/,Ensure both owner links
/compatibility/hillstream-loach-and-watchman-goby/,hillstream-loach,watchman-goby,False,False,/compatibility/hillstream-loach/,/compatibility/watchman-goby/,Ensure both owner links
/compatibility/hillstream-loach-and-weather-loach/,hillstream-loach,weather-loach,False,False,/compatibility/hillstream-loach/,/compatibility/weather-loach/,Ensure both owner links
/compatibility/hillstream-loach-and-x-ray-tetra/,hillstream-loach,x-ray-tetra,False,False,/compatibility/hillstream-loach/,/compatibility/x-ray-tetra/,Ensure both owner links
/compatibility/hillstream-loach-and-yellow-tang/,hillstream-loach,yellow-tang,False,False,/compatibility/hillstream-loach/,/compatibility/yellow-tang/,Ensure both owner links
/compatibility/hillstream-loach-and-yoyo-loach/,hillstream-loach,yoyo-loach,False,False,/compatibility/hillstream-loach/,/compatibility/yoyo-loach/,Ensure both owner links
/compatibility/hillstream-loach-and-zebra-danio/,hillstream-loach,zebra-danio,False,False,/compatibility/hillstream-loach/,/compatibility/zebra-danio/,Ensure both owner links
/compatibility/hillstream-loach-and-zebra-loach/,hillstream-loach,zebra-loach,False,False,/compatibility/hillstream-loach/,/compatibility/zebra-loach/,Ensure both owner links
/compatibility/hillstream-loach-and-zebra-pleco/,hillstream-loach,zebra-pleco,False,False,/compatibility/hillstream-loach/,/compatibility/zebra-pleco/,Ensure both owner links
/compatibility/honey-gourami-and-jewel-cichlid/,honey-gourami,jewel-cichlid,False,False,/compatibility/honey-gourami/,/compatibility/jewel-cichlid/,Ensure both owner links
/compatibility/honey-gourami-and-julii-cory/,honey-gourami,julii-cory,False,False,/compatibility/honey-gourami/,/compatibility/julii-cory/,Ensure both owner links
/compatibility/honey-gourami-and-keyhole-cichlid/,honey-gourami,keyhole-cichlid,False,False,/compatibility/honey-gourami/,/compatibility/keyhole-cichlid/,Ensure both owner links
/compatibility/honey-gourami-and-koi/,honey-gourami,koi,False,False,/compatibility/honey-gourami/,/guides/koi-fish-care/tank-mates/,Ensure both owner links
/compatibility/honey-gourami-and-kuhli-loach/,honey-gourami,kuhli-loach,False,False,/compatibility/honey-gourami/,/compatibility/kuhli-loach/,Ensure both owner links
/compatibility/honey-gourami-and-lemon-tetra/,honey-gourami,lemon-tetra,False,False,/compatibility/honey-gourami/,/compatibility/lemon-tetra/,Ensure both owner links
/compatibility/honey-gourami-and-lionfish/,honey-gourami,lionfish,False,False,/compatibility/honey-gourami/,/compatibility/lionfish/,Ensure both owner links
/compatibility/honey-gourami-and-molly/,honey-gourami,molly,False,False,/compatibility/honey-gourami/,/compatibility/molly/,Ensure both owner links
/compatibility/honey-gourami-and-moonlight-gourami/,honey-gourami,moonlight-gourami,False,False,/compatibility/honey-gourami/,/compatibility/moonlight-gourami/,Ensure both owner links
/compatibility/honey-gourami-and-mystery-snail/,honey-gourami,mystery-snail,False,False,/compatibility/honey-gourami/,/compatibility/mystery-snail/,Ensure both owner links
/compatibility/honey-gourami-and-neon-rainbowfish/,honey-gourami,neon-rainbowfish,False,False,/compatibility/honey-gourami/,/compatibility/neon-rainbowfish/,Ensure both owner links
/compatibility/honey-gourami-and-neon-tetra/,honey-gourami,neon-tetra,False,False,/compatibility/honey-gourami/,/compatibility/neon-tetra/,Ensure both owner links
/compatibility/honey-gourami-and-nerite-snail/,honey-gourami,nerite-snail,False,False,/compatibility/honey-gourami/,/compatibility/nerite-snail/,Ensure both owner links
/compatibility/honey-gourami-and-oscar/,honey-gourami,oscar,False,False,/compatibility/honey-gourami/,/guides/oscar-fish-care/tank-mates/,Ensure both owner links
/compatibility/honey-gourami-and-otocinclus/,honey-gourami,otocinclus,False,False,/compatibility/honey-gourami/,/compatibility/otocinclus/,Ensure both owner links
/compatibility/honey-gourami-and-pajama-cardinalfish/,honey-gourami,pajama-cardinalfish,False,False,/compatibility/honey-gourami/,/compatibility/pajama-cardinalfish/,Ensure both owner links
/compatibility/honey-gourami-and-panda-cory/,honey-gourami,panda-cory,False,False,/compatibility/honey-gourami/,/compatibility/panda-cory/,Ensure both owner links
/compatibility/honey-gourami-and-pea-puffer/,honey-gourami,pea-puffer,False,False,/compatibility/honey-gourami/,/compatibility/pea-puffer/,Ensure both owner links
/compatibility/honey-gourami-and-peacock-cichlid/,honey-gourami,peacock-cichlid,False,False,/compatibility/honey-gourami/,/compatibility/peacock-cichlid/,Ensure both owner links
/compatibility/honey-gourami-and-pearl-danio/,honey-gourami,pearl-danio,False,False,/compatibility/honey-gourami/,/compatibility/pearl-danio/,Ensure both owner links
/compatibility/honey-gourami-and-peppered-cory/,honey-gourami,peppered-cory,False,False,/compatibility/honey-gourami/,/compatibility/peppered-cory/,Ensure both owner links
/compatibility/honey-gourami-and-percula-clownfish/,honey-gourami,percula-clownfish,False,False,/compatibility/honey-gourami/,/compatibility/percula-clownfish/,Ensure both owner links
/compatibility/honey-gourami-and-platy/,honey-gourami,platy,False,False,/compatibility/honey-gourami/,/compatibility/platy/,Ensure both owner links
/compatibility/honey-gourami-and-pygmy-corydoras/,honey-gourami,pygmy-corydoras,False,False,/compatibility/honey-gourami/,/compatibility/pygmy-corydoras/,Ensure both owner links
/compatibility/honey-gourami-and-rainbow-shark/,honey-gourami,rainbow-shark,False,False,/compatibility/honey-gourami/,/compatibility/rainbow-shark/,Ensure both owner links
/compatibility/honey-gourami-and-red-eye-tetra/,honey-gourami,red-eye-tetra,False,False,/compatibility/honey-gourami/,/compatibility/red-eye-tetra/,Ensure both owner links
/compatibility/honey-gourami-and-rosy-barb/,honey-gourami,rosy-barb,False,False,/compatibility/honey-gourami/,/compatibility/rosy-barb/,Ensure both owner links
/compatibility/honey-gourami-and-royal-gramma/,honey-gourami,royal-gramma,False,False,/compatibility/honey-gourami/,/compatibility/royal-gramma/,Ensure both owner links
/compatibility/honey-gourami-and-senegal-bichir/,honey-gourami,senegal-bichir,False,False,/compatibility/honey-gourami/,/compatibility/senegal-bichir/,Ensure both owner links
/compatibility/honey-gourami-and-serpae-tetra/,honey-gourami,serpae-tetra,False,False,/compatibility/honey-gourami/,/compatibility/serpae-tetra/,Ensure both owner links
/compatibility/honey-gourami-and-severum-cichlid/,honey-gourami,severum-cichlid,False,False,/compatibility/honey-gourami/,/compatibility/severum-cichlid/,Ensure both owner links
/compatibility/honey-gourami-and-silver-arowana/,honey-gourami,silver-arowana,False,False,/compatibility/honey-gourami/,/compatibility/silver-arowana/,Ensure both owner links
/compatibility/honey-gourami-and-silver-dollar/,honey-gourami,silver-dollar,False,False,/compatibility/honey-gourami/,/compatibility/silver-dollar/,Ensure both owner links
/compatibility/honey-gourami-and-sparkling-gourami/,honey-gourami,sparkling-gourami,False,False,/compatibility/honey-gourami/,/compatibility/sparkling-gourami/,Ensure both owner links
/compatibility/honey-gourami-and-sterbai-cory/,honey-gourami,sterbai-cory,False,False,/compatibility/honey-gourami/,/compatibility/sterbai-cory/,Ensure both owner links
/compatibility/honey-gourami-and-swordtail/,honey-gourami,swordtail,False,False,/compatibility/honey-gourami/,/compatibility/swordtail/,Ensure both owner links
/compatibility/honey-gourami-and-texas-cichlid/,honey-gourami,texas-cichlid,False,False,/compatibility/honey-gourami/,/compatibility/texas-cichlid/,Ensure both owner links
/compatibility/honey-gourami-and-threadfin-rainbowfish/,honey-gourami,threadfin-rainbowfish,False,False,/compatibility/honey-gourami/,/compatibility/threadfin-rainbowfish/,Ensure both owner links
/compatibility/honey-gourami-and-three-spot-gourami/,honey-gourami,three-spot-gourami,False,False,/compatibility/honey-gourami/,/compatibility/three-spot-gourami/,Ensure both owner links
/compatibility/honey-gourami-and-tiger-barb/,honey-gourami,tiger-barb,False,False,/compatibility/honey-gourami/,/compatibility/tiger-barb/,Ensure both owner links
/compatibility/honey-gourami-and-watchman-goby/,honey-gourami,watchman-goby,False,False,/compatibility/honey-gourami/,/compatibility/watchman-goby/,Ensure both owner links
/compatibility/honey-gourami-and-weather-loach/,honey-gourami,weather-loach,False,False,/compatibility/honey-gourami/,/compatibility/weather-loach/,Ensure both owner links
/compatibility/honey-gourami-and-x-ray-tetra/,honey-gourami,x-ray-tetra,False,False,/compatibility/honey-gourami/,/compatibility/x-ray-tetra/,Ensure both owner links
/compatibility/honey-gourami-and-yellow-tang/,honey-gourami,yellow-tang,False,False,/compatibility/honey-gourami/,/compatibility/yellow-tang/,Ensure both owner links
/compatibility/honey-gourami-and-yoyo-loach/,honey-gourami,yoyo-loach,False,False,/compatibility/honey-gourami/,/compatibility/yoyo-loach/,Ensure both owner links
/compatibility/honey-gourami-and-zebra-danio/,honey-gourami,zebra-danio,False,False,/compatibility/honey-gourami/,/compatibility/zebra-danio/,Ensure both owner links
/compatibility/honey-gourami-and-zebra-loach/,honey-gourami,zebra-loach,False,False,/compatibility/honey-gourami/,/compatibility/zebra-loach/,Ensure both owner links
/compatibility/honey-gourami-and-zebra-pleco/,honey-gourami,zebra-pleco,False,False,/compatibility/honey-gourami/,/compatibility/zebra-pleco/,Ensure both owner links
/compatibility/jewel-cichlid-and-julii-cory/,jewel-cichlid,julii-cory,False,False,/compatibility/jewel-cichlid/,/compatibility/julii-cory/,Ensure both owner links
/compatibility/jewel-cichlid-and-keyhole-cichlid/,jewel-cichlid,keyhole-cichlid,False,False,/compatibility/jewel-cichlid/,/compatibility/keyhole-cichlid/,Ensure both owner links
/compatibility/jewel-cichlid-and-koi/,jewel-cichlid,koi,False,False,/compatibility/jewel-cichlid/,/guides/koi-fish-care/tank-mates/,Ensure both owner links
/compatibility/jewel-cichlid-and-kuhli-loach/,jewel-cichlid,kuhli-loach,False,False,/compatibility/jewel-cichlid/,/compatibility/kuhli-loach/,Ensure both owner links
/compatibility/jewel-cichlid-and-lemon-tetra/,jewel-cichlid,lemon-tetra,False,False,/compatibility/jewel-cichlid/,/compatibility/lemon-tetra/,Ensure both owner links
/compatibility/jewel-cichlid-and-lionfish/,jewel-cichlid,lionfish,False,False,/compatibility/jewel-cichlid/,/compatibility/lionfish/,Ensure both owner links
/compatibility/jewel-cichlid-and-molly/,jewel-cichlid,molly,False,False,/compatibility/jewel-cichlid/,/compatibility/molly/,Ensure both owner links
/compatibility/jewel-cichlid-and-moonlight-gourami/,jewel-cichlid,moonlight-gourami,False,False,/compatibility/jewel-cichlid/,/compatibility/moonlight-gourami/,Ensure both owner links
/compatibility/jewel-cichlid-and-mystery-snail/,jewel-cichlid,mystery-snail,False,False,/compatibility/jewel-cichlid/,/compatibility/mystery-snail/,Ensure both owner links
/compatibility/jewel-cichlid-and-neon-rainbowfish/,jewel-cichlid,neon-rainbowfish,False,False,/compatibility/jewel-cichlid/,/compatibility/neon-rainbowfish/,Ensure both owner links
/compatibility/jewel-cichlid-and-neon-tetra/,jewel-cichlid,neon-tetra,False,False,/compatibility/jewel-cichlid/,/compatibility/neon-tetra/,Ensure both owner links
/compatibility/jewel-cichlid-and-nerite-snail/,jewel-cichlid,nerite-snail,False,False,/compatibility/jewel-cichlid/,/compatibility/nerite-snail/,Ensure both owner links
/compatibility/jewel-cichlid-and-oscar/,jewel-cichlid,oscar,False,False,/compatibility/jewel-cichlid/,/guides/oscar-fish-care/tank-mates/,Ensure both owner links
/compatibility/jewel-cichlid-and-otocinclus/,jewel-cichlid,otocinclus,False,False,/compatibility/jewel-cichlid/,/compatibility/otocinclus/,Ensure both owner links
/compatibility/jewel-cichlid-and-pajama-cardinalfish/,jewel-cichlid,pajama-cardinalfish,False,False,/compatibility/jewel-cichlid/,/compatibility/pajama-cardinalfish/,Ensure both owner links
/compatibility/jewel-cichlid-and-panda-cory/,jewel-cichlid,panda-cory,False,False,/compatibility/jewel-cichlid/,/compatibility/panda-cory/,Ensure both owner links
/compatibility/jewel-cichlid-and-pea-puffer/,jewel-cichlid,pea-puffer,False,False,/compatibility/jewel-cichlid/,/compatibility/pea-puffer/,Ensure both owner links
/compatibility/jewel-cichlid-and-peacock-cichlid/,jewel-cichlid,peacock-cichlid,False,False,/compatibility/jewel-cichlid/,/compatibility/peacock-cichlid/,Ensure both owner links
/compatibility/jewel-cichlid-and-pearl-danio/,jewel-cichlid,pearl-danio,False,False,/compatibility/jewel-cichlid/,/compatibility/pearl-danio/,Ensure both owner links
/compatibility/jewel-cichlid-and-peppered-cory/,jewel-cichlid,peppered-cory,False,False,/compatibility/jewel-cichlid/,/compatibility/peppered-cory/,Ensure both owner links
/compatibility/jewel-cichlid-and-percula-clownfish/,jewel-cichlid,percula-clownfish,False,False,/compatibility/jewel-cichlid/,/compatibility/percula-clownfish/,Ensure both owner links
/compatibility/jewel-cichlid-and-platy/,jewel-cichlid,platy,False,False,/compatibility/jewel-cichlid/,/compatibility/platy/,Ensure both owner links
/compatibility/jewel-cichlid-and-pygmy-corydoras/,jewel-cichlid,pygmy-corydoras,False,False,/compatibility/jewel-cichlid/,/compatibility/pygmy-corydoras/,Ensure both owner links
/compatibility/jewel-cichlid-and-rainbow-shark/,jewel-cichlid,rainbow-shark,False,False,/compatibility/jewel-cichlid/,/compatibility/rainbow-shark/,Ensure both owner links
/compatibility/jewel-cichlid-and-red-eye-tetra/,jewel-cichlid,red-eye-tetra,False,False,/compatibility/jewel-cichlid/,/compatibility/red-eye-tetra/,Ensure both owner links
/compatibility/jewel-cichlid-and-rosy-barb/,jewel-cichlid,rosy-barb,False,False,/compatibility/jewel-cichlid/,/compatibility/rosy-barb/,Ensure both owner links
/compatibility/jewel-cichlid-and-royal-gramma/,jewel-cichlid,royal-gramma,False,False,/compatibility/jewel-cichlid/,/compatibility/royal-gramma/,Ensure both owner links
/compatibility/jewel-cichlid-and-senegal-bichir/,jewel-cichlid,senegal-bichir,False,False,/compatibility/jewel-cichlid/,/compatibility/senegal-bichir/,Ensure both owner links
/compatibility/jewel-cichlid-and-serpae-tetra/,jewel-cichlid,serpae-tetra,False,False,/compatibility/jewel-cichlid/,/compatibility/serpae-tetra/,Ensure both owner links
/compatibility/jewel-cichlid-and-severum-cichlid/,jewel-cichlid,severum-cichlid,False,False,/compatibility/jewel-cichlid/,/compatibility/severum-cichlid/,Ensure both owner links
/compatibility/jewel-cichlid-and-silver-arowana/,jewel-cichlid,silver-arowana,False,False,/compatibility/jewel-cichlid/,/compatibility/silver-arowana/,Ensure both owner links
/compatibility/jewel-cichlid-and-silver-dollar/,jewel-cichlid,silver-dollar,False,False,/compatibility/jewel-cichlid/,/compatibility/silver-dollar/,Ensure both owner links
/compatibility/jewel-cichlid-and-sparkling-gourami/,jewel-cichlid,sparkling-gourami,False,False,/compatibility/jewel-cichlid/,/compatibility/sparkling-gourami/,Ensure both owner links
/compatibility/jewel-cichlid-and-sterbai-cory/,jewel-cichlid,sterbai-cory,False,False,/compatibility/jewel-cichlid/,/compatibility/sterbai-cory/,Ensure both owner links
/compatibility/jewel-cichlid-and-swordtail/,jewel-cichlid,swordtail,False,False,/compatibility/jewel-cichlid/,/compatibility/swordtail/,Ensure both owner links
/compatibility/jewel-cichlid-and-texas-cichlid/,jewel-cichlid,texas-cichlid,False,False,/compatibility/jewel-cichlid/,/compatibility/texas-cichlid/,Ensure both owner links
/compatibility/jewel-cichlid-and-threadfin-rainbowfish/,jewel-cichlid,threadfin-rainbowfish,False,False,/compatibility/jewel-cichlid/,/compatibility/threadfin-rainbowfish/,Ensure both owner links
/compatibility/jewel-cichlid-and-three-spot-gourami/,jewel-cichlid,three-spot-gourami,False,False,/compatibility/jewel-cichlid/,/compatibility/three-spot-gourami/,Ensure both owner links
/compatibility/jewel-cichlid-and-tiger-barb/,jewel-cichlid,tiger-barb,False,False,/compatibility/jewel-cichlid/,/compatibility/tiger-barb/,Ensure both owner links
/compatibility/jewel-cichlid-and-watchman-goby/,jewel-cichlid,watchman-goby,False,False,/compatibility/jewel-cichlid/,/compatibility/watchman-goby/,Ensure both owner links
/compatibility/jewel-cichlid-and-weather-loach/,jewel-cichlid,weather-loach,False,False,/compatibility/jewel-cichlid/,/compatibility/weather-loach/,Ensure both owner links
/compatibility/jewel-cichlid-and-x-ray-tetra/,jewel-cichlid,x-ray-tetra,False,False,/compatibility/jewel-cichlid/,/compatibility/x-ray-tetra/,Ensure both owner links
/compatibility/jewel-cichlid-and-yellow-tang/,jewel-cichlid,yellow-tang,False,False,/compatibility/jewel-cichlid/,/compatibility/yellow-tang/,Ensure both owner links
/compatibility/jewel-cichlid-and-yoyo-loach/,jewel-cichlid,yoyo-loach,False,False,/compatibility/jewel-cichlid/,/compatibility/yoyo-loach/,Ensure both owner links
/compatibility/jewel-cichlid-and-zebra-danio/,jewel-cichlid,zebra-danio,False,False,/compatibility/jewel-cichlid/,/compatibility/zebra-danio/,Ensure both owner links
/compatibility/jewel-cichlid-and-zebra-loach/,jewel-cichlid,zebra-loach,False,False,/compatibility/jewel-cichlid/,/compatibility/zebra-loach/,Ensure both owner links
/compatibility/jewel-cichlid-and-zebra-pleco/,jewel-cichlid,zebra-pleco,False,False,/compatibility/jewel-cichlid/,/compatibility/zebra-pleco/,Ensure both owner links
/compatibility/julii-cory-and-keyhole-cichlid/,julii-cory,keyhole-cichlid,False,False,/compatibility/julii-cory/,/compatibility/keyhole-cichlid/,Ensure both owner links
/compatibility/julii-cory-and-koi/,julii-cory,koi,False,False,/compatibility/julii-cory/,/guides/koi-fish-care/tank-mates/,Ensure both owner links
/compatibility/julii-cory-and-kuhli-loach/,julii-cory,kuhli-loach,False,False,/compatibility/julii-cory/,/compatibility/kuhli-loach/,Ensure both owner links
/compatibility/julii-cory-and-lemon-tetra/,julii-cory,lemon-tetra,False,False,/compatibility/julii-cory/,/compatibility/lemon-tetra/,Ensure both owner links
/compatibility/julii-cory-and-lionfish/,julii-cory,lionfish,False,False,/compatibility/julii-cory/,/compatibility/lionfish/,Ensure both owner links
/compatibility/julii-cory-and-molly/,julii-cory,molly,False,False,/compatibility/julii-cory/,/compatibility/molly/,Ensure both owner links
/compatibility/julii-cory-and-moonlight-gourami/,julii-cory,moonlight-gourami,False,False,/compatibility/julii-cory/,/compatibility/moonlight-gourami/,Ensure both owner links
/compatibility/julii-cory-and-mystery-snail/,julii-cory,mystery-snail,False,False,/compatibility/julii-cory/,/compatibility/mystery-snail/,Ensure both owner links
/compatibility/julii-cory-and-neon-rainbowfish/,julii-cory,neon-rainbowfish,False,False,/compatibility/julii-cory/,/compatibility/neon-rainbowfish/,Ensure both owner links
/compatibility/julii-cory-and-neon-tetra/,julii-cory,neon-tetra,False,False,/compatibility/julii-cory/,/compatibility/neon-tetra/,Ensure both owner links
/compatibility/julii-cory-and-nerite-snail/,julii-cory,nerite-snail,False,False,/compatibility/julii-cory/,/compatibility/nerite-snail/,Ensure both owner links
/compatibility/julii-cory-and-oscar/,julii-cory,oscar,False,False,/compatibility/julii-cory/,/guides/oscar-fish-care/tank-mates/,Ensure both owner links
/compatibility/julii-cory-and-otocinclus/,julii-cory,otocinclus,False,False,/compatibility/julii-cory/,/compatibility/otocinclus/,Ensure both owner links
/compatibility/julii-cory-and-pajama-cardinalfish/,julii-cory,pajama-cardinalfish,False,False,/compatibility/julii-cory/,/compatibility/pajama-cardinalfish/,Ensure both owner links
/compatibility/julii-cory-and-panda-cory/,julii-cory,panda-cory,False,False,/compatibility/julii-cory/,/compatibility/panda-cory/,Ensure both owner links
/compatibility/julii-cory-and-pea-puffer/,julii-cory,pea-puffer,False,False,/compatibility/julii-cory/,/compatibility/pea-puffer/,Ensure both owner links
/compatibility/julii-cory-and-peacock-cichlid/,julii-cory,peacock-cichlid,False,False,/compatibility/julii-cory/,/compatibility/peacock-cichlid/,Ensure both owner links
/compatibility/julii-cory-and-pearl-danio/,julii-cory,pearl-danio,False,False,/compatibility/julii-cory/,/compatibility/pearl-danio/,Ensure both owner links
/compatibility/julii-cory-and-peppered-cory/,julii-cory,peppered-cory,False,False,/compatibility/julii-cory/,/compatibility/peppered-cory/,Ensure both owner links
/compatibility/julii-cory-and-percula-clownfish/,julii-cory,percula-clownfish,False,False,/compatibility/julii-cory/,/compatibility/percula-clownfish/,Ensure both owner links
/compatibility/julii-cory-and-platy/,julii-cory,platy,False,False,/compatibility/julii-cory/,/compatibility/platy/,Ensure both owner links
/compatibility/julii-cory-and-pygmy-corydoras/,julii-cory,pygmy-corydoras,False,False,/compatibility/julii-cory/,/compatibility/pygmy-corydoras/,Ensure both owner links
/compatibility/julii-cory-and-rainbow-shark/,julii-cory,rainbow-shark,False,False,/compatibility/julii-cory/,/compatibility/rainbow-shark/,Ensure both owner links
/compatibility/julii-cory-and-red-eye-tetra/,julii-cory,red-eye-tetra,False,False,/compatibility/julii-cory/,/compatibility/red-eye-tetra/,Ensure both owner links
/compatibility/julii-cory-and-rosy-barb/,julii-cory,rosy-barb,False,False,/compatibility/julii-cory/,/compatibility/rosy-barb/,Ensure both owner links
/compatibility/julii-cory-and-royal-gramma/,julii-cory,royal-gramma,False,False,/compatibility/julii-cory/,/compatibility/royal-gramma/,Ensure both owner links
/compatibility/julii-cory-and-senegal-bichir/,julii-cory,senegal-bichir,False,False,/compatibility/julii-cory/,/compatibility/senegal-bichir/,Ensure both owner links
/compatibility/julii-cory-and-serpae-tetra/,julii-cory,serpae-tetra,False,False,/compatibility/julii-cory/,/compatibility/serpae-tetra/,Ensure both owner links
/compatibility/julii-cory-and-severum-cichlid/,julii-cory,severum-cichlid,False,False,/compatibility/julii-cory/,/compatibility/severum-cichlid/,Ensure both owner links
/compatibility/julii-cory-and-silver-arowana/,julii-cory,silver-arowana,False,False,/compatibility/julii-cory/,/compatibility/silver-arowana/,Ensure both owner links
/compatibility/julii-cory-and-silver-dollar/,julii-cory,silver-dollar,False,False,/compatibility/julii-cory/,/compatibility/silver-dollar/,Ensure both owner links
/compatibility/julii-cory-and-sparkling-gourami/,julii-cory,sparkling-gourami,False,False,/compatibility/julii-cory/,/compatibility/sparkling-gourami/,Ensure both owner links
/compatibility/julii-cory-and-sterbai-cory/,julii-cory,sterbai-cory,False,False,/compatibility/julii-cory/,/compatibility/sterbai-cory/,Ensure both owner links
/compatibility/julii-cory-and-swordtail/,julii-cory,swordtail,False,False,/compatibility/julii-cory/,/compatibility/swordtail/,Ensure both owner links
/compatibility/julii-cory-and-texas-cichlid/,julii-cory,texas-cichlid,False,False,/compatibility/julii-cory/,/compatibility/texas-cichlid/,Ensure both owner links
/compatibility/julii-cory-and-threadfin-rainbowfish/,julii-cory,threadfin-rainbowfish,False,False,/compatibility/julii-cory/,/compatibility/threadfin-rainbowfish/,Ensure both owner links
/compatibility/julii-cory-and-three-spot-gourami/,julii-cory,three-spot-gourami,False,False,/compatibility/julii-cory/,/compatibility/three-spot-gourami/,Ensure both owner links
/compatibility/julii-cory-and-tiger-barb/,julii-cory,tiger-barb,False,False,/compatibility/julii-cory/,/compatibility/tiger-barb/,Ensure both owner links
/compatibility/julii-cory-and-watchman-goby/,julii-cory,watchman-goby,False,False,/compatibility/julii-cory/,/compatibility/watchman-goby/,Ensure both owner links
/compatibility/julii-cory-and-weather-loach/,julii-cory,weather-loach,False,False,/compatibility/julii-cory/,/compatibility/weather-loach/,Ensure both owner links
/compatibility/julii-cory-and-x-ray-tetra/,julii-cory,x-ray-tetra,False,False,/compatibility/julii-cory/,/compatibility/x-ray-tetra/,Ensure both owner links
/compatibility/julii-cory-and-yellow-tang/,julii-cory,yellow-tang,False,False,/compatibility/julii-cory/,/compatibility/yellow-tang/,Ensure both owner links
/compatibility/julii-cory-and-yoyo-loach/,julii-cory,yoyo-loach,False,False,/compatibility/julii-cory/,/compatibility/yoyo-loach/,Ensure both owner links
/compatibility/julii-cory-and-zebra-danio/,julii-cory,zebra-danio,False,False,/compatibility/julii-cory/,/compatibility/zebra-danio/,Ensure both owner links
/compatibility/julii-cory-and-zebra-loach/,julii-cory,zebra-loach,False,False,/compatibility/julii-cory/,/compatibility/zebra-loach/,Ensure both owner links
/compatibility/julii-cory-and-zebra-pleco/,julii-cory,zebra-pleco,False,False,/compatibility/julii-cory/,/compatibility/zebra-pleco/,Ensure both owner links
/compatibility/keyhole-cichlid-and-koi/,keyhole-cichlid,koi,False,False,/compatibility/keyhole-cichlid/,/guides/koi-fish-care/tank-mates/,Ensure both owner links
/compatibility/keyhole-cichlid-and-kuhli-loach/,keyhole-cichlid,kuhli-loach,False,False,/compatibility/keyhole-cichlid/,/compatibility/kuhli-loach/,Ensure both owner links
/compatibility/keyhole-cichlid-and-lemon-tetra/,keyhole-cichlid,lemon-tetra,False,False,/compatibility/keyhole-cichlid/,/compatibility/lemon-tetra/,Ensure both owner links
/compatibility/keyhole-cichlid-and-lionfish/,keyhole-cichlid,lionfish,False,False,/compatibility/keyhole-cichlid/,/compatibility/lionfish/,Ensure both owner links
/compatibility/keyhole-cichlid-and-molly/,keyhole-cichlid,molly,False,False,/compatibility/keyhole-cichlid/,/compatibility/molly/,Ensure both owner links
/compatibility/keyhole-cichlid-and-moonlight-gourami/,keyhole-cichlid,moonlight-gourami,False,False,/compatibility/keyhole-cichlid/,/compatibility/moonlight-gourami/,Ensure both owner links
/compatibility/keyhole-cichlid-and-mystery-snail/,keyhole-cichlid,mystery-snail,False,False,/compatibility/keyhole-cichlid/,/compatibility/mystery-snail/,Ensure both owner links
/compatibility/keyhole-cichlid-and-neon-rainbowfish/,keyhole-cichlid,neon-rainbowfish,False,False,/compatibility/keyhole-cichlid/,/compatibility/neon-rainbowfish/,Ensure both owner links
/compatibility/keyhole-cichlid-and-neon-tetra/,keyhole-cichlid,neon-tetra,False,False,/compatibility/keyhole-cichlid/,/compatibility/neon-tetra/,Ensure both owner links
/compatibility/keyhole-cichlid-and-nerite-snail/,keyhole-cichlid,nerite-snail,False,False,/compatibility/keyhole-cichlid/,/compatibility/nerite-snail/,Ensure both owner links
/compatibility/keyhole-cichlid-and-oscar/,keyhole-cichlid,oscar,False,False,/compatibility/keyhole-cichlid/,/guides/oscar-fish-care/tank-mates/,Ensure both owner links
/compatibility/keyhole-cichlid-and-otocinclus/,keyhole-cichlid,otocinclus,False,False,/compatibility/keyhole-cichlid/,/compatibility/otocinclus/,Ensure both owner links
/compatibility/keyhole-cichlid-and-pajama-cardinalfish/,keyhole-cichlid,pajama-cardinalfish,False,False,/compatibility/keyhole-cichlid/,/compatibility/pajama-cardinalfish/,Ensure both owner links
/compatibility/keyhole-cichlid-and-panda-cory/,keyhole-cichlid,panda-cory,False,False,/compatibility/keyhole-cichlid/,/compatibility/panda-cory/,Ensure both owner links
/compatibility/keyhole-cichlid-and-pea-puffer/,keyhole-cichlid,pea-puffer,False,False,/compatibility/keyhole-cichlid/,/compatibility/pea-puffer/,Ensure both owner links
/compatibility/keyhole-cichlid-and-peacock-cichlid/,keyhole-cichlid,peacock-cichlid,False,False,/compatibility/keyhole-cichlid/,/compatibility/peacock-cichlid/,Ensure both owner links
/compatibility/keyhole-cichlid-and-pearl-danio/,keyhole-cichlid,pearl-danio,False,False,/compatibility/keyhole-cichlid/,/compatibility/pearl-danio/,Ensure both owner links
/compatibility/keyhole-cichlid-and-peppered-cory/,keyhole-cichlid,peppered-cory,False,False,/compatibility/keyhole-cichlid/,/compatibility/peppered-cory/,Ensure both owner links
/compatibility/keyhole-cichlid-and-percula-clownfish/,keyhole-cichlid,percula-clownfish,False,False,/compatibility/keyhole-cichlid/,/compatibility/percula-clownfish/,Ensure both owner links
/compatibility/keyhole-cichlid-and-platy/,keyhole-cichlid,platy,False,False,/compatibility/keyhole-cichlid/,/compatibility/platy/,Ensure both owner links
/compatibility/keyhole-cichlid-and-pygmy-corydoras/,keyhole-cichlid,pygmy-corydoras,False,False,/compatibility/keyhole-cichlid/,/compatibility/pygmy-corydoras/,Ensure both owner links
/compatibility/keyhole-cichlid-and-rainbow-shark/,keyhole-cichlid,rainbow-shark,False,False,/compatibility/keyhole-cichlid/,/compatibility/rainbow-shark/,Ensure both owner links
/compatibility/keyhole-cichlid-and-red-eye-tetra/,keyhole-cichlid,red-eye-tetra,False,False,/compatibility/keyhole-cichlid/,/compatibility/red-eye-tetra/,Ensure both owner links
/compatibility/keyhole-cichlid-and-rosy-barb/,keyhole-cichlid,rosy-barb,False,False,/compatibility/keyhole-cichlid/,/compatibility/rosy-barb/,Ensure both owner links
/compatibility/keyhole-cichlid-and-royal-gramma/,keyhole-cichlid,royal-gramma,False,False,/compatibility/keyhole-cichlid/,/compatibility/royal-gramma/,Ensure both owner links
/compatibility/keyhole-cichlid-and-senegal-bichir/,keyhole-cichlid,senegal-bichir,False,False,/compatibility/keyhole-cichlid/,/compatibility/senegal-bichir/,Ensure both owner links
/compatibility/keyhole-cichlid-and-serpae-tetra/,keyhole-cichlid,serpae-tetra,False,False,/compatibility/keyhole-cichlid/,/compatibility/serpae-tetra/,Ensure both owner links
/compatibility/keyhole-cichlid-and-severum-cichlid/,keyhole-cichlid,severum-cichlid,False,False,/compatibility/keyhole-cichlid/,/compatibility/severum-cichlid/,Ensure both owner links
/compatibility/keyhole-cichlid-and-silver-arowana/,keyhole-cichlid,silver-arowana,False,False,/compatibility/keyhole-cichlid/,/compatibility/silver-arowana/,Ensure both owner links
/compatibility/keyhole-cichlid-and-silver-dollar/,keyhole-cichlid,silver-dollar,False,False,/compatibility/keyhole-cichlid/,/compatibility/silver-dollar/,Ensure both owner links
/compatibility/keyhole-cichlid-and-sparkling-gourami/,keyhole-cichlid,sparkling-gourami,False,False,/compatibility/keyhole-cichlid/,/compatibility/sparkling-gourami/,Ensure both owner links
/compatibility/keyhole-cichlid-and-sterbai-cory/,keyhole-cichlid,sterbai-cory,False,False,/compatibility/keyhole-cichlid/,/compatibility/sterbai-cory/,Ensure both owner links
/compatibility/keyhole-cichlid-and-swordtail/,keyhole-cichlid,swordtail,False,False,/compatibility/keyhole-cichlid/,/compatibility/swordtail/,Ensure both owner links
/compatibility/keyhole-cichlid-and-texas-cichlid/,keyhole-cichlid,texas-cichlid,False,False,/compatibility/keyhole-cichlid/,/compatibility/texas-cichlid/,Ensure both owner links
/compatibility/keyhole-cichlid-and-threadfin-rainbowfish/,keyhole-cichlid,threadfin-rainbowfish,False,False,/compatibility/keyhole-cichlid/,/compatibility/threadfin-rainbowfish/,Ensure both owner links
/compatibility/keyhole-cichlid-and-three-spot-gourami/,keyhole-cichlid,three-spot-gourami,False,False,/compatibility/keyhole-cichlid/,/compatibility/three-spot-gourami/,Ensure both owner links
/compatibility/keyhole-cichlid-and-tiger-barb/,keyhole-cichlid,tiger-barb,False,False,/compatibility/keyhole-cichlid/,/compatibility/tiger-barb/,Ensure both owner links
/compatibility/keyhole-cichlid-and-watchman-goby/,keyhole-cichlid,watchman-goby,False,False,/compatibility/keyhole-cichlid/,/compatibility/watchman-goby/,Ensure both owner links
/compatibility/keyhole-cichlid-and-weather-loach/,keyhole-cichlid,weather-loach,False,False,/compatibility/keyhole-cichlid/,/compatibility/weather-loach/,Ensure both owner links
/compatibility/keyhole-cichlid-and-x-ray-tetra/,keyhole-cichlid,x-ray-tetra,False,False,/compatibility/keyhole-cichlid/,/compatibility/x-ray-tetra/,Ensure both owner links
/compatibility/keyhole-cichlid-and-yellow-tang/,keyhole-cichlid,yellow-tang,False,False,/compatibility/keyhole-cichlid/,/compatibility/yellow-tang/,Ensure both owner links
/compatibility/keyhole-cichlid-and-yoyo-loach/,keyhole-cichlid,yoyo-loach,False,False,/compatibility/keyhole-cichlid/,/compatibility/yoyo-loach/,Ensure both owner links
/compatibility/keyhole-cichlid-and-zebra-danio/,keyhole-cichlid,zebra-danio,False,False,/compatibility/keyhole-cichlid/,/compatibility/zebra-danio/,Ensure both owner links
/compatibility/keyhole-cichlid-and-zebra-loach/,keyhole-cichlid,zebra-loach,False,False,/compatibility/keyhole-cichlid/,/compatibility/zebra-loach/,Ensure both owner links
/compatibility/keyhole-cichlid-and-zebra-pleco/,keyhole-cichlid,zebra-pleco,False,False,/compatibility/keyhole-cichlid/,/compatibility/zebra-pleco/,Ensure both owner links
/compatibility/koi-and-kuhli-loach/,koi,kuhli-loach,False,False,/guides/koi-fish-care/tank-mates/,/compatibility/kuhli-loach/,Ensure both owner links
/compatibility/koi-and-lemon-tetra/,koi,lemon-tetra,False,False,/guides/koi-fish-care/tank-mates/,/compatibility/lemon-tetra/,Ensure both owner links
/compatibility/koi-and-lionfish/,koi,lionfish,False,False,/guides/koi-fish-care/tank-mates/,/compatibility/lionfish/,Ensure both owner links
/compatibility/koi-and-molly/,koi,molly,False,False,/guides/koi-fish-care/tank-mates/,/compatibility/molly/,Ensure both owner links
/compatibility/koi-and-moonlight-gourami/,koi,moonlight-gourami,False,False,/guides/koi-fish-care/tank-mates/,/compatibility/moonlight-gourami/,Ensure both owner links
/compatibility/koi-and-mystery-snail/,koi,mystery-snail,False,False,/guides/koi-fish-care/tank-mates/,/compatibility/mystery-snail/,Ensure both owner links
/compatibility/koi-and-neon-rainbowfish/,koi,neon-rainbowfish,False,False,/guides/koi-fish-care/tank-mates/,/compatibility/neon-rainbowfish/,Ensure both owner links
/compatibility/koi-and-neon-tetra/,koi,neon-tetra,False,False,/guides/koi-fish-care/tank-mates/,/compatibility/neon-tetra/,Ensure both owner links
/compatibility/koi-and-nerite-snail/,koi,nerite-snail,False,False,/guides/koi-fish-care/tank-mates/,/compatibility/nerite-snail/,Ensure both owner links
/compatibility/koi-and-oscar/,koi,oscar,False,False,/guides/koi-fish-care/tank-mates/,/guides/oscar-fish-care/tank-mates/,Ensure both owner links
/compatibility/koi-and-otocinclus/,koi,otocinclus,False,False,/guides/koi-fish-care/tank-mates/,/compatibility/otocinclus/,Ensure both owner links
/compatibility/koi-and-pajama-cardinalfish/,koi,pajama-cardinalfish,False,False,/guides/koi-fish-care/tank-mates/,/compatibility/pajama-cardinalfish/,Ensure both owner links
/compatibility/koi-and-panda-cory/,koi,panda-cory,False,False,/guides/koi-fish-care/tank-mates/,/compatibility/panda-cory/,Ensure both owner links
/compatibility/koi-and-pea-puffer/,koi,pea-puffer,False,False,/guides/koi-fish-care/tank-mates/,/compatibility/pea-puffer/,Ensure both owner links
/compatibility/koi-and-peacock-cichlid/,koi,peacock-cichlid,False,False,/guides/koi-fish-care/tank-mates/,/compatibility/peacock-cichlid/,Ensure both owner links
/compatibility/koi-and-pearl-danio/,koi,pearl-danio,False,False,/guides/koi-fish-care/tank-mates/,/compatibility/pearl-danio/,Ensure both owner links
/compatibility/koi-and-peppered-cory/,koi,peppered-cory,False,False,/guides/koi-fish-care/tank-mates/,/compatibility/peppered-cory/,Ensure both owner links
/compatibility/koi-and-percula-clownfish/,koi,percula-clownfish,False,False,/guides/koi-fish-care/tank-mates/,/compatibility/percula-clownfish/,Ensure both owner links
/compatibility/koi-and-platy/,koi,platy,False,False,/guides/koi-fish-care/tank-mates/,/compatibility/platy/,Ensure both owner links
/compatibility/koi-and-pleco/,koi,pleco,False,False,/guides/koi-fish-care/tank-mates/,,Add both owner links; missing species needs editorial decision
/compatibility/koi-and-pygmy-corydoras/,koi,pygmy-corydoras,False,False,/guides/koi-fish-care/tank-mates/,/compatibility/pygmy-corydoras/,Ensure both owner links
/compatibility/koi-and-rainbow-shark/,koi,rainbow-shark,False,False,/guides/koi-fish-care/tank-mates/,/compatibility/rainbow-shark/,Ensure both owner links
/compatibility/koi-and-red-eye-tetra/,koi,red-eye-tetra,False,False,/guides/koi-fish-care/tank-mates/,/compatibility/red-eye-tetra/,Ensure both owner links
/compatibility/koi-and-rosy-barb/,koi,rosy-barb,False,False,/guides/koi-fish-care/tank-mates/,/compatibility/rosy-barb/,Ensure both owner links
/compatibility/koi-and-royal-gramma/,koi,royal-gramma,False,False,/guides/koi-fish-care/tank-mates/,/compatibility/royal-gramma/,Ensure both owner links
/compatibility/koi-and-senegal-bichir/,koi,senegal-bichir,False,False,/guides/koi-fish-care/tank-mates/,/compatibility/senegal-bichir/,Ensure both owner links
/compatibility/koi-and-serpae-tetra/,koi,serpae-tetra,False,False,/guides/koi-fish-care/tank-mates/,/compatibility/serpae-tetra/,Ensure both owner links
/compatibility/koi-and-severum-cichlid/,koi,severum-cichlid,False,False,/guides/koi-fish-care/tank-mates/,/compatibility/severum-cichlid/,Ensure both owner links
/compatibility/koi-and-silver-arowana/,koi,silver-arowana,False,False,/guides/koi-fish-care/tank-mates/,/compatibility/silver-arowana/,Ensure both owner links
/compatibility/koi-and-silver-dollar/,koi,silver-dollar,False,False,/guides/koi-fish-care/tank-mates/,/compatibility/silver-dollar/,Ensure both owner links
/compatibility/koi-and-sparkling-gourami/,koi,sparkling-gourami,False,False,/guides/koi-fish-care/tank-mates/,/compatibility/sparkling-gourami/,Ensure both owner links
/compatibility/koi-and-sterbai-cory/,koi,sterbai-cory,False,False,/guides/koi-fish-care/tank-mates/,/compatibility/sterbai-cory/,Ensure both owner links
/compatibility/koi-and-swordtail/,koi,swordtail,False,False,/guides/koi-fish-care/tank-mates/,/compatibility/swordtail/,Ensure both owner links
/compatibility/koi-and-texas-cichlid/,koi,texas-cichlid,False,False,/guides/koi-fish-care/tank-mates/,/compatibility/texas-cichlid/,Ensure both owner links
/compatibility/koi-and-threadfin-rainbowfish/,koi,threadfin-rainbowfish,False,False,/guides/koi-fish-care/tank-mates/,/compatibility/threadfin-rainbowfish/,Ensure both owner links
/compatibility/koi-and-three-spot-gourami/,koi,three-spot-gourami,False,False,/guides/koi-fish-care/tank-mates/,/compatibility/three-spot-gourami/,Ensure both owner links
/compatibility/koi-and-tiger-barb/,koi,tiger-barb,False,False,/guides/koi-fish-care/tank-mates/,/compatibility/tiger-barb/,Ensure both owner links
/compatibility/koi-and-turtles/,koi,turtles,False,False,/guides/koi-fish-care/tank-mates/,,Add both owner links; missing species needs editorial decision
/compatibility/koi-and-watchman-goby/,koi,watchman-goby,False,False,/guides/koi-fish-care/tank-mates/,/compatibility/watchman-goby/,Ensure both owner links
/compatibility/koi-and-weather-loach/,koi,weather-loach,False,False,/guides/koi-fish-care/tank-mates/,/compatibility/weather-loach/,Ensure both owner links
/compatibility/koi-and-x-ray-tetra/,koi,x-ray-tetra,False,False,/guides/koi-fish-care/tank-mates/,/compatibility/x-ray-tetra/,Ensure both owner links
/compatibility/koi-and-yellow-tang/,koi,yellow-tang,False,False,/guides/koi-fish-care/tank-mates/,/compatibility/yellow-tang/,Ensure both owner links
/compatibility/koi-and-yoyo-loach/,koi,yoyo-loach,False,False,/guides/koi-fish-care/tank-mates/,/compatibility/yoyo-loach/,Ensure both owner links
/compatibility/koi-and-zebra-danio/,koi,zebra-danio,False,False,/guides/koi-fish-care/tank-mates/,/compatibility/zebra-danio/,Ensure both owner links
/compatibility/koi-and-zebra-loach/,koi,zebra-loach,False,False,/guides/koi-fish-care/tank-mates/,/compatibility/zebra-loach/,Ensure both owner links
/compatibility/koi-and-zebra-pleco/,koi,zebra-pleco,False,False,/guides/koi-fish-care/tank-mates/,/compatibility/zebra-pleco/,Ensure both owner links
/compatibility/kuhli-loach-and-lemon-tetra/,kuhli-loach,lemon-tetra,False,False,/compatibility/kuhli-loach/,/compatibility/lemon-tetra/,Ensure both owner links
/compatibility/kuhli-loach-and-lionfish/,kuhli-loach,lionfish,False,False,/compatibility/kuhli-loach/,/compatibility/lionfish/,Ensure both owner links
/compatibility/kuhli-loach-and-molly/,kuhli-loach,molly,False,False,/compatibility/kuhli-loach/,/compatibility/molly/,Ensure both owner links
/compatibility/kuhli-loach-and-moonlight-gourami/,kuhli-loach,moonlight-gourami,False,False,/compatibility/kuhli-loach/,/compatibility/moonlight-gourami/,Ensure both owner links
/compatibility/kuhli-loach-and-mystery-snail/,kuhli-loach,mystery-snail,False,False,/compatibility/kuhli-loach/,/compatibility/mystery-snail/,Ensure both owner links
/compatibility/kuhli-loach-and-neon-rainbowfish/,kuhli-loach,neon-rainbowfish,False,False,/compatibility/kuhli-loach/,/compatibility/neon-rainbowfish/,Ensure both owner links
/compatibility/kuhli-loach-and-neon-tetra/,kuhli-loach,neon-tetra,False,False,/compatibility/kuhli-loach/,/compatibility/neon-tetra/,Ensure both owner links
/compatibility/kuhli-loach-and-nerite-snail/,kuhli-loach,nerite-snail,False,False,/compatibility/kuhli-loach/,/compatibility/nerite-snail/,Ensure both owner links
/compatibility/kuhli-loach-and-oscar/,kuhli-loach,oscar,False,False,/compatibility/kuhli-loach/,/guides/oscar-fish-care/tank-mates/,Ensure both owner links
/compatibility/kuhli-loach-and-otocinclus/,kuhli-loach,otocinclus,False,False,/compatibility/kuhli-loach/,/compatibility/otocinclus/,Ensure both owner links
/compatibility/kuhli-loach-and-pajama-cardinalfish/,kuhli-loach,pajama-cardinalfish,False,False,/compatibility/kuhli-loach/,/compatibility/pajama-cardinalfish/,Ensure both owner links
/compatibility/kuhli-loach-and-panda-cory/,kuhli-loach,panda-cory,False,False,/compatibility/kuhli-loach/,/compatibility/panda-cory/,Ensure both owner links
/compatibility/kuhli-loach-and-pea-puffer/,kuhli-loach,pea-puffer,False,False,/compatibility/kuhli-loach/,/compatibility/pea-puffer/,Ensure both owner links
/compatibility/kuhli-loach-and-peacock-cichlid/,kuhli-loach,peacock-cichlid,False,False,/compatibility/kuhli-loach/,/compatibility/peacock-cichlid/,Ensure both owner links
/compatibility/kuhli-loach-and-pearl-danio/,kuhli-loach,pearl-danio,False,False,/compatibility/kuhli-loach/,/compatibility/pearl-danio/,Ensure both owner links
/compatibility/kuhli-loach-and-peppered-cory/,kuhli-loach,peppered-cory,False,False,/compatibility/kuhli-loach/,/compatibility/peppered-cory/,Ensure both owner links
/compatibility/kuhli-loach-and-percula-clownfish/,kuhli-loach,percula-clownfish,False,False,/compatibility/kuhli-loach/,/compatibility/percula-clownfish/,Ensure both owner links
/compatibility/kuhli-loach-and-platy/,kuhli-loach,platy,False,False,/compatibility/kuhli-loach/,/compatibility/platy/,Ensure both owner links
/compatibility/kuhli-loach-and-pygmy-corydoras/,kuhli-loach,pygmy-corydoras,False,False,/compatibility/kuhli-loach/,/compatibility/pygmy-corydoras/,Ensure both owner links
/compatibility/kuhli-loach-and-rainbow-shark/,kuhli-loach,rainbow-shark,False,False,/compatibility/kuhli-loach/,/compatibility/rainbow-shark/,Ensure both owner links
/compatibility/kuhli-loach-and-red-eye-tetra/,kuhli-loach,red-eye-tetra,False,False,/compatibility/kuhli-loach/,/compatibility/red-eye-tetra/,Ensure both owner links
/compatibility/kuhli-loach-and-rosy-barb/,kuhli-loach,rosy-barb,False,False,/compatibility/kuhli-loach/,/compatibility/rosy-barb/,Ensure both owner links
/compatibility/kuhli-loach-and-royal-gramma/,kuhli-loach,royal-gramma,False,False,/compatibility/kuhli-loach/,/compatibility/royal-gramma/,Ensure both owner links
/compatibility/kuhli-loach-and-senegal-bichir/,kuhli-loach,senegal-bichir,False,False,/compatibility/kuhli-loach/,/compatibility/senegal-bichir/,Ensure both owner links
/compatibility/kuhli-loach-and-serpae-tetra/,kuhli-loach,serpae-tetra,False,False,/compatibility/kuhli-loach/,/compatibility/serpae-tetra/,Ensure both owner links
/compatibility/kuhli-loach-and-severum-cichlid/,kuhli-loach,severum-cichlid,False,False,/compatibility/kuhli-loach/,/compatibility/severum-cichlid/,Ensure both owner links
/compatibility/kuhli-loach-and-silver-arowana/,kuhli-loach,silver-arowana,False,False,/compatibility/kuhli-loach/,/compatibility/silver-arowana/,Ensure both owner links
/compatibility/kuhli-loach-and-silver-dollar/,kuhli-loach,silver-dollar,False,False,/compatibility/kuhli-loach/,/compatibility/silver-dollar/,Ensure both owner links
/compatibility/kuhli-loach-and-sparkling-gourami/,kuhli-loach,sparkling-gourami,False,False,/compatibility/kuhli-loach/,/compatibility/sparkling-gourami/,Ensure both owner links
/compatibility/kuhli-loach-and-sterbai-cory/,kuhli-loach,sterbai-cory,False,False,/compatibility/kuhli-loach/,/compatibility/sterbai-cory/,Ensure both owner links
/compatibility/kuhli-loach-and-swordtail/,kuhli-loach,swordtail,False,False,/compatibility/kuhli-loach/,/compatibility/swordtail/,Ensure both owner links
/compatibility/kuhli-loach-and-texas-cichlid/,kuhli-loach,texas-cichlid,False,False,/compatibility/kuhli-loach/,/compatibility/texas-cichlid/,Ensure both owner links
/compatibility/kuhli-loach-and-threadfin-rainbowfish/,kuhli-loach,threadfin-rainbowfish,False,False,/compatibility/kuhli-loach/,/compatibility/threadfin-rainbowfish/,Ensure both owner links
/compatibility/kuhli-loach-and-three-spot-gourami/,kuhli-loach,three-spot-gourami,False,False,/compatibility/kuhli-loach/,/compatibility/three-spot-gourami/,Ensure both owner links
/compatibility/kuhli-loach-and-tiger-barb/,kuhli-loach,tiger-barb,False,False,/compatibility/kuhli-loach/,/compatibility/tiger-barb/,Ensure both owner links
/compatibility/kuhli-loach-and-watchman-goby/,kuhli-loach,watchman-goby,False,False,/compatibility/kuhli-loach/,/compatibility/watchman-goby/,Ensure both owner links
/compatibility/kuhli-loach-and-weather-loach/,kuhli-loach,weather-loach,False,False,/compatibility/kuhli-loach/,/compatibility/weather-loach/,Ensure both owner links
/compatibility/kuhli-loach-and-x-ray-tetra/,kuhli-loach,x-ray-tetra,False,False,/compatibility/kuhli-loach/,/compatibility/x-ray-tetra/,Ensure both owner links
/compatibility/kuhli-loach-and-yellow-tang/,kuhli-loach,yellow-tang,False,False,/compatibility/kuhli-loach/,/compatibility/yellow-tang/,Ensure both owner links
/compatibility/kuhli-loach-and-yoyo-loach/,kuhli-loach,yoyo-loach,False,False,/compatibility/kuhli-loach/,/compatibility/yoyo-loach/,Ensure both owner links
/compatibility/kuhli-loach-and-zebra-danio/,kuhli-loach,zebra-danio,False,False,/compatibility/kuhli-loach/,/compatibility/zebra-danio/,Ensure both owner links
/compatibility/kuhli-loach-and-zebra-loach/,kuhli-loach,zebra-loach,False,False,/compatibility/kuhli-loach/,/compatibility/zebra-loach/,Ensure both owner links
/compatibility/kuhli-loach-and-zebra-pleco/,kuhli-loach,zebra-pleco,False,False,/compatibility/kuhli-loach/,/compatibility/zebra-pleco/,Ensure both owner links
/compatibility/lemon-tetra-and-lionfish/,lemon-tetra,lionfish,False,False,/compatibility/lemon-tetra/,/compatibility/lionfish/,Ensure both owner links
/compatibility/lemon-tetra-and-molly/,lemon-tetra,molly,False,False,/compatibility/lemon-tetra/,/compatibility/molly/,Ensure both owner links
/compatibility/lemon-tetra-and-moonlight-gourami/,lemon-tetra,moonlight-gourami,False,False,/compatibility/lemon-tetra/,/compatibility/moonlight-gourami/,Ensure both owner links
/compatibility/lemon-tetra-and-mystery-snail/,lemon-tetra,mystery-snail,False,False,/compatibility/lemon-tetra/,/compatibility/mystery-snail/,Ensure both owner links
/compatibility/lemon-tetra-and-neon-rainbowfish/,lemon-tetra,neon-rainbowfish,False,False,/compatibility/lemon-tetra/,/compatibility/neon-rainbowfish/,Ensure both owner links
/compatibility/lemon-tetra-and-neon-tetra/,lemon-tetra,neon-tetra,False,False,/compatibility/lemon-tetra/,/compatibility/neon-tetra/,Ensure both owner links
/compatibility/lemon-tetra-and-nerite-snail/,lemon-tetra,nerite-snail,False,False,/compatibility/lemon-tetra/,/compatibility/nerite-snail/,Ensure both owner links
/compatibility/lemon-tetra-and-oscar/,lemon-tetra,oscar,False,False,/compatibility/lemon-tetra/,/guides/oscar-fish-care/tank-mates/,Ensure both owner links
/compatibility/lemon-tetra-and-otocinclus/,lemon-tetra,otocinclus,False,False,/compatibility/lemon-tetra/,/compatibility/otocinclus/,Ensure both owner links
/compatibility/lemon-tetra-and-pajama-cardinalfish/,lemon-tetra,pajama-cardinalfish,False,False,/compatibility/lemon-tetra/,/compatibility/pajama-cardinalfish/,Ensure both owner links
/compatibility/lemon-tetra-and-panda-cory/,lemon-tetra,panda-cory,False,False,/compatibility/lemon-tetra/,/compatibility/panda-cory/,Ensure both owner links
/compatibility/lemon-tetra-and-pea-puffer/,lemon-tetra,pea-puffer,False,False,/compatibility/lemon-tetra/,/compatibility/pea-puffer/,Ensure both owner links
/compatibility/lemon-tetra-and-peacock-cichlid/,lemon-tetra,peacock-cichlid,False,False,/compatibility/lemon-tetra/,/compatibility/peacock-cichlid/,Ensure both owner links
/compatibility/lemon-tetra-and-pearl-danio/,lemon-tetra,pearl-danio,False,False,/compatibility/lemon-tetra/,/compatibility/pearl-danio/,Ensure both owner links
/compatibility/lemon-tetra-and-peppered-cory/,lemon-tetra,peppered-cory,False,False,/compatibility/lemon-tetra/,/compatibility/peppered-cory/,Ensure both owner links
/compatibility/lemon-tetra-and-percula-clownfish/,lemon-tetra,percula-clownfish,False,False,/compatibility/lemon-tetra/,/compatibility/percula-clownfish/,Ensure both owner links
/compatibility/lemon-tetra-and-platy/,lemon-tetra,platy,False,False,/compatibility/lemon-tetra/,/compatibility/platy/,Ensure both owner links
/compatibility/lemon-tetra-and-pygmy-corydoras/,lemon-tetra,pygmy-corydoras,False,False,/compatibility/lemon-tetra/,/compatibility/pygmy-corydoras/,Ensure both owner links
/compatibility/lemon-tetra-and-rainbow-shark/,lemon-tetra,rainbow-shark,False,False,/compatibility/lemon-tetra/,/compatibility/rainbow-shark/,Ensure both owner links
/compatibility/lemon-tetra-and-red-eye-tetra/,lemon-tetra,red-eye-tetra,False,False,/compatibility/lemon-tetra/,/compatibility/red-eye-tetra/,Ensure both owner links
/compatibility/lemon-tetra-and-rosy-barb/,lemon-tetra,rosy-barb,False,False,/compatibility/lemon-tetra/,/compatibility/rosy-barb/,Ensure both owner links
/compatibility/lemon-tetra-and-royal-gramma/,lemon-tetra,royal-gramma,False,False,/compatibility/lemon-tetra/,/compatibility/royal-gramma/,Ensure both owner links
/compatibility/lemon-tetra-and-senegal-bichir/,lemon-tetra,senegal-bichir,False,False,/compatibility/lemon-tetra/,/compatibility/senegal-bichir/,Ensure both owner links
/compatibility/lemon-tetra-and-serpae-tetra/,lemon-tetra,serpae-tetra,False,False,/compatibility/lemon-tetra/,/compatibility/serpae-tetra/,Ensure both owner links
/compatibility/lemon-tetra-and-severum-cichlid/,lemon-tetra,severum-cichlid,False,False,/compatibility/lemon-tetra/,/compatibility/severum-cichlid/,Ensure both owner links
/compatibility/lemon-tetra-and-silver-arowana/,lemon-tetra,silver-arowana,False,False,/compatibility/lemon-tetra/,/compatibility/silver-arowana/,Ensure both owner links
/compatibility/lemon-tetra-and-silver-dollar/,lemon-tetra,silver-dollar,False,False,/compatibility/lemon-tetra/,/compatibility/silver-dollar/,Ensure both owner links
/compatibility/lemon-tetra-and-sparkling-gourami/,lemon-tetra,sparkling-gourami,False,False,/compatibility/lemon-tetra/,/compatibility/sparkling-gourami/,Ensure both owner links
/compatibility/lemon-tetra-and-sterbai-cory/,lemon-tetra,sterbai-cory,False,False,/compatibility/lemon-tetra/,/compatibility/sterbai-cory/,Ensure both owner links
/compatibility/lemon-tetra-and-swordtail/,lemon-tetra,swordtail,False,False,/compatibility/lemon-tetra/,/compatibility/swordtail/,Ensure both owner links
/compatibility/lemon-tetra-and-texas-cichlid/,lemon-tetra,texas-cichlid,False,False,/compatibility/lemon-tetra/,/compatibility/texas-cichlid/,Ensure both owner links
/compatibility/lemon-tetra-and-threadfin-rainbowfish/,lemon-tetra,threadfin-rainbowfish,False,False,/compatibility/lemon-tetra/,/compatibility/threadfin-rainbowfish/,Ensure both owner links
/compatibility/lemon-tetra-and-three-spot-gourami/,lemon-tetra,three-spot-gourami,False,False,/compatibility/lemon-tetra/,/compatibility/three-spot-gourami/,Ensure both owner links
/compatibility/lemon-tetra-and-tiger-barb/,lemon-tetra,tiger-barb,False,False,/compatibility/lemon-tetra/,/compatibility/tiger-barb/,Ensure both owner links
/compatibility/lemon-tetra-and-watchman-goby/,lemon-tetra,watchman-goby,False,False,/compatibility/lemon-tetra/,/compatibility/watchman-goby/,Ensure both owner links
/compatibility/lemon-tetra-and-weather-loach/,lemon-tetra,weather-loach,False,False,/compatibility/lemon-tetra/,/compatibility/weather-loach/,Ensure both owner links
/compatibility/lemon-tetra-and-x-ray-tetra/,lemon-tetra,x-ray-tetra,False,False,/compatibility/lemon-tetra/,/compatibility/x-ray-tetra/,Ensure both owner links
/compatibility/lemon-tetra-and-yellow-tang/,lemon-tetra,yellow-tang,False,False,/compatibility/lemon-tetra/,/compatibility/yellow-tang/,Ensure both owner links
/compatibility/lemon-tetra-and-yoyo-loach/,lemon-tetra,yoyo-loach,False,False,/compatibility/lemon-tetra/,/compatibility/yoyo-loach/,Ensure both owner links
/compatibility/lemon-tetra-and-zebra-danio/,lemon-tetra,zebra-danio,False,False,/compatibility/lemon-tetra/,/compatibility/zebra-danio/,Ensure both owner links
/compatibility/lemon-tetra-and-zebra-loach/,lemon-tetra,zebra-loach,False,False,/compatibility/lemon-tetra/,/compatibility/zebra-loach/,Ensure both owner links
/compatibility/lemon-tetra-and-zebra-pleco/,lemon-tetra,zebra-pleco,False,False,/compatibility/lemon-tetra/,/compatibility/zebra-pleco/,Ensure both owner links
/compatibility/lionfish-and-molly/,lionfish,molly,False,False,/compatibility/lionfish/,/compatibility/molly/,Ensure both owner links
/compatibility/lionfish-and-moonlight-gourami/,lionfish,moonlight-gourami,False,False,/compatibility/lionfish/,/compatibility/moonlight-gourami/,Ensure both owner links
/compatibility/lionfish-and-mystery-snail/,lionfish,mystery-snail,False,False,/compatibility/lionfish/,/compatibility/mystery-snail/,Ensure both owner links
/compatibility/lionfish-and-neon-rainbowfish/,lionfish,neon-rainbowfish,False,False,/compatibility/lionfish/,/compatibility/neon-rainbowfish/,Ensure both owner links
/compatibility/lionfish-and-neon-tetra/,lionfish,neon-tetra,False,False,/compatibility/lionfish/,/compatibility/neon-tetra/,Ensure both owner links
/compatibility/lionfish-and-nerite-snail/,lionfish,nerite-snail,False,False,/compatibility/lionfish/,/compatibility/nerite-snail/,Ensure both owner links
/compatibility/lionfish-and-oscar/,lionfish,oscar,False,False,/compatibility/lionfish/,/guides/oscar-fish-care/tank-mates/,Ensure both owner links
/compatibility/lionfish-and-otocinclus/,lionfish,otocinclus,False,False,/compatibility/lionfish/,/compatibility/otocinclus/,Ensure both owner links
/compatibility/lionfish-and-pajama-cardinalfish/,lionfish,pajama-cardinalfish,False,False,/compatibility/lionfish/,/compatibility/pajama-cardinalfish/,Ensure both owner links
/compatibility/lionfish-and-panda-cory/,lionfish,panda-cory,False,False,/compatibility/lionfish/,/compatibility/panda-cory/,Ensure both owner links
/compatibility/lionfish-and-pea-puffer/,lionfish,pea-puffer,False,False,/compatibility/lionfish/,/compatibility/pea-puffer/,Ensure both owner links
/compatibility/lionfish-and-peacock-cichlid/,lionfish,peacock-cichlid,False,False,/compatibility/lionfish/,/compatibility/peacock-cichlid/,Ensure both owner links
/compatibility/lionfish-and-pearl-danio/,lionfish,pearl-danio,False,False,/compatibility/lionfish/,/compatibility/pearl-danio/,Ensure both owner links
/compatibility/lionfish-and-peppered-cory/,lionfish,peppered-cory,False,False,/compatibility/lionfish/,/compatibility/peppered-cory/,Ensure both owner links
/compatibility/lionfish-and-percula-clownfish/,lionfish,percula-clownfish,False,False,/compatibility/lionfish/,/compatibility/percula-clownfish/,Ensure both owner links
/compatibility/lionfish-and-platy/,lionfish,platy,False,False,/compatibility/lionfish/,/compatibility/platy/,Ensure both owner links
/compatibility/lionfish-and-pygmy-corydoras/,lionfish,pygmy-corydoras,False,False,/compatibility/lionfish/,/compatibility/pygmy-corydoras/,Ensure both owner links
/compatibility/lionfish-and-rainbow-shark/,lionfish,rainbow-shark,False,False,/compatibility/lionfish/,/compatibility/rainbow-shark/,Ensure both owner links
/compatibility/lionfish-and-red-eye-tetra/,lionfish,red-eye-tetra,False,False,/compatibility/lionfish/,/compatibility/red-eye-tetra/,Ensure both owner links
/compatibility/lionfish-and-rosy-barb/,lionfish,rosy-barb,False,False,/compatibility/lionfish/,/compatibility/rosy-barb/,Ensure both owner links
/compatibility/lionfish-and-royal-gramma/,lionfish,royal-gramma,False,False,/compatibility/lionfish/,/compatibility/royal-gramma/,Ensure both owner links
/compatibility/lionfish-and-senegal-bichir/,lionfish,senegal-bichir,False,False,/compatibility/lionfish/,/compatibility/senegal-bichir/,Ensure both owner links
/compatibility/lionfish-and-serpae-tetra/,lionfish,serpae-tetra,False,False,/compatibility/lionfish/,/compatibility/serpae-tetra/,Ensure both owner links
/compatibility/lionfish-and-severum-cichlid/,lionfish,severum-cichlid,False,False,/compatibility/lionfish/,/compatibility/severum-cichlid/,Ensure both owner links
/compatibility/lionfish-and-silver-arowana/,lionfish,silver-arowana,False,False,/compatibility/lionfish/,/compatibility/silver-arowana/,Ensure both owner links
/compatibility/lionfish-and-silver-dollar/,lionfish,silver-dollar,False,False,/compatibility/lionfish/,/compatibility/silver-dollar/,Ensure both owner links
/compatibility/lionfish-and-sparkling-gourami/,lionfish,sparkling-gourami,False,False,/compatibility/lionfish/,/compatibility/sparkling-gourami/,Ensure both owner links
/compatibility/lionfish-and-sterbai-cory/,lionfish,sterbai-cory,False,False,/compatibility/lionfish/,/compatibility/sterbai-cory/,Ensure both owner links
/compatibility/lionfish-and-swordtail/,lionfish,swordtail,False,False,/compatibility/lionfish/,/compatibility/swordtail/,Ensure both owner links
/compatibility/lionfish-and-texas-cichlid/,lionfish,texas-cichlid,False,False,/compatibility/lionfish/,/compatibility/texas-cichlid/,Ensure both owner links
/compatibility/lionfish-and-threadfin-rainbowfish/,lionfish,threadfin-rainbowfish,False,False,/compatibility/lionfish/,/compatibility/threadfin-rainbowfish/,Ensure both owner links
/compatibility/lionfish-and-three-spot-gourami/,lionfish,three-spot-gourami,False,False,/compatibility/lionfish/,/compatibility/three-spot-gourami/,Ensure both owner links
/compatibility/lionfish-and-tiger-barb/,lionfish,tiger-barb,False,False,/compatibility/lionfish/,/compatibility/tiger-barb/,Ensure both owner links
/compatibility/lionfish-and-watchman-goby/,lionfish,watchman-goby,False,False,/compatibility/lionfish/,/compatibility/watchman-goby/,Ensure both owner links
/compatibility/lionfish-and-weather-loach/,lionfish,weather-loach,False,False,/compatibility/lionfish/,/compatibility/weather-loach/,Ensure both owner links
/compatibility/lionfish-and-x-ray-tetra/,lionfish,x-ray-tetra,False,False,/compatibility/lionfish/,/compatibility/x-ray-tetra/,Ensure both owner links
/compatibility/lionfish-and-yellow-tang/,lionfish,yellow-tang,False,False,/compatibility/lionfish/,/compatibility/yellow-tang/,Ensure both owner links
/compatibility/lionfish-and-yoyo-loach/,lionfish,yoyo-loach,False,False,/compatibility/lionfish/,/compatibility/yoyo-loach/,Ensure both owner links
/compatibility/lionfish-and-zebra-danio/,lionfish,zebra-danio,False,False,/compatibility/lionfish/,/compatibility/zebra-danio/,Ensure both owner links
/compatibility/lionfish-and-zebra-loach/,lionfish,zebra-loach,False,False,/compatibility/lionfish/,/compatibility/zebra-loach/,Ensure both owner links
/compatibility/lionfish-and-zebra-pleco/,lionfish,zebra-pleco,False,False,/compatibility/lionfish/,/compatibility/zebra-pleco/,Ensure both owner links
/compatibility/molly-and-moonlight-gourami/,molly,moonlight-gourami,False,False,/compatibility/molly/,/compatibility/moonlight-gourami/,Ensure both owner links
/compatibility/molly-and-mystery-snail/,molly,mystery-snail,False,False,/compatibility/molly/,/compatibility/mystery-snail/,Ensure both owner links
/compatibility/molly-and-neon-rainbowfish/,molly,neon-rainbowfish,False,False,/compatibility/molly/,/compatibility/neon-rainbowfish/,Ensure both owner links
/compatibility/molly-and-neon-tetra/,molly,neon-tetra,False,False,/compatibility/molly/,/compatibility/neon-tetra/,Ensure both owner links
/compatibility/molly-and-nerite-snail/,molly,nerite-snail,False,False,/compatibility/molly/,/compatibility/nerite-snail/,Ensure both owner links
/compatibility/molly-and-oscar/,molly,oscar,False,False,/compatibility/molly/,/guides/oscar-fish-care/tank-mates/,Ensure both owner links
/compatibility/molly-and-otocinclus/,molly,otocinclus,False,False,/compatibility/molly/,/compatibility/otocinclus/,Ensure both owner links
/compatibility/molly-and-pajama-cardinalfish/,molly,pajama-cardinalfish,False,False,/compatibility/molly/,/compatibility/pajama-cardinalfish/,Ensure both owner links
/compatibility/molly-and-panda-cory/,molly,panda-cory,False,False,/compatibility/molly/,/compatibility/panda-cory/,Ensure both owner links
/compatibility/molly-and-pea-puffer/,molly,pea-puffer,False,False,/compatibility/molly/,/compatibility/pea-puffer/,Ensure both owner links
/compatibility/molly-and-peacock-cichlid/,molly,peacock-cichlid,False,False,/compatibility/molly/,/compatibility/peacock-cichlid/,Ensure both owner links
/compatibility/molly-and-pearl-danio/,molly,pearl-danio,False,False,/compatibility/molly/,/compatibility/pearl-danio/,Ensure both owner links
/compatibility/molly-and-peppered-cory/,molly,peppered-cory,False,False,/compatibility/molly/,/compatibility/peppered-cory/,Ensure both owner links
/compatibility/molly-and-percula-clownfish/,molly,percula-clownfish,False,False,/compatibility/molly/,/compatibility/percula-clownfish/,Ensure both owner links
/compatibility/molly-and-platy/,molly,platy,False,False,/compatibility/molly/,/compatibility/platy/,Ensure both owner links
/compatibility/molly-and-pygmy-corydoras/,molly,pygmy-corydoras,False,False,/compatibility/molly/,/compatibility/pygmy-corydoras/,Ensure both owner links
/compatibility/molly-and-rainbow-shark/,molly,rainbow-shark,False,False,/compatibility/molly/,/compatibility/rainbow-shark/,Ensure both owner links
/compatibility/molly-and-red-eye-tetra/,molly,red-eye-tetra,False,False,/compatibility/molly/,/compatibility/red-eye-tetra/,Ensure both owner links
/compatibility/molly-and-rosy-barb/,molly,rosy-barb,False,False,/compatibility/molly/,/compatibility/rosy-barb/,Ensure both owner links
/compatibility/molly-and-royal-gramma/,molly,royal-gramma,False,False,/compatibility/molly/,/compatibility/royal-gramma/,Ensure both owner links
/compatibility/molly-and-senegal-bichir/,molly,senegal-bichir,False,False,/compatibility/molly/,/compatibility/senegal-bichir/,Ensure both owner links
/compatibility/molly-and-serpae-tetra/,molly,serpae-tetra,False,False,/compatibility/molly/,/compatibility/serpae-tetra/,Ensure both owner links
/compatibility/molly-and-severum-cichlid/,molly,severum-cichlid,False,False,/compatibility/molly/,/compatibility/severum-cichlid/,Ensure both owner links
/compatibility/molly-and-silver-arowana/,molly,silver-arowana,False,False,/compatibility/molly/,/compatibility/silver-arowana/,Ensure both owner links
/compatibility/molly-and-silver-dollar/,molly,silver-dollar,False,False,/compatibility/molly/,/compatibility/silver-dollar/,Ensure both owner links
/compatibility/molly-and-sparkling-gourami/,molly,sparkling-gourami,False,False,/compatibility/molly/,/compatibility/sparkling-gourami/,Ensure both owner links
/compatibility/molly-and-sterbai-cory/,molly,sterbai-cory,False,False,/compatibility/molly/,/compatibility/sterbai-cory/,Ensure both owner links
/compatibility/molly-and-swordtail/,molly,swordtail,False,False,/compatibility/molly/,/compatibility/swordtail/,Ensure both owner links
/compatibility/molly-and-texas-cichlid/,molly,texas-cichlid,False,False,/compatibility/molly/,/compatibility/texas-cichlid/,Ensure both owner links
/compatibility/molly-and-threadfin-rainbowfish/,molly,threadfin-rainbowfish,False,False,/compatibility/molly/,/compatibility/threadfin-rainbowfish/,Ensure both owner links
/compatibility/molly-and-three-spot-gourami/,molly,three-spot-gourami,False,False,/compatibility/molly/,/compatibility/three-spot-gourami/,Ensure both owner links
/compatibility/molly-and-tiger-barb/,molly,tiger-barb,False,False,/compatibility/molly/,/compatibility/tiger-barb/,Ensure both owner links
/compatibility/molly-and-watchman-goby/,molly,watchman-goby,False,False,/compatibility/molly/,/compatibility/watchman-goby/,Ensure both owner links
/compatibility/molly-and-weather-loach/,molly,weather-loach,False,False,/compatibility/molly/,/compatibility/weather-loach/,Ensure both owner links
/compatibility/molly-and-x-ray-tetra/,molly,x-ray-tetra,False,False,/compatibility/molly/,/compatibility/x-ray-tetra/,Ensure both owner links
/compatibility/molly-and-yellow-tang/,molly,yellow-tang,False,False,/compatibility/molly/,/compatibility/yellow-tang/,Ensure both owner links
/compatibility/molly-and-yoyo-loach/,molly,yoyo-loach,False,False,/compatibility/molly/,/compatibility/yoyo-loach/,Ensure both owner links
/compatibility/molly-and-zebra-danio/,molly,zebra-danio,False,False,/compatibility/molly/,/compatibility/zebra-danio/,Ensure both owner links
/compatibility/molly-and-zebra-loach/,molly,zebra-loach,False,False,/compatibility/molly/,/compatibility/zebra-loach/,Ensure both owner links
/compatibility/molly-and-zebra-pleco/,molly,zebra-pleco,False,False,/compatibility/molly/,/compatibility/zebra-pleco/,Ensure both owner links
/compatibility/moonlight-gourami-and-mystery-snail/,moonlight-gourami,mystery-snail,False,False,/compatibility/moonlight-gourami/,/compatibility/mystery-snail/,Ensure both owner links
/compatibility/moonlight-gourami-and-neon-rainbowfish/,moonlight-gourami,neon-rainbowfish,False,False,/compatibility/moonlight-gourami/,/compatibility/neon-rainbowfish/,Ensure both owner links
/compatibility/moonlight-gourami-and-neon-tetra/,moonlight-gourami,neon-tetra,False,False,/compatibility/moonlight-gourami/,/compatibility/neon-tetra/,Ensure both owner links
/compatibility/moonlight-gourami-and-nerite-snail/,moonlight-gourami,nerite-snail,False,False,/compatibility/moonlight-gourami/,/compatibility/nerite-snail/,Ensure both owner links
/compatibility/moonlight-gourami-and-oscar/,moonlight-gourami,oscar,False,False,/compatibility/moonlight-gourami/,/guides/oscar-fish-care/tank-mates/,Ensure both owner links
/compatibility/moonlight-gourami-and-otocinclus/,moonlight-gourami,otocinclus,False,False,/compatibility/moonlight-gourami/,/compatibility/otocinclus/,Ensure both owner links
/compatibility/moonlight-gourami-and-pajama-cardinalfish/,moonlight-gourami,pajama-cardinalfish,False,False,/compatibility/moonlight-gourami/,/compatibility/pajama-cardinalfish/,Ensure both owner links
/compatibility/moonlight-gourami-and-panda-cory/,moonlight-gourami,panda-cory,False,False,/compatibility/moonlight-gourami/,/compatibility/panda-cory/,Ensure both owner links
/compatibility/moonlight-gourami-and-pea-puffer/,moonlight-gourami,pea-puffer,False,False,/compatibility/moonlight-gourami/,/compatibility/pea-puffer/,Ensure both owner links
/compatibility/moonlight-gourami-and-peacock-cichlid/,moonlight-gourami,peacock-cichlid,False,False,/compatibility/moonlight-gourami/,/compatibility/peacock-cichlid/,Ensure both owner links
/compatibility/moonlight-gourami-and-pearl-danio/,moonlight-gourami,pearl-danio,False,False,/compatibility/moonlight-gourami/,/compatibility/pearl-danio/,Ensure both owner links
/compatibility/moonlight-gourami-and-peppered-cory/,moonlight-gourami,peppered-cory,False,False,/compatibility/moonlight-gourami/,/compatibility/peppered-cory/,Ensure both owner links
/compatibility/moonlight-gourami-and-percula-clownfish/,moonlight-gourami,percula-clownfish,False,False,/compatibility/moonlight-gourami/,/compatibility/percula-clownfish/,Ensure both owner links
/compatibility/moonlight-gourami-and-platy/,moonlight-gourami,platy,False,False,/compatibility/moonlight-gourami/,/compatibility/platy/,Ensure both owner links
/compatibility/moonlight-gourami-and-pygmy-corydoras/,moonlight-gourami,pygmy-corydoras,False,False,/compatibility/moonlight-gourami/,/compatibility/pygmy-corydoras/,Ensure both owner links
/compatibility/moonlight-gourami-and-rainbow-shark/,moonlight-gourami,rainbow-shark,False,False,/compatibility/moonlight-gourami/,/compatibility/rainbow-shark/,Ensure both owner links
/compatibility/moonlight-gourami-and-red-eye-tetra/,moonlight-gourami,red-eye-tetra,False,False,/compatibility/moonlight-gourami/,/compatibility/red-eye-tetra/,Ensure both owner links
/compatibility/moonlight-gourami-and-rosy-barb/,moonlight-gourami,rosy-barb,False,False,/compatibility/moonlight-gourami/,/compatibility/rosy-barb/,Ensure both owner links
/compatibility/moonlight-gourami-and-royal-gramma/,moonlight-gourami,royal-gramma,False,False,/compatibility/moonlight-gourami/,/compatibility/royal-gramma/,Ensure both owner links
/compatibility/moonlight-gourami-and-senegal-bichir/,moonlight-gourami,senegal-bichir,False,False,/compatibility/moonlight-gourami/,/compatibility/senegal-bichir/,Ensure both owner links
/compatibility/moonlight-gourami-and-serpae-tetra/,moonlight-gourami,serpae-tetra,False,False,/compatibility/moonlight-gourami/,/compatibility/serpae-tetra/,Ensure both owner links
/compatibility/moonlight-gourami-and-severum-cichlid/,moonlight-gourami,severum-cichlid,False,False,/compatibility/moonlight-gourami/,/compatibility/severum-cichlid/,Ensure both owner links
/compatibility/moonlight-gourami-and-silver-arowana/,moonlight-gourami,silver-arowana,False,False,/compatibility/moonlight-gourami/,/compatibility/silver-arowana/,Ensure both owner links
/compatibility/moonlight-gourami-and-silver-dollar/,moonlight-gourami,silver-dollar,False,False,/compatibility/moonlight-gourami/,/compatibility/silver-dollar/,Ensure both owner links
/compatibility/moonlight-gourami-and-sparkling-gourami/,moonlight-gourami,sparkling-gourami,False,False,/compatibility/moonlight-gourami/,/compatibility/sparkling-gourami/,Ensure both owner links
/compatibility/moonlight-gourami-and-sterbai-cory/,moonlight-gourami,sterbai-cory,False,False,/compatibility/moonlight-gourami/,/compatibility/sterbai-cory/,Ensure both owner links
/compatibility/moonlight-gourami-and-swordtail/,moonlight-gourami,swordtail,False,False,/compatibility/moonlight-gourami/,/compatibility/swordtail/,Ensure both owner links
/compatibility/moonlight-gourami-and-texas-cichlid/,moonlight-gourami,texas-cichlid,False,False,/compatibility/moonlight-gourami/,/compatibility/texas-cichlid/,Ensure both owner links
/compatibility/moonlight-gourami-and-threadfin-rainbowfish/,moonlight-gourami,threadfin-rainbowfish,False,False,/compatibility/moonlight-gourami/,/compatibility/threadfin-rainbowfish/,Ensure both owner links
/compatibility/moonlight-gourami-and-three-spot-gourami/,moonlight-gourami,three-spot-gourami,False,False,/compatibility/moonlight-gourami/,/compatibility/three-spot-gourami/,Ensure both owner links
/compatibility/moonlight-gourami-and-tiger-barb/,moonlight-gourami,tiger-barb,False,False,/compatibility/moonlight-gourami/,/compatibility/tiger-barb/,Ensure both owner links
/compatibility/moonlight-gourami-and-watchman-goby/,moonlight-gourami,watchman-goby,False,False,/compatibility/moonlight-gourami/,/compatibility/watchman-goby/,Ensure both owner links
/compatibility/moonlight-gourami-and-weather-loach/,moonlight-gourami,weather-loach,False,False,/compatibility/moonlight-gourami/,/compatibility/weather-loach/,Ensure both owner links
/compatibility/moonlight-gourami-and-x-ray-tetra/,moonlight-gourami,x-ray-tetra,False,False,/compatibility/moonlight-gourami/,/compatibility/x-ray-tetra/,Ensure both owner links
/compatibility/moonlight-gourami-and-yellow-tang/,moonlight-gourami,yellow-tang,False,False,/compatibility/moonlight-gourami/,/compatibility/yellow-tang/,Ensure both owner links
/compatibility/moonlight-gourami-and-yoyo-loach/,moonlight-gourami,yoyo-loach,False,False,/compatibility/moonlight-gourami/,/compatibility/yoyo-loach/,Ensure both owner links
/compatibility/moonlight-gourami-and-zebra-danio/,moonlight-gourami,zebra-danio,False,False,/compatibility/moonlight-gourami/,/compatibility/zebra-danio/,Ensure both owner links
/compatibility/moonlight-gourami-and-zebra-loach/,moonlight-gourami,zebra-loach,False,False,/compatibility/moonlight-gourami/,/compatibility/zebra-loach/,Ensure both owner links
/compatibility/moonlight-gourami-and-zebra-pleco/,moonlight-gourami,zebra-pleco,False,False,/compatibility/moonlight-gourami/,/compatibility/zebra-pleco/,Ensure both owner links
/compatibility/mystery-snail-and-neon-rainbowfish/,mystery-snail,neon-rainbowfish,False,False,/compatibility/mystery-snail/,/compatibility/neon-rainbowfish/,Ensure both owner links
/compatibility/mystery-snail-and-neon-tetra/,mystery-snail,neon-tetra,False,False,/compatibility/mystery-snail/,/compatibility/neon-tetra/,Ensure both owner links
/compatibility/mystery-snail-and-nerite-snail/,mystery-snail,nerite-snail,False,False,/compatibility/mystery-snail/,/compatibility/nerite-snail/,Ensure both owner links
/compatibility/mystery-snail-and-oscar/,mystery-snail,oscar,False,False,/compatibility/mystery-snail/,/guides/oscar-fish-care/tank-mates/,Ensure both owner links
/compatibility/mystery-snail-and-otocinclus/,mystery-snail,otocinclus,False,False,/compatibility/mystery-snail/,/compatibility/otocinclus/,Ensure both owner links
/compatibility/mystery-snail-and-pajama-cardinalfish/,mystery-snail,pajama-cardinalfish,False,False,/compatibility/mystery-snail/,/compatibility/pajama-cardinalfish/,Ensure both owner links
/compatibility/mystery-snail-and-panda-cory/,mystery-snail,panda-cory,False,False,/compatibility/mystery-snail/,/compatibility/panda-cory/,Ensure both owner links
/compatibility/mystery-snail-and-pea-puffer/,mystery-snail,pea-puffer,False,False,/compatibility/mystery-snail/,/compatibility/pea-puffer/,Ensure both owner links
/compatibility/mystery-snail-and-peacock-cichlid/,mystery-snail,peacock-cichlid,False,False,/compatibility/mystery-snail/,/compatibility/peacock-cichlid/,Ensure both owner links
/compatibility/mystery-snail-and-pearl-danio/,mystery-snail,pearl-danio,False,False,/compatibility/mystery-snail/,/compatibility/pearl-danio/,Ensure both owner links
/compatibility/mystery-snail-and-peppered-cory/,mystery-snail,peppered-cory,False,False,/compatibility/mystery-snail/,/compatibility/peppered-cory/,Ensure both owner links
/compatibility/mystery-snail-and-percula-clownfish/,mystery-snail,percula-clownfish,False,False,/compatibility/mystery-snail/,/compatibility/percula-clownfish/,Ensure both owner links
/compatibility/mystery-snail-and-platy/,mystery-snail,platy,False,False,/compatibility/mystery-snail/,/compatibility/platy/,Ensure both owner links
/compatibility/mystery-snail-and-pygmy-corydoras/,mystery-snail,pygmy-corydoras,False,False,/compatibility/mystery-snail/,/compatibility/pygmy-corydoras/,Ensure both owner links
/compatibility/mystery-snail-and-rainbow-shark/,mystery-snail,rainbow-shark,False,False,/compatibility/mystery-snail/,/compatibility/rainbow-shark/,Ensure both owner links
/compatibility/mystery-snail-and-red-eye-tetra/,mystery-snail,red-eye-tetra,False,False,/compatibility/mystery-snail/,/compatibility/red-eye-tetra/,Ensure both owner links
/compatibility/mystery-snail-and-rosy-barb/,mystery-snail,rosy-barb,False,False,/compatibility/mystery-snail/,/compatibility/rosy-barb/,Ensure both owner links
/compatibility/mystery-snail-and-royal-gramma/,mystery-snail,royal-gramma,False,False,/compatibility/mystery-snail/,/compatibility/royal-gramma/,Ensure both owner links
/compatibility/mystery-snail-and-senegal-bichir/,mystery-snail,senegal-bichir,False,False,/compatibility/mystery-snail/,/compatibility/senegal-bichir/,Ensure both owner links
/compatibility/mystery-snail-and-serpae-tetra/,mystery-snail,serpae-tetra,False,False,/compatibility/mystery-snail/,/compatibility/serpae-tetra/,Ensure both owner links
/compatibility/mystery-snail-and-severum-cichlid/,mystery-snail,severum-cichlid,False,False,/compatibility/mystery-snail/,/compatibility/severum-cichlid/,Ensure both owner links
/compatibility/mystery-snail-and-silver-arowana/,mystery-snail,silver-arowana,False,False,/compatibility/mystery-snail/,/compatibility/silver-arowana/,Ensure both owner links
/compatibility/mystery-snail-and-silver-dollar/,mystery-snail,silver-dollar,False,False,/compatibility/mystery-snail/,/compatibility/silver-dollar/,Ensure both owner links
/compatibility/mystery-snail-and-sparkling-gourami/,mystery-snail,sparkling-gourami,False,False,/compatibility/mystery-snail/,/compatibility/sparkling-gourami/,Ensure both owner links
/compatibility/mystery-snail-and-sterbai-cory/,mystery-snail,sterbai-cory,False,False,/compatibility/mystery-snail/,/compatibility/sterbai-cory/,Ensure both owner links
/compatibility/mystery-snail-and-swordtail/,mystery-snail,swordtail,False,False,/compatibility/mystery-snail/,/compatibility/swordtail/,Ensure both owner links
/compatibility/mystery-snail-and-texas-cichlid/,mystery-snail,texas-cichlid,False,False,/compatibility/mystery-snail/,/compatibility/texas-cichlid/,Ensure both owner links
/compatibility/mystery-snail-and-threadfin-rainbowfish/,mystery-snail,threadfin-rainbowfish,False,False,/compatibility/mystery-snail/,/compatibility/threadfin-rainbowfish/,Ensure both owner links
/compatibility/mystery-snail-and-three-spot-gourami/,mystery-snail,three-spot-gourami,False,False,/compatibility/mystery-snail/,/compatibility/three-spot-gourami/,Ensure both owner links
/compatibility/mystery-snail-and-tiger-barb/,mystery-snail,tiger-barb,False,False,/compatibility/mystery-snail/,/compatibility/tiger-barb/,Ensure both owner links
/compatibility/mystery-snail-and-watchman-goby/,mystery-snail,watchman-goby,False,False,/compatibility/mystery-snail/,/compatibility/watchman-goby/,Ensure both owner links
/compatibility/mystery-snail-and-weather-loach/,mystery-snail,weather-loach,False,False,/compatibility/mystery-snail/,/compatibility/weather-loach/,Ensure both owner links
/compatibility/mystery-snail-and-x-ray-tetra/,mystery-snail,x-ray-tetra,False,False,/compatibility/mystery-snail/,/compatibility/x-ray-tetra/,Ensure both owner links
/compatibility/mystery-snail-and-yellow-tang/,mystery-snail,yellow-tang,False,False,/compatibility/mystery-snail/,/compatibility/yellow-tang/,Ensure both owner links
/compatibility/mystery-snail-and-yoyo-loach/,mystery-snail,yoyo-loach,False,False,/compatibility/mystery-snail/,/compatibility/yoyo-loach/,Ensure both owner links
/compatibility/mystery-snail-and-zebra-danio/,mystery-snail,zebra-danio,False,False,/compatibility/mystery-snail/,/compatibility/zebra-danio/,Ensure both owner links
/compatibility/mystery-snail-and-zebra-loach/,mystery-snail,zebra-loach,False,False,/compatibility/mystery-snail/,/compatibility/zebra-loach/,Ensure both owner links
/compatibility/mystery-snail-and-zebra-pleco/,mystery-snail,zebra-pleco,False,False,/compatibility/mystery-snail/,/compatibility/zebra-pleco/,Ensure both owner links
/compatibility/neon-rainbowfish-and-neon-tetra/,neon-rainbowfish,neon-tetra,False,False,/compatibility/neon-rainbowfish/,/compatibility/neon-tetra/,Ensure both owner links
/compatibility/neon-rainbowfish-and-nerite-snail/,neon-rainbowfish,nerite-snail,False,False,/compatibility/neon-rainbowfish/,/compatibility/nerite-snail/,Ensure both owner links
/compatibility/neon-rainbowfish-and-oscar/,neon-rainbowfish,oscar,False,False,/compatibility/neon-rainbowfish/,/guides/oscar-fish-care/tank-mates/,Ensure both owner links
/compatibility/neon-rainbowfish-and-otocinclus/,neon-rainbowfish,otocinclus,False,False,/compatibility/neon-rainbowfish/,/compatibility/otocinclus/,Ensure both owner links
/compatibility/neon-rainbowfish-and-pajama-cardinalfish/,neon-rainbowfish,pajama-cardinalfish,False,False,/compatibility/neon-rainbowfish/,/compatibility/pajama-cardinalfish/,Ensure both owner links
/compatibility/neon-rainbowfish-and-panda-cory/,neon-rainbowfish,panda-cory,False,False,/compatibility/neon-rainbowfish/,/compatibility/panda-cory/,Ensure both owner links
/compatibility/neon-rainbowfish-and-pea-puffer/,neon-rainbowfish,pea-puffer,False,False,/compatibility/neon-rainbowfish/,/compatibility/pea-puffer/,Ensure both owner links
/compatibility/neon-rainbowfish-and-peacock-cichlid/,neon-rainbowfish,peacock-cichlid,False,False,/compatibility/neon-rainbowfish/,/compatibility/peacock-cichlid/,Ensure both owner links
/compatibility/neon-rainbowfish-and-pearl-danio/,neon-rainbowfish,pearl-danio,False,False,/compatibility/neon-rainbowfish/,/compatibility/pearl-danio/,Ensure both owner links
/compatibility/neon-rainbowfish-and-peppered-cory/,neon-rainbowfish,peppered-cory,False,False,/compatibility/neon-rainbowfish/,/compatibility/peppered-cory/,Ensure both owner links
/compatibility/neon-rainbowfish-and-percula-clownfish/,neon-rainbowfish,percula-clownfish,False,False,/compatibility/neon-rainbowfish/,/compatibility/percula-clownfish/,Ensure both owner links
/compatibility/neon-rainbowfish-and-platy/,neon-rainbowfish,platy,False,False,/compatibility/neon-rainbowfish/,/compatibility/platy/,Ensure both owner links
/compatibility/neon-rainbowfish-and-pygmy-corydoras/,neon-rainbowfish,pygmy-corydoras,False,False,/compatibility/neon-rainbowfish/,/compatibility/pygmy-corydoras/,Ensure both owner links
/compatibility/neon-rainbowfish-and-rainbow-shark/,neon-rainbowfish,rainbow-shark,False,False,/compatibility/neon-rainbowfish/,/compatibility/rainbow-shark/,Ensure both owner links
/compatibility/neon-rainbowfish-and-red-eye-tetra/,neon-rainbowfish,red-eye-tetra,False,False,/compatibility/neon-rainbowfish/,/compatibility/red-eye-tetra/,Ensure both owner links
/compatibility/neon-rainbowfish-and-rosy-barb/,neon-rainbowfish,rosy-barb,False,False,/compatibility/neon-rainbowfish/,/compatibility/rosy-barb/,Ensure both owner links
/compatibility/neon-rainbowfish-and-royal-gramma/,neon-rainbowfish,royal-gramma,False,False,/compatibility/neon-rainbowfish/,/compatibility/royal-gramma/,Ensure both owner links
/compatibility/neon-rainbowfish-and-senegal-bichir/,neon-rainbowfish,senegal-bichir,False,False,/compatibility/neon-rainbowfish/,/compatibility/senegal-bichir/,Ensure both owner links
/compatibility/neon-rainbowfish-and-serpae-tetra/,neon-rainbowfish,serpae-tetra,False,False,/compatibility/neon-rainbowfish/,/compatibility/serpae-tetra/,Ensure both owner links
/compatibility/neon-rainbowfish-and-severum-cichlid/,neon-rainbowfish,severum-cichlid,False,False,/compatibility/neon-rainbowfish/,/compatibility/severum-cichlid/,Ensure both owner links
/compatibility/neon-rainbowfish-and-silver-arowana/,neon-rainbowfish,silver-arowana,False,False,/compatibility/neon-rainbowfish/,/compatibility/silver-arowana/,Ensure both owner links
/compatibility/neon-rainbowfish-and-silver-dollar/,neon-rainbowfish,silver-dollar,False,False,/compatibility/neon-rainbowfish/,/compatibility/silver-dollar/,Ensure both owner links
/compatibility/neon-rainbowfish-and-sparkling-gourami/,neon-rainbowfish,sparkling-gourami,False,False,/compatibility/neon-rainbowfish/,/compatibility/sparkling-gourami/,Ensure both owner links
/compatibility/neon-rainbowfish-and-sterbai-cory/,neon-rainbowfish,sterbai-cory,False,False,/compatibility/neon-rainbowfish/,/compatibility/sterbai-cory/,Ensure both owner links
/compatibility/neon-rainbowfish-and-swordtail/,neon-rainbowfish,swordtail,False,False,/compatibility/neon-rainbowfish/,/compatibility/swordtail/,Ensure both owner links
/compatibility/neon-rainbowfish-and-texas-cichlid/,neon-rainbowfish,texas-cichlid,False,False,/compatibility/neon-rainbowfish/,/compatibility/texas-cichlid/,Ensure both owner links
/compatibility/neon-rainbowfish-and-threadfin-rainbowfish/,neon-rainbowfish,threadfin-rainbowfish,False,False,/compatibility/neon-rainbowfish/,/compatibility/threadfin-rainbowfish/,Ensure both owner links
/compatibility/neon-rainbowfish-and-three-spot-gourami/,neon-rainbowfish,three-spot-gourami,False,False,/compatibility/neon-rainbowfish/,/compatibility/three-spot-gourami/,Ensure both owner links
/compatibility/neon-rainbowfish-and-tiger-barb/,neon-rainbowfish,tiger-barb,False,False,/compatibility/neon-rainbowfish/,/compatibility/tiger-barb/,Ensure both owner links
/compatibility/neon-rainbowfish-and-watchman-goby/,neon-rainbowfish,watchman-goby,False,False,/compatibility/neon-rainbowfish/,/compatibility/watchman-goby/,Ensure both owner links
/compatibility/neon-rainbowfish-and-weather-loach/,neon-rainbowfish,weather-loach,False,False,/compatibility/neon-rainbowfish/,/compatibility/weather-loach/,Ensure both owner links
/compatibility/neon-rainbowfish-and-x-ray-tetra/,neon-rainbowfish,x-ray-tetra,False,False,/compatibility/neon-rainbowfish/,/compatibility/x-ray-tetra/,Ensure both owner links
/compatibility/neon-rainbowfish-and-yellow-tang/,neon-rainbowfish,yellow-tang,False,False,/compatibility/neon-rainbowfish/,/compatibility/yellow-tang/,Ensure both owner links
/compatibility/neon-rainbowfish-and-yoyo-loach/,neon-rainbowfish,yoyo-loach,False,False,/compatibility/neon-rainbowfish/,/compatibility/yoyo-loach/,Ensure both owner links
/compatibility/neon-rainbowfish-and-zebra-danio/,neon-rainbowfish,zebra-danio,False,False,/compatibility/neon-rainbowfish/,/compatibility/zebra-danio/,Ensure both owner links
/compatibility/neon-rainbowfish-and-zebra-loach/,neon-rainbowfish,zebra-loach,False,False,/compatibility/neon-rainbowfish/,/compatibility/zebra-loach/,Ensure both owner links
/compatibility/neon-rainbowfish-and-zebra-pleco/,neon-rainbowfish,zebra-pleco,False,False,/compatibility/neon-rainbowfish/,/compatibility/zebra-pleco/,Ensure both owner links
/compatibility/neon-tetra-and-nerite-snail/,neon-tetra,nerite-snail,False,False,/compatibility/neon-tetra/,/compatibility/nerite-snail/,Ensure both owner links
/compatibility/neon-tetra-and-oscar/,neon-tetra,oscar,False,False,/compatibility/neon-tetra/,/guides/oscar-fish-care/tank-mates/,Ensure both owner links
/compatibility/neon-tetra-and-otocinclus/,neon-tetra,otocinclus,False,False,/compatibility/neon-tetra/,/compatibility/otocinclus/,Ensure both owner links
/compatibility/neon-tetra-and-pajama-cardinalfish/,neon-tetra,pajama-cardinalfish,False,False,/compatibility/neon-tetra/,/compatibility/pajama-cardinalfish/,Ensure both owner links
/compatibility/neon-tetra-and-panda-cory/,neon-tetra,panda-cory,False,False,/compatibility/neon-tetra/,/compatibility/panda-cory/,Ensure both owner links
/compatibility/neon-tetra-and-pea-puffer/,neon-tetra,pea-puffer,False,False,/compatibility/neon-tetra/,/compatibility/pea-puffer/,Ensure both owner links
/compatibility/neon-tetra-and-peacock-cichlid/,neon-tetra,peacock-cichlid,False,False,/compatibility/neon-tetra/,/compatibility/peacock-cichlid/,Ensure both owner links
/compatibility/neon-tetra-and-pearl-danio/,neon-tetra,pearl-danio,False,False,/compatibility/neon-tetra/,/compatibility/pearl-danio/,Ensure both owner links
/compatibility/neon-tetra-and-peppered-cory/,neon-tetra,peppered-cory,False,False,/compatibility/neon-tetra/,/compatibility/peppered-cory/,Ensure both owner links
/compatibility/neon-tetra-and-percula-clownfish/,neon-tetra,percula-clownfish,False,False,/compatibility/neon-tetra/,/compatibility/percula-clownfish/,Ensure both owner links
/compatibility/neon-tetra-and-platy/,neon-tetra,platy,False,False,/compatibility/neon-tetra/,/compatibility/platy/,Ensure both owner links
/compatibility/neon-tetra-and-pygmy-corydoras/,neon-tetra,pygmy-corydoras,False,False,/compatibility/neon-tetra/,/compatibility/pygmy-corydoras/,Ensure both owner links
/compatibility/neon-tetra-and-rainbow-shark/,neon-tetra,rainbow-shark,False,False,/compatibility/neon-tetra/,/compatibility/rainbow-shark/,Ensure both owner links
/compatibility/neon-tetra-and-red-eye-tetra/,neon-tetra,red-eye-tetra,False,False,/compatibility/neon-tetra/,/compatibility/red-eye-tetra/,Ensure both owner links
/compatibility/neon-tetra-and-rosy-barb/,neon-tetra,rosy-barb,False,False,/compatibility/neon-tetra/,/compatibility/rosy-barb/,Ensure both owner links
/compatibility/neon-tetra-and-royal-gramma/,neon-tetra,royal-gramma,False,False,/compatibility/neon-tetra/,/compatibility/royal-gramma/,Ensure both owner links
/compatibility/neon-tetra-and-senegal-bichir/,neon-tetra,senegal-bichir,False,False,/compatibility/neon-tetra/,/compatibility/senegal-bichir/,Ensure both owner links
/compatibility/neon-tetra-and-serpae-tetra/,neon-tetra,serpae-tetra,False,False,/compatibility/neon-tetra/,/compatibility/serpae-tetra/,Ensure both owner links
/compatibility/neon-tetra-and-severum-cichlid/,neon-tetra,severum-cichlid,False,False,/compatibility/neon-tetra/,/compatibility/severum-cichlid/,Ensure both owner links
/compatibility/neon-tetra-and-silver-arowana/,neon-tetra,silver-arowana,False,False,/compatibility/neon-tetra/,/compatibility/silver-arowana/,Ensure both owner links
/compatibility/neon-tetra-and-silver-dollar/,neon-tetra,silver-dollar,False,False,/compatibility/neon-tetra/,/compatibility/silver-dollar/,Ensure both owner links
/compatibility/neon-tetra-and-sparkling-gourami/,neon-tetra,sparkling-gourami,False,False,/compatibility/neon-tetra/,/compatibility/sparkling-gourami/,Ensure both owner links
/compatibility/neon-tetra-and-sterbai-cory/,neon-tetra,sterbai-cory,False,False,/compatibility/neon-tetra/,/compatibility/sterbai-cory/,Ensure both owner links
/compatibility/neon-tetra-and-swordtail/,neon-tetra,swordtail,False,False,/compatibility/neon-tetra/,/compatibility/swordtail/,Ensure both owner links
/compatibility/neon-tetra-and-texas-cichlid/,neon-tetra,texas-cichlid,False,False,/compatibility/neon-tetra/,/compatibility/texas-cichlid/,Ensure both owner links
/compatibility/neon-tetra-and-threadfin-rainbowfish/,neon-tetra,threadfin-rainbowfish,False,False,/compatibility/neon-tetra/,/compatibility/threadfin-rainbowfish/,Ensure both owner links
/compatibility/neon-tetra-and-three-spot-gourami/,neon-tetra,three-spot-gourami,False,False,/compatibility/neon-tetra/,/compatibility/three-spot-gourami/,Ensure both owner links
/compatibility/neon-tetra-and-tiger-barb/,neon-tetra,tiger-barb,False,False,/compatibility/neon-tetra/,/compatibility/tiger-barb/,Ensure both owner links
/compatibility/neon-tetra-and-watchman-goby/,neon-tetra,watchman-goby,False,False,/compatibility/neon-tetra/,/compatibility/watchman-goby/,Ensure both owner links
/compatibility/neon-tetra-and-weather-loach/,neon-tetra,weather-loach,False,False,/compatibility/neon-tetra/,/compatibility/weather-loach/,Ensure both owner links
/compatibility/neon-tetra-and-x-ray-tetra/,neon-tetra,x-ray-tetra,False,False,/compatibility/neon-tetra/,/compatibility/x-ray-tetra/,Ensure both owner links
/compatibility/neon-tetra-and-yellow-tang/,neon-tetra,yellow-tang,False,False,/compatibility/neon-tetra/,/compatibility/yellow-tang/,Ensure both owner links
/compatibility/neon-tetra-and-yoyo-loach/,neon-tetra,yoyo-loach,False,False,/compatibility/neon-tetra/,/compatibility/yoyo-loach/,Ensure both owner links
/compatibility/neon-tetra-and-zebra-danio/,neon-tetra,zebra-danio,False,False,/compatibility/neon-tetra/,/compatibility/zebra-danio/,Ensure both owner links
/compatibility/neon-tetra-and-zebra-loach/,neon-tetra,zebra-loach,False,False,/compatibility/neon-tetra/,/compatibility/zebra-loach/,Ensure both owner links
/compatibility/neon-tetra-and-zebra-pleco/,neon-tetra,zebra-pleco,False,False,/compatibility/neon-tetra/,/compatibility/zebra-pleco/,Ensure both owner links
/compatibility/nerite-snail-and-oscar/,nerite-snail,oscar,False,False,/compatibility/nerite-snail/,/guides/oscar-fish-care/tank-mates/,Ensure both owner links
/compatibility/nerite-snail-and-otocinclus/,nerite-snail,otocinclus,False,False,/compatibility/nerite-snail/,/compatibility/otocinclus/,Ensure both owner links
/compatibility/nerite-snail-and-pajama-cardinalfish/,nerite-snail,pajama-cardinalfish,False,False,/compatibility/nerite-snail/,/compatibility/pajama-cardinalfish/,Ensure both owner links
/compatibility/nerite-snail-and-panda-cory/,nerite-snail,panda-cory,False,False,/compatibility/nerite-snail/,/compatibility/panda-cory/,Ensure both owner links
/compatibility/nerite-snail-and-pea-puffer/,nerite-snail,pea-puffer,False,False,/compatibility/nerite-snail/,/compatibility/pea-puffer/,Ensure both owner links
/compatibility/nerite-snail-and-peacock-cichlid/,nerite-snail,peacock-cichlid,False,False,/compatibility/nerite-snail/,/compatibility/peacock-cichlid/,Ensure both owner links
/compatibility/nerite-snail-and-pearl-danio/,nerite-snail,pearl-danio,False,False,/compatibility/nerite-snail/,/compatibility/pearl-danio/,Ensure both owner links
/compatibility/nerite-snail-and-peppered-cory/,nerite-snail,peppered-cory,False,False,/compatibility/nerite-snail/,/compatibility/peppered-cory/,Ensure both owner links
/compatibility/nerite-snail-and-percula-clownfish/,nerite-snail,percula-clownfish,False,False,/compatibility/nerite-snail/,/compatibility/percula-clownfish/,Ensure both owner links
/compatibility/nerite-snail-and-platy/,nerite-snail,platy,False,False,/compatibility/nerite-snail/,/compatibility/platy/,Ensure both owner links
/compatibility/nerite-snail-and-pygmy-corydoras/,nerite-snail,pygmy-corydoras,False,False,/compatibility/nerite-snail/,/compatibility/pygmy-corydoras/,Ensure both owner links
/compatibility/nerite-snail-and-rainbow-shark/,nerite-snail,rainbow-shark,False,False,/compatibility/nerite-snail/,/compatibility/rainbow-shark/,Ensure both owner links
/compatibility/nerite-snail-and-red-eye-tetra/,nerite-snail,red-eye-tetra,False,False,/compatibility/nerite-snail/,/compatibility/red-eye-tetra/,Ensure both owner links
/compatibility/nerite-snail-and-rosy-barb/,nerite-snail,rosy-barb,False,False,/compatibility/nerite-snail/,/compatibility/rosy-barb/,Ensure both owner links
/compatibility/nerite-snail-and-royal-gramma/,nerite-snail,royal-gramma,False,False,/compatibility/nerite-snail/,/compatibility/royal-gramma/,Ensure both owner links
/compatibility/nerite-snail-and-senegal-bichir/,nerite-snail,senegal-bichir,False,False,/compatibility/nerite-snail/,/compatibility/senegal-bichir/,Ensure both owner links
/compatibility/nerite-snail-and-serpae-tetra/,nerite-snail,serpae-tetra,False,False,/compatibility/nerite-snail/,/compatibility/serpae-tetra/,Ensure both owner links
/compatibility/nerite-snail-and-severum-cichlid/,nerite-snail,severum-cichlid,False,False,/compatibility/nerite-snail/,/compatibility/severum-cichlid/,Ensure both owner links
/compatibility/nerite-snail-and-silver-arowana/,nerite-snail,silver-arowana,False,False,/compatibility/nerite-snail/,/compatibility/silver-arowana/,Ensure both owner links
/compatibility/nerite-snail-and-silver-dollar/,nerite-snail,silver-dollar,False,False,/compatibility/nerite-snail/,/compatibility/silver-dollar/,Ensure both owner links
/compatibility/nerite-snail-and-sparkling-gourami/,nerite-snail,sparkling-gourami,False,False,/compatibility/nerite-snail/,/compatibility/sparkling-gourami/,Ensure both owner links
/compatibility/nerite-snail-and-sterbai-cory/,nerite-snail,sterbai-cory,False,False,/compatibility/nerite-snail/,/compatibility/sterbai-cory/,Ensure both owner links
/compatibility/nerite-snail-and-swordtail/,nerite-snail,swordtail,False,False,/compatibility/nerite-snail/,/compatibility/swordtail/,Ensure both owner links
/compatibility/nerite-snail-and-texas-cichlid/,nerite-snail,texas-cichlid,False,False,/compatibility/nerite-snail/,/compatibility/texas-cichlid/,Ensure both owner links
/compatibility/nerite-snail-and-threadfin-rainbowfish/,nerite-snail,threadfin-rainbowfish,False,False,/compatibility/nerite-snail/,/compatibility/threadfin-rainbowfish/,Ensure both owner links
/compatibility/nerite-snail-and-three-spot-gourami/,nerite-snail,three-spot-gourami,False,False,/compatibility/nerite-snail/,/compatibility/three-spot-gourami/,Ensure both owner links
/compatibility/nerite-snail-and-tiger-barb/,nerite-snail,tiger-barb,False,False,/compatibility/nerite-snail/,/compatibility/tiger-barb/,Ensure both owner links
/compatibility/nerite-snail-and-watchman-goby/,nerite-snail,watchman-goby,False,False,/compatibility/nerite-snail/,/compatibility/watchman-goby/,Ensure both owner links
/compatibility/nerite-snail-and-weather-loach/,nerite-snail,weather-loach,False,False,/compatibility/nerite-snail/,/compatibility/weather-loach/,Ensure both owner links
/compatibility/nerite-snail-and-x-ray-tetra/,nerite-snail,x-ray-tetra,False,False,/compatibility/nerite-snail/,/compatibility/x-ray-tetra/,Ensure both owner links
/compatibility/nerite-snail-and-yellow-tang/,nerite-snail,yellow-tang,False,False,/compatibility/nerite-snail/,/compatibility/yellow-tang/,Ensure both owner links
/compatibility/nerite-snail-and-yoyo-loach/,nerite-snail,yoyo-loach,False,False,/compatibility/nerite-snail/,/compatibility/yoyo-loach/,Ensure both owner links
/compatibility/nerite-snail-and-zebra-danio/,nerite-snail,zebra-danio,False,False,/compatibility/nerite-snail/,/compatibility/zebra-danio/,Ensure both owner links
/compatibility/nerite-snail-and-zebra-loach/,nerite-snail,zebra-loach,False,False,/compatibility/nerite-snail/,/compatibility/zebra-loach/,Ensure both owner links
/compatibility/nerite-snail-and-zebra-pleco/,nerite-snail,zebra-pleco,False,False,/compatibility/nerite-snail/,/compatibility/zebra-pleco/,Ensure both owner links
/compatibility/oscar-and-otocinclus/,oscar,otocinclus,False,False,/guides/oscar-fish-care/tank-mates/,/compatibility/otocinclus/,Ensure both owner links
/compatibility/oscar-and-pajama-cardinalfish/,oscar,pajama-cardinalfish,False,False,/guides/oscar-fish-care/tank-mates/,/compatibility/pajama-cardinalfish/,Ensure both owner links
/compatibility/oscar-and-panda-cory/,oscar,panda-cory,False,False,/guides/oscar-fish-care/tank-mates/,/compatibility/panda-cory/,Ensure both owner links
/compatibility/oscar-and-pea-puffer/,oscar,pea-puffer,False,False,/guides/oscar-fish-care/tank-mates/,/compatibility/pea-puffer/,Ensure both owner links
/compatibility/oscar-and-peacock-cichlid/,oscar,peacock-cichlid,False,False,/guides/oscar-fish-care/tank-mates/,/compatibility/peacock-cichlid/,Ensure both owner links
/compatibility/oscar-and-pearl-danio/,oscar,pearl-danio,False,False,/guides/oscar-fish-care/tank-mates/,/compatibility/pearl-danio/,Ensure both owner links
/compatibility/oscar-and-peppered-cory/,oscar,peppered-cory,False,False,/guides/oscar-fish-care/tank-mates/,/compatibility/peppered-cory/,Ensure both owner links
/compatibility/oscar-and-percula-clownfish/,oscar,percula-clownfish,False,False,/guides/oscar-fish-care/tank-mates/,/compatibility/percula-clownfish/,Ensure both owner links
/compatibility/oscar-and-platy/,oscar,platy,False,False,/guides/oscar-fish-care/tank-mates/,/compatibility/platy/,Ensure both owner links
/compatibility/oscar-and-pygmy-corydoras/,oscar,pygmy-corydoras,False,False,/guides/oscar-fish-care/tank-mates/,/compatibility/pygmy-corydoras/,Ensure both owner links
/compatibility/oscar-and-rainbow-shark/,oscar,rainbow-shark,False,False,/guides/oscar-fish-care/tank-mates/,/compatibility/rainbow-shark/,Ensure both owner links
/compatibility/oscar-and-red-eye-tetra/,oscar,red-eye-tetra,False,False,/guides/oscar-fish-care/tank-mates/,/compatibility/red-eye-tetra/,Ensure both owner links
/compatibility/oscar-and-rosy-barb/,oscar,rosy-barb,False,False,/guides/oscar-fish-care/tank-mates/,/compatibility/rosy-barb/,Ensure both owner links
/compatibility/oscar-and-royal-gramma/,oscar,royal-gramma,False,False,/guides/oscar-fish-care/tank-mates/,/compatibility/royal-gramma/,Ensure both owner links
/compatibility/oscar-and-senegal-bichir/,oscar,senegal-bichir,False,False,/guides/oscar-fish-care/tank-mates/,/compatibility/senegal-bichir/,Ensure both owner links
/compatibility/oscar-and-serpae-tetra/,oscar,serpae-tetra,False,False,/guides/oscar-fish-care/tank-mates/,/compatibility/serpae-tetra/,Ensure both owner links
/compatibility/oscar-and-severum-cichlid/,oscar,severum-cichlid,False,False,/guides/oscar-fish-care/tank-mates/,/compatibility/severum-cichlid/,Ensure both owner links
/compatibility/oscar-and-silver-arowana/,oscar,silver-arowana,False,False,/guides/oscar-fish-care/tank-mates/,/compatibility/silver-arowana/,Ensure both owner links
/compatibility/oscar-and-silver-dollar/,oscar,silver-dollar,False,False,/guides/oscar-fish-care/tank-mates/,/compatibility/silver-dollar/,Ensure both owner links
/compatibility/oscar-and-sparkling-gourami/,oscar,sparkling-gourami,False,False,/guides/oscar-fish-care/tank-mates/,/compatibility/sparkling-gourami/,Ensure both owner links
/compatibility/oscar-and-sterbai-cory/,oscar,sterbai-cory,False,False,/guides/oscar-fish-care/tank-mates/,/compatibility/sterbai-cory/,Ensure both owner links
/compatibility/oscar-and-swordtail/,oscar,swordtail,False,False,/guides/oscar-fish-care/tank-mates/,/compatibility/swordtail/,Ensure both owner links
/compatibility/oscar-and-texas-cichlid/,oscar,texas-cichlid,False,False,/guides/oscar-fish-care/tank-mates/,/compatibility/texas-cichlid/,Ensure both owner links
/compatibility/oscar-and-threadfin-rainbowfish/,oscar,threadfin-rainbowfish,False,False,/guides/oscar-fish-care/tank-mates/,/compatibility/threadfin-rainbowfish/,Ensure both owner links
/compatibility/oscar-and-three-spot-gourami/,oscar,three-spot-gourami,False,False,/guides/oscar-fish-care/tank-mates/,/compatibility/three-spot-gourami/,Ensure both owner links
/compatibility/oscar-and-tiger-barb/,oscar,tiger-barb,False,False,/guides/oscar-fish-care/tank-mates/,/compatibility/tiger-barb/,Ensure both owner links
/compatibility/oscar-and-watchman-goby/,oscar,watchman-goby,False,False,/guides/oscar-fish-care/tank-mates/,/compatibility/watchman-goby/,Ensure both owner links
/compatibility/oscar-and-weather-loach/,oscar,weather-loach,False,False,/guides/oscar-fish-care/tank-mates/,/compatibility/weather-loach/,Ensure both owner links
/compatibility/oscar-and-x-ray-tetra/,oscar,x-ray-tetra,False,False,/guides/oscar-fish-care/tank-mates/,/compatibility/x-ray-tetra/,Ensure both owner links
/compatibility/oscar-and-yellow-tang/,oscar,yellow-tang,False,False,/guides/oscar-fish-care/tank-mates/,/compatibility/yellow-tang/,Ensure both owner links
/compatibility/oscar-and-yoyo-loach/,oscar,yoyo-loach,False,False,/guides/oscar-fish-care/tank-mates/,/compatibility/yoyo-loach/,Ensure both owner links
/compatibility/oscar-and-zebra-danio/,oscar,zebra-danio,False,False,/guides/oscar-fish-care/tank-mates/,/compatibility/zebra-danio/,Ensure both owner links
/compatibility/oscar-and-zebra-loach/,oscar,zebra-loach,False,False,/guides/oscar-fish-care/tank-mates/,/compatibility/zebra-loach/,Ensure both owner links
/compatibility/oscar-and-zebra-pleco/,oscar,zebra-pleco,False,False,/guides/oscar-fish-care/tank-mates/,/compatibility/zebra-pleco/,Ensure both owner links
/compatibility/otocinclus-and-pajama-cardinalfish/,otocinclus,pajama-cardinalfish,False,False,/compatibility/otocinclus/,/compatibility/pajama-cardinalfish/,Ensure both owner links
/compatibility/otocinclus-and-panda-cory/,otocinclus,panda-cory,False,False,/compatibility/otocinclus/,/compatibility/panda-cory/,Ensure both owner links
/compatibility/otocinclus-and-pea-puffer/,otocinclus,pea-puffer,False,False,/compatibility/otocinclus/,/compatibility/pea-puffer/,Ensure both owner links
/compatibility/otocinclus-and-peacock-cichlid/,otocinclus,peacock-cichlid,False,False,/compatibility/otocinclus/,/compatibility/peacock-cichlid/,Ensure both owner links
/compatibility/otocinclus-and-pearl-danio/,otocinclus,pearl-danio,False,False,/compatibility/otocinclus/,/compatibility/pearl-danio/,Ensure both owner links
/compatibility/otocinclus-and-peppered-cory/,otocinclus,peppered-cory,False,False,/compatibility/otocinclus/,/compatibility/peppered-cory/,Ensure both owner links
/compatibility/otocinclus-and-percula-clownfish/,otocinclus,percula-clownfish,False,False,/compatibility/otocinclus/,/compatibility/percula-clownfish/,Ensure both owner links
/compatibility/otocinclus-and-platy/,otocinclus,platy,False,False,/compatibility/otocinclus/,/compatibility/platy/,Ensure both owner links
/compatibility/otocinclus-and-pygmy-corydoras/,otocinclus,pygmy-corydoras,False,False,/compatibility/otocinclus/,/compatibility/pygmy-corydoras/,Ensure both owner links
/compatibility/otocinclus-and-rainbow-shark/,otocinclus,rainbow-shark,False,False,/compatibility/otocinclus/,/compatibility/rainbow-shark/,Ensure both owner links
/compatibility/otocinclus-and-red-eye-tetra/,otocinclus,red-eye-tetra,False,False,/compatibility/otocinclus/,/compatibility/red-eye-tetra/,Ensure both owner links
/compatibility/otocinclus-and-rosy-barb/,otocinclus,rosy-barb,False,False,/compatibility/otocinclus/,/compatibility/rosy-barb/,Ensure both owner links
/compatibility/otocinclus-and-royal-gramma/,otocinclus,royal-gramma,False,False,/compatibility/otocinclus/,/compatibility/royal-gramma/,Ensure both owner links
/compatibility/otocinclus-and-senegal-bichir/,otocinclus,senegal-bichir,False,False,/compatibility/otocinclus/,/compatibility/senegal-bichir/,Ensure both owner links
/compatibility/otocinclus-and-serpae-tetra/,otocinclus,serpae-tetra,False,False,/compatibility/otocinclus/,/compatibility/serpae-tetra/,Ensure both owner links
/compatibility/otocinclus-and-severum-cichlid/,otocinclus,severum-cichlid,False,False,/compatibility/otocinclus/,/compatibility/severum-cichlid/,Ensure both owner links
/compatibility/otocinclus-and-silver-arowana/,otocinclus,silver-arowana,False,False,/compatibility/otocinclus/,/compatibility/silver-arowana/,Ensure both owner links
/compatibility/otocinclus-and-silver-dollar/,otocinclus,silver-dollar,False,False,/compatibility/otocinclus/,/compatibility/silver-dollar/,Ensure both owner links
/compatibility/otocinclus-and-sparkling-gourami/,otocinclus,sparkling-gourami,False,False,/compatibility/otocinclus/,/compatibility/sparkling-gourami/,Ensure both owner links
/compatibility/otocinclus-and-sterbai-cory/,otocinclus,sterbai-cory,False,False,/compatibility/otocinclus/,/compatibility/sterbai-cory/,Ensure both owner links
/compatibility/otocinclus-and-swordtail/,otocinclus,swordtail,False,False,/compatibility/otocinclus/,/compatibility/swordtail/,Ensure both owner links
/compatibility/otocinclus-and-texas-cichlid/,otocinclus,texas-cichlid,False,False,/compatibility/otocinclus/,/compatibility/texas-cichlid/,Ensure both owner links
/compatibility/otocinclus-and-threadfin-rainbowfish/,otocinclus,threadfin-rainbowfish,False,False,/compatibility/otocinclus/,/compatibility/threadfin-rainbowfish/,Ensure both owner links
/compatibility/otocinclus-and-three-spot-gourami/,otocinclus,three-spot-gourami,False,False,/compatibility/otocinclus/,/compatibility/three-spot-gourami/,Ensure both owner links
/compatibility/otocinclus-and-tiger-barb/,otocinclus,tiger-barb,False,False,/compatibility/otocinclus/,/compatibility/tiger-barb/,Ensure both owner links
/compatibility/otocinclus-and-watchman-goby/,otocinclus,watchman-goby,False,False,/compatibility/otocinclus/,/compatibility/watchman-goby/,Ensure both owner links
/compatibility/otocinclus-and-weather-loach/,otocinclus,weather-loach,False,False,/compatibility/otocinclus/,/compatibility/weather-loach/,Ensure both owner links
/compatibility/otocinclus-and-x-ray-tetra/,otocinclus,x-ray-tetra,False,False,/compatibility/otocinclus/,/compatibility/x-ray-tetra/,Ensure both owner links
/compatibility/otocinclus-and-yellow-tang/,otocinclus,yellow-tang,False,False,/compatibility/otocinclus/,/compatibility/yellow-tang/,Ensure both owner links
/compatibility/otocinclus-and-yoyo-loach/,otocinclus,yoyo-loach,False,False,/compatibility/otocinclus/,/compatibility/yoyo-loach/,Ensure both owner links
/compatibility/otocinclus-and-zebra-danio/,otocinclus,zebra-danio,False,False,/compatibility/otocinclus/,/compatibility/zebra-danio/,Ensure both owner links
/compatibility/otocinclus-and-zebra-loach/,otocinclus,zebra-loach,False,False,/compatibility/otocinclus/,/compatibility/zebra-loach/,Ensure both owner links
/compatibility/otocinclus-and-zebra-pleco/,otocinclus,zebra-pleco,False,False,/compatibility/otocinclus/,/compatibility/zebra-pleco/,Ensure both owner links
/compatibility/pajama-cardinalfish-and-panda-cory/,pajama-cardinalfish,panda-cory,False,False,/compatibility/pajama-cardinalfish/,/compatibility/panda-cory/,Ensure both owner links
/compatibility/pajama-cardinalfish-and-pea-puffer/,pajama-cardinalfish,pea-puffer,False,False,/compatibility/pajama-cardinalfish/,/compatibility/pea-puffer/,Ensure both owner links
/compatibility/pajama-cardinalfish-and-peacock-cichlid/,pajama-cardinalfish,peacock-cichlid,False,False,/compatibility/pajama-cardinalfish/,/compatibility/peacock-cichlid/,Ensure both owner links
/compatibility/pajama-cardinalfish-and-pearl-danio/,pajama-cardinalfish,pearl-danio,False,False,/compatibility/pajama-cardinalfish/,/compatibility/pearl-danio/,Ensure both owner links
/compatibility/pajama-cardinalfish-and-peppered-cory/,pajama-cardinalfish,peppered-cory,False,False,/compatibility/pajama-cardinalfish/,/compatibility/peppered-cory/,Ensure both owner links
/compatibility/pajama-cardinalfish-and-percula-clownfish/,pajama-cardinalfish,percula-clownfish,False,False,/compatibility/pajama-cardinalfish/,/compatibility/percula-clownfish/,Ensure both owner links
/compatibility/pajama-cardinalfish-and-platy/,pajama-cardinalfish,platy,False,False,/compatibility/pajama-cardinalfish/,/compatibility/platy/,Ensure both owner links
/compatibility/pajama-cardinalfish-and-pygmy-corydoras/,pajama-cardinalfish,pygmy-corydoras,False,False,/compatibility/pajama-cardinalfish/,/compatibility/pygmy-corydoras/,Ensure both owner links
/compatibility/pajama-cardinalfish-and-rainbow-shark/,pajama-cardinalfish,rainbow-shark,False,False,/compatibility/pajama-cardinalfish/,/compatibility/rainbow-shark/,Ensure both owner links
/compatibility/pajama-cardinalfish-and-red-eye-tetra/,pajama-cardinalfish,red-eye-tetra,False,False,/compatibility/pajama-cardinalfish/,/compatibility/red-eye-tetra/,Ensure both owner links
/compatibility/pajama-cardinalfish-and-rosy-barb/,pajama-cardinalfish,rosy-barb,False,False,/compatibility/pajama-cardinalfish/,/compatibility/rosy-barb/,Ensure both owner links
/compatibility/pajama-cardinalfish-and-royal-gramma/,pajama-cardinalfish,royal-gramma,False,False,/compatibility/pajama-cardinalfish/,/compatibility/royal-gramma/,Ensure both owner links
/compatibility/pajama-cardinalfish-and-senegal-bichir/,pajama-cardinalfish,senegal-bichir,False,False,/compatibility/pajama-cardinalfish/,/compatibility/senegal-bichir/,Ensure both owner links
/compatibility/pajama-cardinalfish-and-serpae-tetra/,pajama-cardinalfish,serpae-tetra,False,False,/compatibility/pajama-cardinalfish/,/compatibility/serpae-tetra/,Ensure both owner links
/compatibility/pajama-cardinalfish-and-severum-cichlid/,pajama-cardinalfish,severum-cichlid,False,False,/compatibility/pajama-cardinalfish/,/compatibility/severum-cichlid/,Ensure both owner links
/compatibility/pajama-cardinalfish-and-silver-arowana/,pajama-cardinalfish,silver-arowana,False,False,/compatibility/pajama-cardinalfish/,/compatibility/silver-arowana/,Ensure both owner links
/compatibility/pajama-cardinalfish-and-silver-dollar/,pajama-cardinalfish,silver-dollar,False,False,/compatibility/pajama-cardinalfish/,/compatibility/silver-dollar/,Ensure both owner links
/compatibility/pajama-cardinalfish-and-sparkling-gourami/,pajama-cardinalfish,sparkling-gourami,False,False,/compatibility/pajama-cardinalfish/,/compatibility/sparkling-gourami/,Ensure both owner links
/compatibility/pajama-cardinalfish-and-sterbai-cory/,pajama-cardinalfish,sterbai-cory,False,False,/compatibility/pajama-cardinalfish/,/compatibility/sterbai-cory/,Ensure both owner links
/compatibility/pajama-cardinalfish-and-swordtail/,pajama-cardinalfish,swordtail,False,False,/compatibility/pajama-cardinalfish/,/compatibility/swordtail/,Ensure both owner links
/compatibility/pajama-cardinalfish-and-texas-cichlid/,pajama-cardinalfish,texas-cichlid,False,False,/compatibility/pajama-cardinalfish/,/compatibility/texas-cichlid/,Ensure both owner links
/compatibility/pajama-cardinalfish-and-threadfin-rainbowfish/,pajama-cardinalfish,threadfin-rainbowfish,False,False,/compatibility/pajama-cardinalfish/,/compatibility/threadfin-rainbowfish/,Ensure both owner links
/compatibility/pajama-cardinalfish-and-three-spot-gourami/,pajama-cardinalfish,three-spot-gourami,False,False,/compatibility/pajama-cardinalfish/,/compatibility/three-spot-gourami/,Ensure both owner links
/compatibility/pajama-cardinalfish-and-tiger-barb/,pajama-cardinalfish,tiger-barb,False,False,/compatibility/pajama-cardinalfish/,/compatibility/tiger-barb/,Ensure both owner links
/compatibility/pajama-cardinalfish-and-watchman-goby/,pajama-cardinalfish,watchman-goby,False,False,/compatibility/pajama-cardinalfish/,/compatibility/watchman-goby/,Ensure both owner links
/compatibility/pajama-cardinalfish-and-weather-loach/,pajama-cardinalfish,weather-loach,False,False,/compatibility/pajama-cardinalfish/,/compatibility/weather-loach/,Ensure both owner links
/compatibility/pajama-cardinalfish-and-x-ray-tetra/,pajama-cardinalfish,x-ray-tetra,False,False,/compatibility/pajama-cardinalfish/,/compatibility/x-ray-tetra/,Ensure both owner links
/compatibility/pajama-cardinalfish-and-yellow-tang/,pajama-cardinalfish,yellow-tang,False,False,/compatibility/pajama-cardinalfish/,/compatibility/yellow-tang/,Ensure both owner links
/compatibility/pajama-cardinalfish-and-yoyo-loach/,pajama-cardinalfish,yoyo-loach,False,False,/compatibility/pajama-cardinalfish/,/compatibility/yoyo-loach/,Ensure both owner links
/compatibility/pajama-cardinalfish-and-zebra-danio/,pajama-cardinalfish,zebra-danio,False,False,/compatibility/pajama-cardinalfish/,/compatibility/zebra-danio/,Ensure both owner links
/compatibility/pajama-cardinalfish-and-zebra-loach/,pajama-cardinalfish,zebra-loach,False,False,/compatibility/pajama-cardinalfish/,/compatibility/zebra-loach/,Ensure both owner links
/compatibility/pajama-cardinalfish-and-zebra-pleco/,pajama-cardinalfish,zebra-pleco,False,False,/compatibility/pajama-cardinalfish/,/compatibility/zebra-pleco/,Ensure both owner links
/compatibility/panda-cory-and-pea-puffer/,panda-cory,pea-puffer,False,False,/compatibility/panda-cory/,/compatibility/pea-puffer/,Ensure both owner links
/compatibility/panda-cory-and-peacock-cichlid/,panda-cory,peacock-cichlid,False,False,/compatibility/panda-cory/,/compatibility/peacock-cichlid/,Ensure both owner links
/compatibility/panda-cory-and-pearl-danio/,panda-cory,pearl-danio,False,False,/compatibility/panda-cory/,/compatibility/pearl-danio/,Ensure both owner links
/compatibility/panda-cory-and-peppered-cory/,panda-cory,peppered-cory,False,False,/compatibility/panda-cory/,/compatibility/peppered-cory/,Ensure both owner links
/compatibility/panda-cory-and-percula-clownfish/,panda-cory,percula-clownfish,False,False,/compatibility/panda-cory/,/compatibility/percula-clownfish/,Ensure both owner links
/compatibility/panda-cory-and-platy/,panda-cory,platy,False,False,/compatibility/panda-cory/,/compatibility/platy/,Ensure both owner links
/compatibility/panda-cory-and-pygmy-corydoras/,panda-cory,pygmy-corydoras,False,False,/compatibility/panda-cory/,/compatibility/pygmy-corydoras/,Ensure both owner links
/compatibility/panda-cory-and-rainbow-shark/,panda-cory,rainbow-shark,False,False,/compatibility/panda-cory/,/compatibility/rainbow-shark/,Ensure both owner links
/compatibility/panda-cory-and-red-eye-tetra/,panda-cory,red-eye-tetra,False,False,/compatibility/panda-cory/,/compatibility/red-eye-tetra/,Ensure both owner links
/compatibility/panda-cory-and-rosy-barb/,panda-cory,rosy-barb,False,False,/compatibility/panda-cory/,/compatibility/rosy-barb/,Ensure both owner links
/compatibility/panda-cory-and-royal-gramma/,panda-cory,royal-gramma,False,False,/compatibility/panda-cory/,/compatibility/royal-gramma/,Ensure both owner links
/compatibility/panda-cory-and-senegal-bichir/,panda-cory,senegal-bichir,False,False,/compatibility/panda-cory/,/compatibility/senegal-bichir/,Ensure both owner links
/compatibility/panda-cory-and-serpae-tetra/,panda-cory,serpae-tetra,False,False,/compatibility/panda-cory/,/compatibility/serpae-tetra/,Ensure both owner links
/compatibility/panda-cory-and-severum-cichlid/,panda-cory,severum-cichlid,False,False,/compatibility/panda-cory/,/compatibility/severum-cichlid/,Ensure both owner links
/compatibility/panda-cory-and-silver-arowana/,panda-cory,silver-arowana,False,False,/compatibility/panda-cory/,/compatibility/silver-arowana/,Ensure both owner links
/compatibility/panda-cory-and-silver-dollar/,panda-cory,silver-dollar,False,False,/compatibility/panda-cory/,/compatibility/silver-dollar/,Ensure both owner links
/compatibility/panda-cory-and-sparkling-gourami/,panda-cory,sparkling-gourami,False,False,/compatibility/panda-cory/,/compatibility/sparkling-gourami/,Ensure both owner links
/compatibility/panda-cory-and-sterbai-cory/,panda-cory,sterbai-cory,False,False,/compatibility/panda-cory/,/compatibility/sterbai-cory/,Ensure both owner links
/compatibility/panda-cory-and-swordtail/,panda-cory,swordtail,False,False,/compatibility/panda-cory/,/compatibility/swordtail/,Ensure both owner links
/compatibility/panda-cory-and-texas-cichlid/,panda-cory,texas-cichlid,False,False,/compatibility/panda-cory/,/compatibility/texas-cichlid/,Ensure both owner links
/compatibility/panda-cory-and-threadfin-rainbowfish/,panda-cory,threadfin-rainbowfish,False,False,/compatibility/panda-cory/,/compatibility/threadfin-rainbowfish/,Ensure both owner links
/compatibility/panda-cory-and-three-spot-gourami/,panda-cory,three-spot-gourami,False,False,/compatibility/panda-cory/,/compatibility/three-spot-gourami/,Ensure both owner links
/compatibility/panda-cory-and-tiger-barb/,panda-cory,tiger-barb,False,False,/compatibility/panda-cory/,/compatibility/tiger-barb/,Ensure both owner links
/compatibility/panda-cory-and-watchman-goby/,panda-cory,watchman-goby,False,False,/compatibility/panda-cory/,/compatibility/watchman-goby/,Ensure both owner links
/compatibility/panda-cory-and-weather-loach/,panda-cory,weather-loach,False,False,/compatibility/panda-cory/,/compatibility/weather-loach/,Ensure both owner links
/compatibility/panda-cory-and-x-ray-tetra/,panda-cory,x-ray-tetra,False,False,/compatibility/panda-cory/,/compatibility/x-ray-tetra/,Ensure both owner links
/compatibility/panda-cory-and-yellow-tang/,panda-cory,yellow-tang,False,False,/compatibility/panda-cory/,/compatibility/yellow-tang/,Ensure both owner links
/compatibility/panda-cory-and-yoyo-loach/,panda-cory,yoyo-loach,False,False,/compatibility/panda-cory/,/compatibility/yoyo-loach/,Ensure both owner links
/compatibility/panda-cory-and-zebra-danio/,panda-cory,zebra-danio,False,False,/compatibility/panda-cory/,/compatibility/zebra-danio/,Ensure both owner links
/compatibility/panda-cory-and-zebra-loach/,panda-cory,zebra-loach,False,False,/compatibility/panda-cory/,/compatibility/zebra-loach/,Ensure both owner links
/compatibility/panda-cory-and-zebra-pleco/,panda-cory,zebra-pleco,False,False,/compatibility/panda-cory/,/compatibility/zebra-pleco/,Ensure both owner links
/compatibility/pea-puffer-and-peacock-cichlid/,pea-puffer,peacock-cichlid,False,False,/compatibility/pea-puffer/,/compatibility/peacock-cichlid/,Ensure both owner links
/compatibility/pea-puffer-and-pearl-danio/,pea-puffer,pearl-danio,False,False,/compatibility/pea-puffer/,/compatibility/pearl-danio/,Ensure both owner links
/compatibility/pea-puffer-and-peppered-cory/,pea-puffer,peppered-cory,False,False,/compatibility/pea-puffer/,/compatibility/peppered-cory/,Ensure both owner links
/compatibility/pea-puffer-and-percula-clownfish/,pea-puffer,percula-clownfish,False,False,/compatibility/pea-puffer/,/compatibility/percula-clownfish/,Ensure both owner links
/compatibility/pea-puffer-and-platy/,pea-puffer,platy,False,False,/compatibility/pea-puffer/,/compatibility/platy/,Ensure both owner links
/compatibility/pea-puffer-and-pygmy-corydoras/,pea-puffer,pygmy-corydoras,False,False,/compatibility/pea-puffer/,/compatibility/pygmy-corydoras/,Ensure both owner links
/compatibility/pea-puffer-and-rainbow-shark/,pea-puffer,rainbow-shark,False,False,/compatibility/pea-puffer/,/compatibility/rainbow-shark/,Ensure both owner links
/compatibility/pea-puffer-and-red-eye-tetra/,pea-puffer,red-eye-tetra,False,False,/compatibility/pea-puffer/,/compatibility/red-eye-tetra/,Ensure both owner links
/compatibility/pea-puffer-and-rosy-barb/,pea-puffer,rosy-barb,False,False,/compatibility/pea-puffer/,/compatibility/rosy-barb/,Ensure both owner links
/compatibility/pea-puffer-and-royal-gramma/,pea-puffer,royal-gramma,False,False,/compatibility/pea-puffer/,/compatibility/royal-gramma/,Ensure both owner links
/compatibility/pea-puffer-and-senegal-bichir/,pea-puffer,senegal-bichir,False,False,/compatibility/pea-puffer/,/compatibility/senegal-bichir/,Ensure both owner links
/compatibility/pea-puffer-and-serpae-tetra/,pea-puffer,serpae-tetra,False,False,/compatibility/pea-puffer/,/compatibility/serpae-tetra/,Ensure both owner links
/compatibility/pea-puffer-and-severum-cichlid/,pea-puffer,severum-cichlid,False,False,/compatibility/pea-puffer/,/compatibility/severum-cichlid/,Ensure both owner links
/compatibility/pea-puffer-and-silver-arowana/,pea-puffer,silver-arowana,False,False,/compatibility/pea-puffer/,/compatibility/silver-arowana/,Ensure both owner links
/compatibility/pea-puffer-and-silver-dollar/,pea-puffer,silver-dollar,False,False,/compatibility/pea-puffer/,/compatibility/silver-dollar/,Ensure both owner links
/compatibility/pea-puffer-and-sparkling-gourami/,pea-puffer,sparkling-gourami,False,False,/compatibility/pea-puffer/,/compatibility/sparkling-gourami/,Ensure both owner links
/compatibility/pea-puffer-and-sterbai-cory/,pea-puffer,sterbai-cory,False,False,/compatibility/pea-puffer/,/compatibility/sterbai-cory/,Ensure both owner links
/compatibility/pea-puffer-and-swordtail/,pea-puffer,swordtail,False,False,/compatibility/pea-puffer/,/compatibility/swordtail/,Ensure both owner links
/compatibility/pea-puffer-and-texas-cichlid/,pea-puffer,texas-cichlid,False,False,/compatibility/pea-puffer/,/compatibility/texas-cichlid/,Ensure both owner links
/compatibility/pea-puffer-and-threadfin-rainbowfish/,pea-puffer,threadfin-rainbowfish,False,False,/compatibility/pea-puffer/,/compatibility/threadfin-rainbowfish/,Ensure both owner links
/compatibility/pea-puffer-and-three-spot-gourami/,pea-puffer,three-spot-gourami,False,False,/compatibility/pea-puffer/,/compatibility/three-spot-gourami/,Ensure both owner links
/compatibility/pea-puffer-and-tiger-barb/,pea-puffer,tiger-barb,False,False,/compatibility/pea-puffer/,/compatibility/tiger-barb/,Ensure both owner links
/compatibility/pea-puffer-and-watchman-goby/,pea-puffer,watchman-goby,False,False,/compatibility/pea-puffer/,/compatibility/watchman-goby/,Ensure both owner links
/compatibility/pea-puffer-and-weather-loach/,pea-puffer,weather-loach,False,False,/compatibility/pea-puffer/,/compatibility/weather-loach/,Ensure both owner links
/compatibility/pea-puffer-and-x-ray-tetra/,pea-puffer,x-ray-tetra,False,False,/compatibility/pea-puffer/,/compatibility/x-ray-tetra/,Ensure both owner links
/compatibility/pea-puffer-and-yellow-tang/,pea-puffer,yellow-tang,False,False,/compatibility/pea-puffer/,/compatibility/yellow-tang/,Ensure both owner links
/compatibility/pea-puffer-and-yoyo-loach/,pea-puffer,yoyo-loach,False,False,/compatibility/pea-puffer/,/compatibility/yoyo-loach/,Ensure both owner links
/compatibility/pea-puffer-and-zebra-danio/,pea-puffer,zebra-danio,False,False,/compatibility/pea-puffer/,/compatibility/zebra-danio/,Ensure both owner links
/compatibility/pea-puffer-and-zebra-loach/,pea-puffer,zebra-loach,False,False,/compatibility/pea-puffer/,/compatibility/zebra-loach/,Ensure both owner links
/compatibility/pea-puffer-and-zebra-pleco/,pea-puffer,zebra-pleco,False,False,/compatibility/pea-puffer/,/compatibility/zebra-pleco/,Ensure both owner links
/compatibility/peacock-cichlid-and-pearl-danio/,peacock-cichlid,pearl-danio,False,False,/compatibility/peacock-cichlid/,/compatibility/pearl-danio/,Ensure both owner links
/compatibility/peacock-cichlid-and-peppered-cory/,peacock-cichlid,peppered-cory,False,False,/compatibility/peacock-cichlid/,/compatibility/peppered-cory/,Ensure both owner links
/compatibility/peacock-cichlid-and-percula-clownfish/,peacock-cichlid,percula-clownfish,False,False,/compatibility/peacock-cichlid/,/compatibility/percula-clownfish/,Ensure both owner links
/compatibility/peacock-cichlid-and-platy/,peacock-cichlid,platy,False,False,/compatibility/peacock-cichlid/,/compatibility/platy/,Ensure both owner links
/compatibility/peacock-cichlid-and-pygmy-corydoras/,peacock-cichlid,pygmy-corydoras,False,False,/compatibility/peacock-cichlid/,/compatibility/pygmy-corydoras/,Ensure both owner links
/compatibility/peacock-cichlid-and-rainbow-shark/,peacock-cichlid,rainbow-shark,False,False,/compatibility/peacock-cichlid/,/compatibility/rainbow-shark/,Ensure both owner links
/compatibility/peacock-cichlid-and-red-eye-tetra/,peacock-cichlid,red-eye-tetra,False,False,/compatibility/peacock-cichlid/,/compatibility/red-eye-tetra/,Ensure both owner links
/compatibility/peacock-cichlid-and-rosy-barb/,peacock-cichlid,rosy-barb,False,False,/compatibility/peacock-cichlid/,/compatibility/rosy-barb/,Ensure both owner links
/compatibility/peacock-cichlid-and-royal-gramma/,peacock-cichlid,royal-gramma,False,False,/compatibility/peacock-cichlid/,/compatibility/royal-gramma/,Ensure both owner links
/compatibility/peacock-cichlid-and-senegal-bichir/,peacock-cichlid,senegal-bichir,False,False,/compatibility/peacock-cichlid/,/compatibility/senegal-bichir/,Ensure both owner links
/compatibility/peacock-cichlid-and-serpae-tetra/,peacock-cichlid,serpae-tetra,False,False,/compatibility/peacock-cichlid/,/compatibility/serpae-tetra/,Ensure both owner links
/compatibility/peacock-cichlid-and-severum-cichlid/,peacock-cichlid,severum-cichlid,False,False,/compatibility/peacock-cichlid/,/compatibility/severum-cichlid/,Ensure both owner links
/compatibility/peacock-cichlid-and-silver-arowana/,peacock-cichlid,silver-arowana,False,False,/compatibility/peacock-cichlid/,/compatibility/silver-arowana/,Ensure both owner links
/compatibility/peacock-cichlid-and-silver-dollar/,peacock-cichlid,silver-dollar,False,False,/compatibility/peacock-cichlid/,/compatibility/silver-dollar/,Ensure both owner links
/compatibility/peacock-cichlid-and-sparkling-gourami/,peacock-cichlid,sparkling-gourami,False,False,/compatibility/peacock-cichlid/,/compatibility/sparkling-gourami/,Ensure both owner links
/compatibility/peacock-cichlid-and-sterbai-cory/,peacock-cichlid,sterbai-cory,False,False,/compatibility/peacock-cichlid/,/compatibility/sterbai-cory/,Ensure both owner links
/compatibility/peacock-cichlid-and-swordtail/,peacock-cichlid,swordtail,False,False,/compatibility/peacock-cichlid/,/compatibility/swordtail/,Ensure both owner links
/compatibility/peacock-cichlid-and-texas-cichlid/,peacock-cichlid,texas-cichlid,False,False,/compatibility/peacock-cichlid/,/compatibility/texas-cichlid/,Ensure both owner links
/compatibility/peacock-cichlid-and-threadfin-rainbowfish/,peacock-cichlid,threadfin-rainbowfish,False,False,/compatibility/peacock-cichlid/,/compatibility/threadfin-rainbowfish/,Ensure both owner links
/compatibility/peacock-cichlid-and-three-spot-gourami/,peacock-cichlid,three-spot-gourami,False,False,/compatibility/peacock-cichlid/,/compatibility/three-spot-gourami/,Ensure both owner links
/compatibility/peacock-cichlid-and-tiger-barb/,peacock-cichlid,tiger-barb,False,False,/compatibility/peacock-cichlid/,/compatibility/tiger-barb/,Ensure both owner links
/compatibility/peacock-cichlid-and-watchman-goby/,peacock-cichlid,watchman-goby,False,False,/compatibility/peacock-cichlid/,/compatibility/watchman-goby/,Ensure both owner links
/compatibility/peacock-cichlid-and-weather-loach/,peacock-cichlid,weather-loach,False,False,/compatibility/peacock-cichlid/,/compatibility/weather-loach/,Ensure both owner links
/compatibility/peacock-cichlid-and-x-ray-tetra/,peacock-cichlid,x-ray-tetra,False,False,/compatibility/peacock-cichlid/,/compatibility/x-ray-tetra/,Ensure both owner links
/compatibility/peacock-cichlid-and-yellow-tang/,peacock-cichlid,yellow-tang,False,False,/compatibility/peacock-cichlid/,/compatibility/yellow-tang/,Ensure both owner links
/compatibility/peacock-cichlid-and-yoyo-loach/,peacock-cichlid,yoyo-loach,False,False,/compatibility/peacock-cichlid/,/compatibility/yoyo-loach/,Ensure both owner links
/compatibility/peacock-cichlid-and-zebra-danio/,peacock-cichlid,zebra-danio,False,False,/compatibility/peacock-cichlid/,/compatibility/zebra-danio/,Ensure both owner links
/compatibility/peacock-cichlid-and-zebra-loach/,peacock-cichlid,zebra-loach,False,False,/compatibility/peacock-cichlid/,/compatibility/zebra-loach/,Ensure both owner links
/compatibility/peacock-cichlid-and-zebra-pleco/,peacock-cichlid,zebra-pleco,False,False,/compatibility/peacock-cichlid/,/compatibility/zebra-pleco/,Ensure both owner links
/compatibility/pearl-danio-and-peppered-cory/,pearl-danio,peppered-cory,False,False,/compatibility/pearl-danio/,/compatibility/peppered-cory/,Ensure both owner links
/compatibility/pearl-danio-and-percula-clownfish/,pearl-danio,percula-clownfish,False,False,/compatibility/pearl-danio/,/compatibility/percula-clownfish/,Ensure both owner links
/compatibility/pearl-danio-and-platy/,pearl-danio,platy,False,False,/compatibility/pearl-danio/,/compatibility/platy/,Ensure both owner links
/compatibility/pearl-danio-and-pygmy-corydoras/,pearl-danio,pygmy-corydoras,False,False,/compatibility/pearl-danio/,/compatibility/pygmy-corydoras/,Ensure both owner links
/compatibility/pearl-danio-and-rainbow-shark/,pearl-danio,rainbow-shark,False,False,/compatibility/pearl-danio/,/compatibility/rainbow-shark/,Ensure both owner links
/compatibility/pearl-danio-and-red-eye-tetra/,pearl-danio,red-eye-tetra,False,False,/compatibility/pearl-danio/,/compatibility/red-eye-tetra/,Ensure both owner links
/compatibility/pearl-danio-and-rosy-barb/,pearl-danio,rosy-barb,False,False,/compatibility/pearl-danio/,/compatibility/rosy-barb/,Ensure both owner links
/compatibility/pearl-danio-and-royal-gramma/,pearl-danio,royal-gramma,False,False,/compatibility/pearl-danio/,/compatibility/royal-gramma/,Ensure both owner links
/compatibility/pearl-danio-and-senegal-bichir/,pearl-danio,senegal-bichir,False,False,/compatibility/pearl-danio/,/compatibility/senegal-bichir/,Ensure both owner links
/compatibility/pearl-danio-and-serpae-tetra/,pearl-danio,serpae-tetra,False,False,/compatibility/pearl-danio/,/compatibility/serpae-tetra/,Ensure both owner links
/compatibility/pearl-danio-and-severum-cichlid/,pearl-danio,severum-cichlid,False,False,/compatibility/pearl-danio/,/compatibility/severum-cichlid/,Ensure both owner links
/compatibility/pearl-danio-and-silver-arowana/,pearl-danio,silver-arowana,False,False,/compatibility/pearl-danio/,/compatibility/silver-arowana/,Ensure both owner links
/compatibility/pearl-danio-and-silver-dollar/,pearl-danio,silver-dollar,False,False,/compatibility/pearl-danio/,/compatibility/silver-dollar/,Ensure both owner links
/compatibility/pearl-danio-and-sparkling-gourami/,pearl-danio,sparkling-gourami,False,False,/compatibility/pearl-danio/,/compatibility/sparkling-gourami/,Ensure both owner links
/compatibility/pearl-danio-and-sterbai-cory/,pearl-danio,sterbai-cory,False,False,/compatibility/pearl-danio/,/compatibility/sterbai-cory/,Ensure both owner links
/compatibility/pearl-danio-and-swordtail/,pearl-danio,swordtail,False,False,/compatibility/pearl-danio/,/compatibility/swordtail/,Ensure both owner links
/compatibility/pearl-danio-and-texas-cichlid/,pearl-danio,texas-cichlid,False,False,/compatibility/pearl-danio/,/compatibility/texas-cichlid/,Ensure both owner links
/compatibility/pearl-danio-and-threadfin-rainbowfish/,pearl-danio,threadfin-rainbowfish,False,False,/compatibility/pearl-danio/,/compatibility/threadfin-rainbowfish/,Ensure both owner links
/compatibility/pearl-danio-and-three-spot-gourami/,pearl-danio,three-spot-gourami,False,False,/compatibility/pearl-danio/,/compatibility/three-spot-gourami/,Ensure both owner links
/compatibility/pearl-danio-and-tiger-barb/,pearl-danio,tiger-barb,False,False,/compatibility/pearl-danio/,/compatibility/tiger-barb/,Ensure both owner links
/compatibility/pearl-danio-and-watchman-goby/,pearl-danio,watchman-goby,False,False,/compatibility/pearl-danio/,/compatibility/watchman-goby/,Ensure both owner links
/compatibility/pearl-danio-and-weather-loach/,pearl-danio,weather-loach,False,False,/compatibility/pearl-danio/,/compatibility/weather-loach/,Ensure both owner links
/compatibility/pearl-danio-and-x-ray-tetra/,pearl-danio,x-ray-tetra,False,False,/compatibility/pearl-danio/,/compatibility/x-ray-tetra/,Ensure both owner links
/compatibility/pearl-danio-and-yellow-tang/,pearl-danio,yellow-tang,False,False,/compatibility/pearl-danio/,/compatibility/yellow-tang/,Ensure both owner links
/compatibility/pearl-danio-and-yoyo-loach/,pearl-danio,yoyo-loach,False,False,/compatibility/pearl-danio/,/compatibility/yoyo-loach/,Ensure both owner links
/compatibility/pearl-danio-and-zebra-danio/,pearl-danio,zebra-danio,False,False,/compatibility/pearl-danio/,/compatibility/zebra-danio/,Ensure both owner links
/compatibility/pearl-danio-and-zebra-loach/,pearl-danio,zebra-loach,False,False,/compatibility/pearl-danio/,/compatibility/zebra-loach/,Ensure both owner links
/compatibility/pearl-danio-and-zebra-pleco/,pearl-danio,zebra-pleco,False,False,/compatibility/pearl-danio/,/compatibility/zebra-pleco/,Ensure both owner links
/compatibility/peppered-cory-and-percula-clownfish/,peppered-cory,percula-clownfish,False,False,/compatibility/peppered-cory/,/compatibility/percula-clownfish/,Ensure both owner links
/compatibility/peppered-cory-and-platy/,peppered-cory,platy,False,False,/compatibility/peppered-cory/,/compatibility/platy/,Ensure both owner links
/compatibility/peppered-cory-and-pygmy-corydoras/,peppered-cory,pygmy-corydoras,False,False,/compatibility/peppered-cory/,/compatibility/pygmy-corydoras/,Ensure both owner links
/compatibility/peppered-cory-and-rainbow-shark/,peppered-cory,rainbow-shark,False,False,/compatibility/peppered-cory/,/compatibility/rainbow-shark/,Ensure both owner links
/compatibility/peppered-cory-and-red-eye-tetra/,peppered-cory,red-eye-tetra,False,False,/compatibility/peppered-cory/,/compatibility/red-eye-tetra/,Ensure both owner links
/compatibility/peppered-cory-and-rosy-barb/,peppered-cory,rosy-barb,False,False,/compatibility/peppered-cory/,/compatibility/rosy-barb/,Ensure both owner links
/compatibility/peppered-cory-and-royal-gramma/,peppered-cory,royal-gramma,False,False,/compatibility/peppered-cory/,/compatibility/royal-gramma/,Ensure both owner links
/compatibility/peppered-cory-and-senegal-bichir/,peppered-cory,senegal-bichir,False,False,/compatibility/peppered-cory/,/compatibility/senegal-bichir/,Ensure both owner links
/compatibility/peppered-cory-and-serpae-tetra/,peppered-cory,serpae-tetra,False,False,/compatibility/peppered-cory/,/compatibility/serpae-tetra/,Ensure both owner links
/compatibility/peppered-cory-and-severum-cichlid/,peppered-cory,severum-cichlid,False,False,/compatibility/peppered-cory/,/compatibility/severum-cichlid/,Ensure both owner links
/compatibility/peppered-cory-and-silver-arowana/,peppered-cory,silver-arowana,False,False,/compatibility/peppered-cory/,/compatibility/silver-arowana/,Ensure both owner links
/compatibility/peppered-cory-and-silver-dollar/,peppered-cory,silver-dollar,False,False,/compatibility/peppered-cory/,/compatibility/silver-dollar/,Ensure both owner links
/compatibility/peppered-cory-and-sparkling-gourami/,peppered-cory,sparkling-gourami,False,False,/compatibility/peppered-cory/,/compatibility/sparkling-gourami/,Ensure both owner links
/compatibility/peppered-cory-and-sterbai-cory/,peppered-cory,sterbai-cory,False,False,/compatibility/peppered-cory/,/compatibility/sterbai-cory/,Ensure both owner links
/compatibility/peppered-cory-and-swordtail/,peppered-cory,swordtail,False,False,/compatibility/peppered-cory/,/compatibility/swordtail/,Ensure both owner links
/compatibility/peppered-cory-and-texas-cichlid/,peppered-cory,texas-cichlid,False,False,/compatibility/peppered-cory/,/compatibility/texas-cichlid/,Ensure both owner links
/compatibility/peppered-cory-and-threadfin-rainbowfish/,peppered-cory,threadfin-rainbowfish,False,False,/compatibility/peppered-cory/,/compatibility/threadfin-rainbowfish/,Ensure both owner links
/compatibility/peppered-cory-and-three-spot-gourami/,peppered-cory,three-spot-gourami,False,False,/compatibility/peppered-cory/,/compatibility/three-spot-gourami/,Ensure both owner links
/compatibility/peppered-cory-and-tiger-barb/,peppered-cory,tiger-barb,False,False,/compatibility/peppered-cory/,/compatibility/tiger-barb/,Ensure both owner links
/compatibility/peppered-cory-and-watchman-goby/,peppered-cory,watchman-goby,False,False,/compatibility/peppered-cory/,/compatibility/watchman-goby/,Ensure both owner links
/compatibility/peppered-cory-and-weather-loach/,peppered-cory,weather-loach,False,False,/compatibility/peppered-cory/,/compatibility/weather-loach/,Ensure both owner links
/compatibility/peppered-cory-and-x-ray-tetra/,peppered-cory,x-ray-tetra,False,False,/compatibility/peppered-cory/,/compatibility/x-ray-tetra/,Ensure both owner links
/compatibility/peppered-cory-and-yellow-tang/,peppered-cory,yellow-tang,False,False,/compatibility/peppered-cory/,/compatibility/yellow-tang/,Ensure both owner links
/compatibility/peppered-cory-and-yoyo-loach/,peppered-cory,yoyo-loach,False,False,/compatibility/peppered-cory/,/compatibility/yoyo-loach/,Ensure both owner links
/compatibility/peppered-cory-and-zebra-danio/,peppered-cory,zebra-danio,False,False,/compatibility/peppered-cory/,/compatibility/zebra-danio/,Ensure both owner links
/compatibility/peppered-cory-and-zebra-loach/,peppered-cory,zebra-loach,False,False,/compatibility/peppered-cory/,/compatibility/zebra-loach/,Ensure both owner links
/compatibility/peppered-cory-and-zebra-pleco/,peppered-cory,zebra-pleco,False,False,/compatibility/peppered-cory/,/compatibility/zebra-pleco/,Ensure both owner links
/compatibility/percula-clownfish-and-platy/,percula-clownfish,platy,False,False,/compatibility/percula-clownfish/,/compatibility/platy/,Ensure both owner links
/compatibility/percula-clownfish-and-pygmy-corydoras/,percula-clownfish,pygmy-corydoras,False,False,/compatibility/percula-clownfish/,/compatibility/pygmy-corydoras/,Ensure both owner links
/compatibility/percula-clownfish-and-rainbow-shark/,percula-clownfish,rainbow-shark,False,False,/compatibility/percula-clownfish/,/compatibility/rainbow-shark/,Ensure both owner links
/compatibility/percula-clownfish-and-red-eye-tetra/,percula-clownfish,red-eye-tetra,False,False,/compatibility/percula-clownfish/,/compatibility/red-eye-tetra/,Ensure both owner links
/compatibility/percula-clownfish-and-rosy-barb/,percula-clownfish,rosy-barb,False,False,/compatibility/percula-clownfish/,/compatibility/rosy-barb/,Ensure both owner links
/compatibility/percula-clownfish-and-royal-gramma/,percula-clownfish,royal-gramma,False,False,/compatibility/percula-clownfish/,/compatibility/royal-gramma/,Ensure both owner links
/compatibility/percula-clownfish-and-senegal-bichir/,percula-clownfish,senegal-bichir,False,False,/compatibility/percula-clownfish/,/compatibility/senegal-bichir/,Ensure both owner links
/compatibility/percula-clownfish-and-serpae-tetra/,percula-clownfish,serpae-tetra,False,False,/compatibility/percula-clownfish/,/compatibility/serpae-tetra/,Ensure both owner links
/compatibility/percula-clownfish-and-severum-cichlid/,percula-clownfish,severum-cichlid,False,False,/compatibility/percula-clownfish/,/compatibility/severum-cichlid/,Ensure both owner links
/compatibility/percula-clownfish-and-silver-arowana/,percula-clownfish,silver-arowana,False,False,/compatibility/percula-clownfish/,/compatibility/silver-arowana/,Ensure both owner links
/compatibility/percula-clownfish-and-silver-dollar/,percula-clownfish,silver-dollar,False,False,/compatibility/percula-clownfish/,/compatibility/silver-dollar/,Ensure both owner links
/compatibility/percula-clownfish-and-sparkling-gourami/,percula-clownfish,sparkling-gourami,False,False,/compatibility/percula-clownfish/,/compatibility/sparkling-gourami/,Ensure both owner links
/compatibility/percula-clownfish-and-sterbai-cory/,percula-clownfish,sterbai-cory,False,False,/compatibility/percula-clownfish/,/compatibility/sterbai-cory/,Ensure both owner links
/compatibility/percula-clownfish-and-swordtail/,percula-clownfish,swordtail,False,False,/compatibility/percula-clownfish/,/compatibility/swordtail/,Ensure both owner links
/compatibility/percula-clownfish-and-texas-cichlid/,percula-clownfish,texas-cichlid,False,False,/compatibility/percula-clownfish/,/compatibility/texas-cichlid/,Ensure both owner links
/compatibility/percula-clownfish-and-threadfin-rainbowfish/,percula-clownfish,threadfin-rainbowfish,False,False,/compatibility/percula-clownfish/,/compatibility/threadfin-rainbowfish/,Ensure both owner links
/compatibility/percula-clownfish-and-three-spot-gourami/,percula-clownfish,three-spot-gourami,False,False,/compatibility/percula-clownfish/,/compatibility/three-spot-gourami/,Ensure both owner links
/compatibility/percula-clownfish-and-tiger-barb/,percula-clownfish,tiger-barb,False,False,/compatibility/percula-clownfish/,/compatibility/tiger-barb/,Ensure both owner links
/compatibility/percula-clownfish-and-watchman-goby/,percula-clownfish,watchman-goby,False,False,/compatibility/percula-clownfish/,/compatibility/watchman-goby/,Ensure both owner links
/compatibility/percula-clownfish-and-weather-loach/,percula-clownfish,weather-loach,False,False,/compatibility/percula-clownfish/,/compatibility/weather-loach/,Ensure both owner links
/compatibility/percula-clownfish-and-x-ray-tetra/,percula-clownfish,x-ray-tetra,False,False,/compatibility/percula-clownfish/,/compatibility/x-ray-tetra/,Ensure both owner links
/compatibility/percula-clownfish-and-yellow-tang/,percula-clownfish,yellow-tang,False,False,/compatibility/percula-clownfish/,/compatibility/yellow-tang/,Ensure both owner links
/compatibility/percula-clownfish-and-yoyo-loach/,percula-clownfish,yoyo-loach,False,False,/compatibility/percula-clownfish/,/compatibility/yoyo-loach/,Ensure both owner links
/compatibility/percula-clownfish-and-zebra-danio/,percula-clownfish,zebra-danio,False,False,/compatibility/percula-clownfish/,/compatibility/zebra-danio/,Ensure both owner links
/compatibility/percula-clownfish-and-zebra-loach/,percula-clownfish,zebra-loach,False,False,/compatibility/percula-clownfish/,/compatibility/zebra-loach/,Ensure both owner links
/compatibility/percula-clownfish-and-zebra-pleco/,percula-clownfish,zebra-pleco,False,False,/compatibility/percula-clownfish/,/compatibility/zebra-pleco/,Ensure both owner links
/compatibility/platy-and-pygmy-corydoras/,platy,pygmy-corydoras,False,False,/compatibility/platy/,/compatibility/pygmy-corydoras/,Ensure both owner links
/compatibility/platy-and-rainbow-shark/,platy,rainbow-shark,False,False,/compatibility/platy/,/compatibility/rainbow-shark/,Ensure both owner links
/compatibility/platy-and-red-eye-tetra/,platy,red-eye-tetra,False,False,/compatibility/platy/,/compatibility/red-eye-tetra/,Ensure both owner links
/compatibility/platy-and-rosy-barb/,platy,rosy-barb,False,False,/compatibility/platy/,/compatibility/rosy-barb/,Ensure both owner links
/compatibility/platy-and-royal-gramma/,platy,royal-gramma,False,False,/compatibility/platy/,/compatibility/royal-gramma/,Ensure both owner links
/compatibility/platy-and-senegal-bichir/,platy,senegal-bichir,False,False,/compatibility/platy/,/compatibility/senegal-bichir/,Ensure both owner links
/compatibility/platy-and-serpae-tetra/,platy,serpae-tetra,False,False,/compatibility/platy/,/compatibility/serpae-tetra/,Ensure both owner links
/compatibility/platy-and-severum-cichlid/,platy,severum-cichlid,False,False,/compatibility/platy/,/compatibility/severum-cichlid/,Ensure both owner links
/compatibility/platy-and-silver-arowana/,platy,silver-arowana,False,False,/compatibility/platy/,/compatibility/silver-arowana/,Ensure both owner links
/compatibility/platy-and-silver-dollar/,platy,silver-dollar,False,False,/compatibility/platy/,/compatibility/silver-dollar/,Ensure both owner links
/compatibility/platy-and-sparkling-gourami/,platy,sparkling-gourami,False,False,/compatibility/platy/,/compatibility/sparkling-gourami/,Ensure both owner links
/compatibility/platy-and-sterbai-cory/,platy,sterbai-cory,False,False,/compatibility/platy/,/compatibility/sterbai-cory/,Ensure both owner links
/compatibility/platy-and-swordtail/,platy,swordtail,False,False,/compatibility/platy/,/compatibility/swordtail/,Ensure both owner links
/compatibility/platy-and-texas-cichlid/,platy,texas-cichlid,False,False,/compatibility/platy/,/compatibility/texas-cichlid/,Ensure both owner links
/compatibility/platy-and-threadfin-rainbowfish/,platy,threadfin-rainbowfish,False,False,/compatibility/platy/,/compatibility/threadfin-rainbowfish/,Ensure both owner links
/compatibility/platy-and-three-spot-gourami/,platy,three-spot-gourami,False,False,/compatibility/platy/,/compatibility/three-spot-gourami/,Ensure both owner links
/compatibility/platy-and-tiger-barb/,platy,tiger-barb,False,False,/compatibility/platy/,/compatibility/tiger-barb/,Ensure both owner links
/compatibility/platy-and-watchman-goby/,platy,watchman-goby,False,False,/compatibility/platy/,/compatibility/watchman-goby/,Ensure both owner links
/compatibility/platy-and-weather-loach/,platy,weather-loach,False,False,/compatibility/platy/,/compatibility/weather-loach/,Ensure both owner links
/compatibility/platy-and-x-ray-tetra/,platy,x-ray-tetra,False,False,/compatibility/platy/,/compatibility/x-ray-tetra/,Ensure both owner links
/compatibility/platy-and-yellow-tang/,platy,yellow-tang,False,False,/compatibility/platy/,/compatibility/yellow-tang/,Ensure both owner links
/compatibility/platy-and-yoyo-loach/,platy,yoyo-loach,False,False,/compatibility/platy/,/compatibility/yoyo-loach/,Ensure both owner links
/compatibility/platy-and-zebra-danio/,platy,zebra-danio,False,False,/compatibility/platy/,/compatibility/zebra-danio/,Ensure both owner links
/compatibility/platy-and-zebra-loach/,platy,zebra-loach,False,False,/compatibility/platy/,/compatibility/zebra-loach/,Ensure both owner links
/compatibility/platy-and-zebra-pleco/,platy,zebra-pleco,False,False,/compatibility/platy/,/compatibility/zebra-pleco/,Ensure both owner links
/compatibility/pygmy-corydoras-and-rainbow-shark/,pygmy-corydoras,rainbow-shark,False,False,/compatibility/pygmy-corydoras/,/compatibility/rainbow-shark/,Ensure both owner links
/compatibility/pygmy-corydoras-and-red-eye-tetra/,pygmy-corydoras,red-eye-tetra,False,False,/compatibility/pygmy-corydoras/,/compatibility/red-eye-tetra/,Ensure both owner links
/compatibility/pygmy-corydoras-and-rosy-barb/,pygmy-corydoras,rosy-barb,False,False,/compatibility/pygmy-corydoras/,/compatibility/rosy-barb/,Ensure both owner links
/compatibility/pygmy-corydoras-and-royal-gramma/,pygmy-corydoras,royal-gramma,False,False,/compatibility/pygmy-corydoras/,/compatibility/royal-gramma/,Ensure both owner links
/compatibility/pygmy-corydoras-and-senegal-bichir/,pygmy-corydoras,senegal-bichir,False,False,/compatibility/pygmy-corydoras/,/compatibility/senegal-bichir/,Ensure both owner links
/compatibility/pygmy-corydoras-and-serpae-tetra/,pygmy-corydoras,serpae-tetra,False,False,/compatibility/pygmy-corydoras/,/compatibility/serpae-tetra/,Ensure both owner links
/compatibility/pygmy-corydoras-and-severum-cichlid/,pygmy-corydoras,severum-cichlid,False,False,/compatibility/pygmy-corydoras/,/compatibility/severum-cichlid/,Ensure both owner links
/compatibility/pygmy-corydoras-and-silver-arowana/,pygmy-corydoras,silver-arowana,False,False,/compatibility/pygmy-corydoras/,/compatibility/silver-arowana/,Ensure both owner links
/compatibility/pygmy-corydoras-and-silver-dollar/,pygmy-corydoras,silver-dollar,False,False,/compatibility/pygmy-corydoras/,/compatibility/silver-dollar/,Ensure both owner links
/compatibility/pygmy-corydoras-and-sparkling-gourami/,pygmy-corydoras,sparkling-gourami,False,False,/compatibility/pygmy-corydoras/,/compatibility/sparkling-gourami/,Ensure both owner links
/compatibility/pygmy-corydoras-and-sterbai-cory/,pygmy-corydoras,sterbai-cory,False,False,/compatibility/pygmy-corydoras/,/compatibility/sterbai-cory/,Ensure both owner links
/compatibility/pygmy-corydoras-and-swordtail/,pygmy-corydoras,swordtail,False,False,/compatibility/pygmy-corydoras/,/compatibility/swordtail/,Ensure both owner links
/compatibility/pygmy-corydoras-and-texas-cichlid/,pygmy-corydoras,texas-cichlid,False,False,/compatibility/pygmy-corydoras/,/compatibility/texas-cichlid/,Ensure both owner links
/compatibility/pygmy-corydoras-and-threadfin-rainbowfish/,pygmy-corydoras,threadfin-rainbowfish,False,False,/compatibility/pygmy-corydoras/,/compatibility/threadfin-rainbowfish/,Ensure both owner links
/compatibility/pygmy-corydoras-and-three-spot-gourami/,pygmy-corydoras,three-spot-gourami,False,False,/compatibility/pygmy-corydoras/,/compatibility/three-spot-gourami/,Ensure both owner links
/compatibility/pygmy-corydoras-and-tiger-barb/,pygmy-corydoras,tiger-barb,False,False,/compatibility/pygmy-corydoras/,/compatibility/tiger-barb/,Ensure both owner links
/compatibility/pygmy-corydoras-and-watchman-goby/,pygmy-corydoras,watchman-goby,False,False,/compatibility/pygmy-corydoras/,/compatibility/watchman-goby/,Ensure both owner links
/compatibility/pygmy-corydoras-and-weather-loach/,pygmy-corydoras,weather-loach,False,False,/compatibility/pygmy-corydoras/,/compatibility/weather-loach/,Ensure both owner links
/compatibility/pygmy-corydoras-and-x-ray-tetra/,pygmy-corydoras,x-ray-tetra,False,False,/compatibility/pygmy-corydoras/,/compatibility/x-ray-tetra/,Ensure both owner links
/compatibility/pygmy-corydoras-and-yellow-tang/,pygmy-corydoras,yellow-tang,False,False,/compatibility/pygmy-corydoras/,/compatibility/yellow-tang/,Ensure both owner links
/compatibility/pygmy-corydoras-and-yoyo-loach/,pygmy-corydoras,yoyo-loach,False,False,/compatibility/pygmy-corydoras/,/compatibility/yoyo-loach/,Ensure both owner links
/compatibility/pygmy-corydoras-and-zebra-danio/,pygmy-corydoras,zebra-danio,False,False,/compatibility/pygmy-corydoras/,/compatibility/zebra-danio/,Ensure both owner links
/compatibility/pygmy-corydoras-and-zebra-loach/,pygmy-corydoras,zebra-loach,False,False,/compatibility/pygmy-corydoras/,/compatibility/zebra-loach/,Ensure both owner links
/compatibility/pygmy-corydoras-and-zebra-pleco/,pygmy-corydoras,zebra-pleco,False,False,/compatibility/pygmy-corydoras/,/compatibility/zebra-pleco/,Ensure both owner links
/compatibility/rainbow-shark-and-red-eye-tetra/,rainbow-shark,red-eye-tetra,False,False,/compatibility/rainbow-shark/,/compatibility/red-eye-tetra/,Ensure both owner links
/compatibility/rainbow-shark-and-rosy-barb/,rainbow-shark,rosy-barb,False,False,/compatibility/rainbow-shark/,/compatibility/rosy-barb/,Ensure both owner links
/compatibility/rainbow-shark-and-royal-gramma/,rainbow-shark,royal-gramma,False,False,/compatibility/rainbow-shark/,/compatibility/royal-gramma/,Ensure both owner links
/compatibility/rainbow-shark-and-senegal-bichir/,rainbow-shark,senegal-bichir,False,False,/compatibility/rainbow-shark/,/compatibility/senegal-bichir/,Ensure both owner links
/compatibility/rainbow-shark-and-serpae-tetra/,rainbow-shark,serpae-tetra,False,False,/compatibility/rainbow-shark/,/compatibility/serpae-tetra/,Ensure both owner links
/compatibility/rainbow-shark-and-severum-cichlid/,rainbow-shark,severum-cichlid,False,False,/compatibility/rainbow-shark/,/compatibility/severum-cichlid/,Ensure both owner links
/compatibility/rainbow-shark-and-silver-arowana/,rainbow-shark,silver-arowana,False,False,/compatibility/rainbow-shark/,/compatibility/silver-arowana/,Ensure both owner links
/compatibility/rainbow-shark-and-silver-dollar/,rainbow-shark,silver-dollar,False,False,/compatibility/rainbow-shark/,/compatibility/silver-dollar/,Ensure both owner links
/compatibility/rainbow-shark-and-sparkling-gourami/,rainbow-shark,sparkling-gourami,False,False,/compatibility/rainbow-shark/,/compatibility/sparkling-gourami/,Ensure both owner links
/compatibility/rainbow-shark-and-sterbai-cory/,rainbow-shark,sterbai-cory,False,False,/compatibility/rainbow-shark/,/compatibility/sterbai-cory/,Ensure both owner links
/compatibility/rainbow-shark-and-swordtail/,rainbow-shark,swordtail,False,False,/compatibility/rainbow-shark/,/compatibility/swordtail/,Ensure both owner links
/compatibility/rainbow-shark-and-texas-cichlid/,rainbow-shark,texas-cichlid,False,False,/compatibility/rainbow-shark/,/compatibility/texas-cichlid/,Ensure both owner links
/compatibility/rainbow-shark-and-threadfin-rainbowfish/,rainbow-shark,threadfin-rainbowfish,False,False,/compatibility/rainbow-shark/,/compatibility/threadfin-rainbowfish/,Ensure both owner links
/compatibility/rainbow-shark-and-three-spot-gourami/,rainbow-shark,three-spot-gourami,False,False,/compatibility/rainbow-shark/,/compatibility/three-spot-gourami/,Ensure both owner links
/compatibility/rainbow-shark-and-tiger-barb/,rainbow-shark,tiger-barb,False,False,/compatibility/rainbow-shark/,/compatibility/tiger-barb/,Ensure both owner links
/compatibility/rainbow-shark-and-watchman-goby/,rainbow-shark,watchman-goby,False,False,/compatibility/rainbow-shark/,/compatibility/watchman-goby/,Ensure both owner links
/compatibility/rainbow-shark-and-weather-loach/,rainbow-shark,weather-loach,False,False,/compatibility/rainbow-shark/,/compatibility/weather-loach/,Ensure both owner links
/compatibility/rainbow-shark-and-x-ray-tetra/,rainbow-shark,x-ray-tetra,False,False,/compatibility/rainbow-shark/,/compatibility/x-ray-tetra/,Ensure both owner links
/compatibility/rainbow-shark-and-yellow-tang/,rainbow-shark,yellow-tang,False,False,/compatibility/rainbow-shark/,/compatibility/yellow-tang/,Ensure both owner links
/compatibility/rainbow-shark-and-yoyo-loach/,rainbow-shark,yoyo-loach,False,False,/compatibility/rainbow-shark/,/compatibility/yoyo-loach/,Ensure both owner links
/compatibility/rainbow-shark-and-zebra-danio/,rainbow-shark,zebra-danio,False,False,/compatibility/rainbow-shark/,/compatibility/zebra-danio/,Ensure both owner links
/compatibility/rainbow-shark-and-zebra-loach/,rainbow-shark,zebra-loach,False,False,/compatibility/rainbow-shark/,/compatibility/zebra-loach/,Ensure both owner links
/compatibility/rainbow-shark-and-zebra-pleco/,rainbow-shark,zebra-pleco,False,False,/compatibility/rainbow-shark/,/compatibility/zebra-pleco/,Ensure both owner links
/compatibility/red-eye-tetra-and-rosy-barb/,red-eye-tetra,rosy-barb,False,False,/compatibility/red-eye-tetra/,/compatibility/rosy-barb/,Ensure both owner links
/compatibility/red-eye-tetra-and-royal-gramma/,red-eye-tetra,royal-gramma,False,False,/compatibility/red-eye-tetra/,/compatibility/royal-gramma/,Ensure both owner links
/compatibility/red-eye-tetra-and-senegal-bichir/,red-eye-tetra,senegal-bichir,False,False,/compatibility/red-eye-tetra/,/compatibility/senegal-bichir/,Ensure both owner links
/compatibility/red-eye-tetra-and-serpae-tetra/,red-eye-tetra,serpae-tetra,False,False,/compatibility/red-eye-tetra/,/compatibility/serpae-tetra/,Ensure both owner links
/compatibility/red-eye-tetra-and-severum-cichlid/,red-eye-tetra,severum-cichlid,False,False,/compatibility/red-eye-tetra/,/compatibility/severum-cichlid/,Ensure both owner links
/compatibility/red-eye-tetra-and-silver-arowana/,red-eye-tetra,silver-arowana,False,False,/compatibility/red-eye-tetra/,/compatibility/silver-arowana/,Ensure both owner links
/compatibility/red-eye-tetra-and-silver-dollar/,red-eye-tetra,silver-dollar,False,False,/compatibility/red-eye-tetra/,/compatibility/silver-dollar/,Ensure both owner links
/compatibility/red-eye-tetra-and-sparkling-gourami/,red-eye-tetra,sparkling-gourami,False,False,/compatibility/red-eye-tetra/,/compatibility/sparkling-gourami/,Ensure both owner links
/compatibility/red-eye-tetra-and-sterbai-cory/,red-eye-tetra,sterbai-cory,False,False,/compatibility/red-eye-tetra/,/compatibility/sterbai-cory/,Ensure both owner links
/compatibility/red-eye-tetra-and-swordtail/,red-eye-tetra,swordtail,False,False,/compatibility/red-eye-tetra/,/compatibility/swordtail/,Ensure both owner links
/compatibility/red-eye-tetra-and-texas-cichlid/,red-eye-tetra,texas-cichlid,False,False,/compatibility/red-eye-tetra/,/compatibility/texas-cichlid/,Ensure both owner links
/compatibility/red-eye-tetra-and-threadfin-rainbowfish/,red-eye-tetra,threadfin-rainbowfish,False,False,/compatibility/red-eye-tetra/,/compatibility/threadfin-rainbowfish/,Ensure both owner links
/compatibility/red-eye-tetra-and-three-spot-gourami/,red-eye-tetra,three-spot-gourami,False,False,/compatibility/red-eye-tetra/,/compatibility/three-spot-gourami/,Ensure both owner links
/compatibility/red-eye-tetra-and-tiger-barb/,red-eye-tetra,tiger-barb,False,False,/compatibility/red-eye-tetra/,/compatibility/tiger-barb/,Ensure both owner links
/compatibility/red-eye-tetra-and-watchman-goby/,red-eye-tetra,watchman-goby,False,False,/compatibility/red-eye-tetra/,/compatibility/watchman-goby/,Ensure both owner links
/compatibility/red-eye-tetra-and-weather-loach/,red-eye-tetra,weather-loach,False,False,/compatibility/red-eye-tetra/,/compatibility/weather-loach/,Ensure both owner links
/compatibility/red-eye-tetra-and-x-ray-tetra/,red-eye-tetra,x-ray-tetra,False,False,/compatibility/red-eye-tetra/,/compatibility/x-ray-tetra/,Ensure both owner links
/compatibility/red-eye-tetra-and-yellow-tang/,red-eye-tetra,yellow-tang,False,False,/compatibility/red-eye-tetra/,/compatibility/yellow-tang/,Ensure both owner links
/compatibility/red-eye-tetra-and-yoyo-loach/,red-eye-tetra,yoyo-loach,False,False,/compatibility/red-eye-tetra/,/compatibility/yoyo-loach/,Ensure both owner links
/compatibility/red-eye-tetra-and-zebra-danio/,red-eye-tetra,zebra-danio,False,False,/compatibility/red-eye-tetra/,/compatibility/zebra-danio/,Ensure both owner links
/compatibility/red-eye-tetra-and-zebra-loach/,red-eye-tetra,zebra-loach,False,False,/compatibility/red-eye-tetra/,/compatibility/zebra-loach/,Ensure both owner links
/compatibility/red-eye-tetra-and-zebra-pleco/,red-eye-tetra,zebra-pleco,False,False,/compatibility/red-eye-tetra/,/compatibility/zebra-pleco/,Ensure both owner links
/compatibility/rosy-barb-and-royal-gramma/,rosy-barb,royal-gramma,False,False,/compatibility/rosy-barb/,/compatibility/royal-gramma/,Ensure both owner links
/compatibility/rosy-barb-and-senegal-bichir/,rosy-barb,senegal-bichir,False,False,/compatibility/rosy-barb/,/compatibility/senegal-bichir/,Ensure both owner links
/compatibility/rosy-barb-and-serpae-tetra/,rosy-barb,serpae-tetra,False,False,/compatibility/rosy-barb/,/compatibility/serpae-tetra/,Ensure both owner links
/compatibility/rosy-barb-and-severum-cichlid/,rosy-barb,severum-cichlid,False,False,/compatibility/rosy-barb/,/compatibility/severum-cichlid/,Ensure both owner links
/compatibility/rosy-barb-and-silver-arowana/,rosy-barb,silver-arowana,False,False,/compatibility/rosy-barb/,/compatibility/silver-arowana/,Ensure both owner links
/compatibility/rosy-barb-and-silver-dollar/,rosy-barb,silver-dollar,False,False,/compatibility/rosy-barb/,/compatibility/silver-dollar/,Ensure both owner links
/compatibility/rosy-barb-and-sparkling-gourami/,rosy-barb,sparkling-gourami,False,False,/compatibility/rosy-barb/,/compatibility/sparkling-gourami/,Ensure both owner links
/compatibility/rosy-barb-and-sterbai-cory/,rosy-barb,sterbai-cory,False,False,/compatibility/rosy-barb/,/compatibility/sterbai-cory/,Ensure both owner links
/compatibility/rosy-barb-and-swordtail/,rosy-barb,swordtail,False,False,/compatibility/rosy-barb/,/compatibility/swordtail/,Ensure both owner links
/compatibility/rosy-barb-and-texas-cichlid/,rosy-barb,texas-cichlid,False,False,/compatibility/rosy-barb/,/compatibility/texas-cichlid/,Ensure both owner links
/compatibility/rosy-barb-and-threadfin-rainbowfish/,rosy-barb,threadfin-rainbowfish,False,False,/compatibility/rosy-barb/,/compatibility/threadfin-rainbowfish/,Ensure both owner links
/compatibility/rosy-barb-and-three-spot-gourami/,rosy-barb,three-spot-gourami,False,False,/compatibility/rosy-barb/,/compatibility/three-spot-gourami/,Ensure both owner links
/compatibility/rosy-barb-and-tiger-barb/,rosy-barb,tiger-barb,False,False,/compatibility/rosy-barb/,/compatibility/tiger-barb/,Ensure both owner links
/compatibility/rosy-barb-and-watchman-goby/,rosy-barb,watchman-goby,False,False,/compatibility/rosy-barb/,/compatibility/watchman-goby/,Ensure both owner links
/compatibility/rosy-barb-and-weather-loach/,rosy-barb,weather-loach,False,False,/compatibility/rosy-barb/,/compatibility/weather-loach/,Ensure both owner links
/compatibility/rosy-barb-and-x-ray-tetra/,rosy-barb,x-ray-tetra,False,False,/compatibility/rosy-barb/,/compatibility/x-ray-tetra/,Ensure both owner links
/compatibility/rosy-barb-and-yellow-tang/,rosy-barb,yellow-tang,False,False,/compatibility/rosy-barb/,/compatibility/yellow-tang/,Ensure both owner links
/compatibility/rosy-barb-and-yoyo-loach/,rosy-barb,yoyo-loach,False,False,/compatibility/rosy-barb/,/compatibility/yoyo-loach/,Ensure both owner links
/compatibility/rosy-barb-and-zebra-danio/,rosy-barb,zebra-danio,False,False,/compatibility/rosy-barb/,/compatibility/zebra-danio/,Ensure both owner links
/compatibility/rosy-barb-and-zebra-loach/,rosy-barb,zebra-loach,False,False,/compatibility/rosy-barb/,/compatibility/zebra-loach/,Ensure both owner links
/compatibility/rosy-barb-and-zebra-pleco/,rosy-barb,zebra-pleco,False,False,/compatibility/rosy-barb/,/compatibility/zebra-pleco/,Ensure both owner links
/compatibility/royal-gramma-and-senegal-bichir/,royal-gramma,senegal-bichir,False,False,/compatibility/royal-gramma/,/compatibility/senegal-bichir/,Ensure both owner links
/compatibility/royal-gramma-and-serpae-tetra/,royal-gramma,serpae-tetra,False,False,/compatibility/royal-gramma/,/compatibility/serpae-tetra/,Ensure both owner links
/compatibility/royal-gramma-and-severum-cichlid/,royal-gramma,severum-cichlid,False,False,/compatibility/royal-gramma/,/compatibility/severum-cichlid/,Ensure both owner links
/compatibility/royal-gramma-and-silver-arowana/,royal-gramma,silver-arowana,False,False,/compatibility/royal-gramma/,/compatibility/silver-arowana/,Ensure both owner links
/compatibility/royal-gramma-and-silver-dollar/,royal-gramma,silver-dollar,False,False,/compatibility/royal-gramma/,/compatibility/silver-dollar/,Ensure both owner links
/compatibility/royal-gramma-and-sparkling-gourami/,royal-gramma,sparkling-gourami,False,False,/compatibility/royal-gramma/,/compatibility/sparkling-gourami/,Ensure both owner links
/compatibility/royal-gramma-and-sterbai-cory/,royal-gramma,sterbai-cory,False,False,/compatibility/royal-gramma/,/compatibility/sterbai-cory/,Ensure both owner links
/compatibility/royal-gramma-and-swordtail/,royal-gramma,swordtail,False,False,/compatibility/royal-gramma/,/compatibility/swordtail/,Ensure both owner links
/compatibility/royal-gramma-and-texas-cichlid/,royal-gramma,texas-cichlid,False,False,/compatibility/royal-gramma/,/compatibility/texas-cichlid/,Ensure both owner links
/compatibility/royal-gramma-and-threadfin-rainbowfish/,royal-gramma,threadfin-rainbowfish,False,False,/compatibility/royal-gramma/,/compatibility/threadfin-rainbowfish/,Ensure both owner links
/compatibility/royal-gramma-and-three-spot-gourami/,royal-gramma,three-spot-gourami,False,False,/compatibility/royal-gramma/,/compatibility/three-spot-gourami/,Ensure both owner links
/compatibility/royal-gramma-and-tiger-barb/,royal-gramma,tiger-barb,False,False,/compatibility/royal-gramma/,/compatibility/tiger-barb/,Ensure both owner links
/compatibility/royal-gramma-and-watchman-goby/,royal-gramma,watchman-goby,False,False,/compatibility/royal-gramma/,/compatibility/watchman-goby/,Ensure both owner links
/compatibility/royal-gramma-and-weather-loach/,royal-gramma,weather-loach,False,False,/compatibility/royal-gramma/,/compatibility/weather-loach/,Ensure both owner links
/compatibility/royal-gramma-and-x-ray-tetra/,royal-gramma,x-ray-tetra,False,False,/compatibility/royal-gramma/,/compatibility/x-ray-tetra/,Ensure both owner links
/compatibility/royal-gramma-and-yellow-tang/,royal-gramma,yellow-tang,False,False,/compatibility/royal-gramma/,/compatibility/yellow-tang/,Ensure both owner links
/compatibility/royal-gramma-and-yoyo-loach/,royal-gramma,yoyo-loach,False,False,/compatibility/royal-gramma/,/compatibility/yoyo-loach/,Ensure both owner links
/compatibility/royal-gramma-and-zebra-danio/,royal-gramma,zebra-danio,False,False,/compatibility/royal-gramma/,/compatibility/zebra-danio/,Ensure both owner links
/compatibility/royal-gramma-and-zebra-loach/,royal-gramma,zebra-loach,False,False,/compatibility/royal-gramma/,/compatibility/zebra-loach/,Ensure both owner links
/compatibility/royal-gramma-and-zebra-pleco/,royal-gramma,zebra-pleco,False,False,/compatibility/royal-gramma/,/compatibility/zebra-pleco/,Ensure both owner links
/compatibility/senegal-bichir-and-serpae-tetra/,senegal-bichir,serpae-tetra,False,False,/compatibility/senegal-bichir/,/compatibility/serpae-tetra/,Ensure both owner links
/compatibility/senegal-bichir-and-severum-cichlid/,senegal-bichir,severum-cichlid,False,False,/compatibility/senegal-bichir/,/compatibility/severum-cichlid/,Ensure both owner links
/compatibility/senegal-bichir-and-silver-arowana/,senegal-bichir,silver-arowana,False,False,/compatibility/senegal-bichir/,/compatibility/silver-arowana/,Ensure both owner links
/compatibility/senegal-bichir-and-silver-dollar/,senegal-bichir,silver-dollar,False,False,/compatibility/senegal-bichir/,/compatibility/silver-dollar/,Ensure both owner links
/compatibility/senegal-bichir-and-sparkling-gourami/,senegal-bichir,sparkling-gourami,False,False,/compatibility/senegal-bichir/,/compatibility/sparkling-gourami/,Ensure both owner links
/compatibility/senegal-bichir-and-sterbai-cory/,senegal-bichir,sterbai-cory,False,False,/compatibility/senegal-bichir/,/compatibility/sterbai-cory/,Ensure both owner links
/compatibility/senegal-bichir-and-swordtail/,senegal-bichir,swordtail,False,False,/compatibility/senegal-bichir/,/compatibility/swordtail/,Ensure both owner links
/compatibility/senegal-bichir-and-texas-cichlid/,senegal-bichir,texas-cichlid,False,False,/compatibility/senegal-bichir/,/compatibility/texas-cichlid/,Ensure both owner links
/compatibility/senegal-bichir-and-threadfin-rainbowfish/,senegal-bichir,threadfin-rainbowfish,False,False,/compatibility/senegal-bichir/,/compatibility/threadfin-rainbowfish/,Ensure both owner links
/compatibility/senegal-bichir-and-three-spot-gourami/,senegal-bichir,three-spot-gourami,False,False,/compatibility/senegal-bichir/,/compatibility/three-spot-gourami/,Ensure both owner links
/compatibility/senegal-bichir-and-tiger-barb/,senegal-bichir,tiger-barb,False,False,/compatibility/senegal-bichir/,/compatibility/tiger-barb/,Ensure both owner links
/compatibility/senegal-bichir-and-watchman-goby/,senegal-bichir,watchman-goby,False,False,/compatibility/senegal-bichir/,/compatibility/watchman-goby/,Ensure both owner links
/compatibility/senegal-bichir-and-weather-loach/,senegal-bichir,weather-loach,False,False,/compatibility/senegal-bichir/,/compatibility/weather-loach/,Ensure both owner links
/compatibility/senegal-bichir-and-x-ray-tetra/,senegal-bichir,x-ray-tetra,False,False,/compatibility/senegal-bichir/,/compatibility/x-ray-tetra/,Ensure both owner links
/compatibility/senegal-bichir-and-yellow-tang/,senegal-bichir,yellow-tang,False,False,/compatibility/senegal-bichir/,/compatibility/yellow-tang/,Ensure both owner links
/compatibility/senegal-bichir-and-yoyo-loach/,senegal-bichir,yoyo-loach,False,False,/compatibility/senegal-bichir/,/compatibility/yoyo-loach/,Ensure both owner links
/compatibility/senegal-bichir-and-zebra-danio/,senegal-bichir,zebra-danio,False,False,/compatibility/senegal-bichir/,/compatibility/zebra-danio/,Ensure both owner links
/compatibility/senegal-bichir-and-zebra-loach/,senegal-bichir,zebra-loach,False,False,/compatibility/senegal-bichir/,/compatibility/zebra-loach/,Ensure both owner links
/compatibility/senegal-bichir-and-zebra-pleco/,senegal-bichir,zebra-pleco,False,False,/compatibility/senegal-bichir/,/compatibility/zebra-pleco/,Ensure both owner links
/compatibility/serpae-tetra-and-severum-cichlid/,serpae-tetra,severum-cichlid,False,False,/compatibility/serpae-tetra/,/compatibility/severum-cichlid/,Ensure both owner links
/compatibility/serpae-tetra-and-silver-arowana/,serpae-tetra,silver-arowana,False,False,/compatibility/serpae-tetra/,/compatibility/silver-arowana/,Ensure both owner links
/compatibility/serpae-tetra-and-silver-dollar/,serpae-tetra,silver-dollar,False,False,/compatibility/serpae-tetra/,/compatibility/silver-dollar/,Ensure both owner links
/compatibility/serpae-tetra-and-sparkling-gourami/,serpae-tetra,sparkling-gourami,False,False,/compatibility/serpae-tetra/,/compatibility/sparkling-gourami/,Ensure both owner links
/compatibility/serpae-tetra-and-sterbai-cory/,serpae-tetra,sterbai-cory,False,False,/compatibility/serpae-tetra/,/compatibility/sterbai-cory/,Ensure both owner links
/compatibility/serpae-tetra-and-swordtail/,serpae-tetra,swordtail,False,False,/compatibility/serpae-tetra/,/compatibility/swordtail/,Ensure both owner links
/compatibility/serpae-tetra-and-texas-cichlid/,serpae-tetra,texas-cichlid,False,False,/compatibility/serpae-tetra/,/compatibility/texas-cichlid/,Ensure both owner links
/compatibility/serpae-tetra-and-threadfin-rainbowfish/,serpae-tetra,threadfin-rainbowfish,False,False,/compatibility/serpae-tetra/,/compatibility/threadfin-rainbowfish/,Ensure both owner links
/compatibility/serpae-tetra-and-three-spot-gourami/,serpae-tetra,three-spot-gourami,False,False,/compatibility/serpae-tetra/,/compatibility/three-spot-gourami/,Ensure both owner links
/compatibility/serpae-tetra-and-tiger-barb/,serpae-tetra,tiger-barb,False,False,/compatibility/serpae-tetra/,/compatibility/tiger-barb/,Ensure both owner links
/compatibility/serpae-tetra-and-watchman-goby/,serpae-tetra,watchman-goby,False,False,/compatibility/serpae-tetra/,/compatibility/watchman-goby/,Ensure both owner links
/compatibility/serpae-tetra-and-weather-loach/,serpae-tetra,weather-loach,False,False,/compatibility/serpae-tetra/,/compatibility/weather-loach/,Ensure both owner links
/compatibility/serpae-tetra-and-x-ray-tetra/,serpae-tetra,x-ray-tetra,False,False,/compatibility/serpae-tetra/,/compatibility/x-ray-tetra/,Ensure both owner links
/compatibility/serpae-tetra-and-yellow-tang/,serpae-tetra,yellow-tang,False,False,/compatibility/serpae-tetra/,/compatibility/yellow-tang/,Ensure both owner links
/compatibility/serpae-tetra-and-yoyo-loach/,serpae-tetra,yoyo-loach,False,False,/compatibility/serpae-tetra/,/compatibility/yoyo-loach/,Ensure both owner links
/compatibility/serpae-tetra-and-zebra-danio/,serpae-tetra,zebra-danio,False,False,/compatibility/serpae-tetra/,/compatibility/zebra-danio/,Ensure both owner links
/compatibility/serpae-tetra-and-zebra-loach/,serpae-tetra,zebra-loach,False,False,/compatibility/serpae-tetra/,/compatibility/zebra-loach/,Ensure both owner links
/compatibility/serpae-tetra-and-zebra-pleco/,serpae-tetra,zebra-pleco,False,False,/compatibility/serpae-tetra/,/compatibility/zebra-pleco/,Ensure both owner links
/compatibility/severum-cichlid-and-silver-arowana/,severum-cichlid,silver-arowana,False,False,/compatibility/severum-cichlid/,/compatibility/silver-arowana/,Ensure both owner links
/compatibility/severum-cichlid-and-silver-dollar/,severum-cichlid,silver-dollar,False,False,/compatibility/severum-cichlid/,/compatibility/silver-dollar/,Ensure both owner links
/compatibility/severum-cichlid-and-sparkling-gourami/,severum-cichlid,sparkling-gourami,False,False,/compatibility/severum-cichlid/,/compatibility/sparkling-gourami/,Ensure both owner links
/compatibility/severum-cichlid-and-sterbai-cory/,severum-cichlid,sterbai-cory,False,False,/compatibility/severum-cichlid/,/compatibility/sterbai-cory/,Ensure both owner links
/compatibility/severum-cichlid-and-swordtail/,severum-cichlid,swordtail,False,False,/compatibility/severum-cichlid/,/compatibility/swordtail/,Ensure both owner links
/compatibility/severum-cichlid-and-texas-cichlid/,severum-cichlid,texas-cichlid,False,False,/compatibility/severum-cichlid/,/compatibility/texas-cichlid/,Ensure both owner links
/compatibility/severum-cichlid-and-threadfin-rainbowfish/,severum-cichlid,threadfin-rainbowfish,False,False,/compatibility/severum-cichlid/,/compatibility/threadfin-rainbowfish/,Ensure both owner links
/compatibility/severum-cichlid-and-three-spot-gourami/,severum-cichlid,three-spot-gourami,False,False,/compatibility/severum-cichlid/,/compatibility/three-spot-gourami/,Ensure both owner links
/compatibility/severum-cichlid-and-tiger-barb/,severum-cichlid,tiger-barb,False,False,/compatibility/severum-cichlid/,/compatibility/tiger-barb/,Ensure both owner links
/compatibility/severum-cichlid-and-watchman-goby/,severum-cichlid,watchman-goby,False,False,/compatibility/severum-cichlid/,/compatibility/watchman-goby/,Ensure both owner links
/compatibility/severum-cichlid-and-weather-loach/,severum-cichlid,weather-loach,False,False,/compatibility/severum-cichlid/,/compatibility/weather-loach/,Ensure both owner links
/compatibility/severum-cichlid-and-x-ray-tetra/,severum-cichlid,x-ray-tetra,False,False,/compatibility/severum-cichlid/,/compatibility/x-ray-tetra/,Ensure both owner links
/compatibility/severum-cichlid-and-yellow-tang/,severum-cichlid,yellow-tang,False,False,/compatibility/severum-cichlid/,/compatibility/yellow-tang/,Ensure both owner links
/compatibility/severum-cichlid-and-yoyo-loach/,severum-cichlid,yoyo-loach,False,False,/compatibility/severum-cichlid/,/compatibility/yoyo-loach/,Ensure both owner links
/compatibility/severum-cichlid-and-zebra-danio/,severum-cichlid,zebra-danio,False,False,/compatibility/severum-cichlid/,/compatibility/zebra-danio/,Ensure both owner links
/compatibility/severum-cichlid-and-zebra-loach/,severum-cichlid,zebra-loach,False,False,/compatibility/severum-cichlid/,/compatibility/zebra-loach/,Ensure both owner links
/compatibility/severum-cichlid-and-zebra-pleco/,severum-cichlid,zebra-pleco,False,False,/compatibility/severum-cichlid/,/compatibility/zebra-pleco/,Ensure both owner links
/compatibility/silver-arowana-and-silver-dollar/,silver-arowana,silver-dollar,False,False,/compatibility/silver-arowana/,/compatibility/silver-dollar/,Ensure both owner links
/compatibility/silver-arowana-and-sparkling-gourami/,silver-arowana,sparkling-gourami,False,False,/compatibility/silver-arowana/,/compatibility/sparkling-gourami/,Ensure both owner links
/compatibility/silver-arowana-and-sterbai-cory/,silver-arowana,sterbai-cory,False,False,/compatibility/silver-arowana/,/compatibility/sterbai-cory/,Ensure both owner links
/compatibility/silver-arowana-and-swordtail/,silver-arowana,swordtail,False,False,/compatibility/silver-arowana/,/compatibility/swordtail/,Ensure both owner links
/compatibility/silver-arowana-and-texas-cichlid/,silver-arowana,texas-cichlid,False,False,/compatibility/silver-arowana/,/compatibility/texas-cichlid/,Ensure both owner links
/compatibility/silver-arowana-and-threadfin-rainbowfish/,silver-arowana,threadfin-rainbowfish,False,False,/compatibility/silver-arowana/,/compatibility/threadfin-rainbowfish/,Ensure both owner links
/compatibility/silver-arowana-and-three-spot-gourami/,silver-arowana,three-spot-gourami,False,False,/compatibility/silver-arowana/,/compatibility/three-spot-gourami/,Ensure both owner links
/compatibility/silver-arowana-and-tiger-barb/,silver-arowana,tiger-barb,False,False,/compatibility/silver-arowana/,/compatibility/tiger-barb/,Ensure both owner links
/compatibility/silver-arowana-and-watchman-goby/,silver-arowana,watchman-goby,False,False,/compatibility/silver-arowana/,/compatibility/watchman-goby/,Ensure both owner links
/compatibility/silver-arowana-and-weather-loach/,silver-arowana,weather-loach,False,False,/compatibility/silver-arowana/,/compatibility/weather-loach/,Ensure both owner links
/compatibility/silver-arowana-and-x-ray-tetra/,silver-arowana,x-ray-tetra,False,False,/compatibility/silver-arowana/,/compatibility/x-ray-tetra/,Ensure both owner links
/compatibility/silver-arowana-and-yellow-tang/,silver-arowana,yellow-tang,False,False,/compatibility/silver-arowana/,/compatibility/yellow-tang/,Ensure both owner links
/compatibility/silver-arowana-and-yoyo-loach/,silver-arowana,yoyo-loach,False,False,/compatibility/silver-arowana/,/compatibility/yoyo-loach/,Ensure both owner links
/compatibility/silver-arowana-and-zebra-danio/,silver-arowana,zebra-danio,False,False,/compatibility/silver-arowana/,/compatibility/zebra-danio/,Ensure both owner links
/compatibility/silver-arowana-and-zebra-loach/,silver-arowana,zebra-loach,False,False,/compatibility/silver-arowana/,/compatibility/zebra-loach/,Ensure both owner links
/compatibility/silver-arowana-and-zebra-pleco/,silver-arowana,zebra-pleco,False,False,/compatibility/silver-arowana/,/compatibility/zebra-pleco/,Ensure both owner links
/compatibility/silver-dollar-and-sparkling-gourami/,silver-dollar,sparkling-gourami,False,False,/compatibility/silver-dollar/,/compatibility/sparkling-gourami/,Ensure both owner links
/compatibility/silver-dollar-and-sterbai-cory/,silver-dollar,sterbai-cory,False,False,/compatibility/silver-dollar/,/compatibility/sterbai-cory/,Ensure both owner links
/compatibility/silver-dollar-and-swordtail/,silver-dollar,swordtail,False,False,/compatibility/silver-dollar/,/compatibility/swordtail/,Ensure both owner links
/compatibility/silver-dollar-and-texas-cichlid/,silver-dollar,texas-cichlid,False,False,/compatibility/silver-dollar/,/compatibility/texas-cichlid/,Ensure both owner links
/compatibility/silver-dollar-and-threadfin-rainbowfish/,silver-dollar,threadfin-rainbowfish,False,False,/compatibility/silver-dollar/,/compatibility/threadfin-rainbowfish/,Ensure both owner links
/compatibility/silver-dollar-and-three-spot-gourami/,silver-dollar,three-spot-gourami,False,False,/compatibility/silver-dollar/,/compatibility/three-spot-gourami/,Ensure both owner links
/compatibility/silver-dollar-and-tiger-barb/,silver-dollar,tiger-barb,False,False,/compatibility/silver-dollar/,/compatibility/tiger-barb/,Ensure both owner links
/compatibility/silver-dollar-and-watchman-goby/,silver-dollar,watchman-goby,False,False,/compatibility/silver-dollar/,/compatibility/watchman-goby/,Ensure both owner links
/compatibility/silver-dollar-and-weather-loach/,silver-dollar,weather-loach,False,False,/compatibility/silver-dollar/,/compatibility/weather-loach/,Ensure both owner links
/compatibility/silver-dollar-and-x-ray-tetra/,silver-dollar,x-ray-tetra,False,False,/compatibility/silver-dollar/,/compatibility/x-ray-tetra/,Ensure both owner links
/compatibility/silver-dollar-and-yellow-tang/,silver-dollar,yellow-tang,False,False,/compatibility/silver-dollar/,/compatibility/yellow-tang/,Ensure both owner links
/compatibility/silver-dollar-and-yoyo-loach/,silver-dollar,yoyo-loach,False,False,/compatibility/silver-dollar/,/compatibility/yoyo-loach/,Ensure both owner links
/compatibility/silver-dollar-and-zebra-danio/,silver-dollar,zebra-danio,False,False,/compatibility/silver-dollar/,/compatibility/zebra-danio/,Ensure both owner links
/compatibility/silver-dollar-and-zebra-loach/,silver-dollar,zebra-loach,False,False,/compatibility/silver-dollar/,/compatibility/zebra-loach/,Ensure both owner links
/compatibility/silver-dollar-and-zebra-pleco/,silver-dollar,zebra-pleco,False,False,/compatibility/silver-dollar/,/compatibility/zebra-pleco/,Ensure both owner links
/compatibility/sparkling-gourami-and-sterbai-cory/,sparkling-gourami,sterbai-cory,False,False,/compatibility/sparkling-gourami/,/compatibility/sterbai-cory/,Ensure both owner links
/compatibility/sparkling-gourami-and-swordtail/,sparkling-gourami,swordtail,False,False,/compatibility/sparkling-gourami/,/compatibility/swordtail/,Ensure both owner links
/compatibility/sparkling-gourami-and-texas-cichlid/,sparkling-gourami,texas-cichlid,False,False,/compatibility/sparkling-gourami/,/compatibility/texas-cichlid/,Ensure both owner links
/compatibility/sparkling-gourami-and-threadfin-rainbowfish/,sparkling-gourami,threadfin-rainbowfish,False,False,/compatibility/sparkling-gourami/,/compatibility/threadfin-rainbowfish/,Ensure both owner links
/compatibility/sparkling-gourami-and-three-spot-gourami/,sparkling-gourami,three-spot-gourami,False,False,/compatibility/sparkling-gourami/,/compatibility/three-spot-gourami/,Ensure both owner links
/compatibility/sparkling-gourami-and-tiger-barb/,sparkling-gourami,tiger-barb,False,False,/compatibility/sparkling-gourami/,/compatibility/tiger-barb/,Ensure both owner links
/compatibility/sparkling-gourami-and-watchman-goby/,sparkling-gourami,watchman-goby,False,False,/compatibility/sparkling-gourami/,/compatibility/watchman-goby/,Ensure both owner links
/compatibility/sparkling-gourami-and-weather-loach/,sparkling-gourami,weather-loach,False,False,/compatibility/sparkling-gourami/,/compatibility/weather-loach/,Ensure both owner links
/compatibility/sparkling-gourami-and-x-ray-tetra/,sparkling-gourami,x-ray-tetra,False,False,/compatibility/sparkling-gourami/,/compatibility/x-ray-tetra/,Ensure both owner links
/compatibility/sparkling-gourami-and-yellow-tang/,sparkling-gourami,yellow-tang,False,False,/compatibility/sparkling-gourami/,/compatibility/yellow-tang/,Ensure both owner links
/compatibility/sparkling-gourami-and-yoyo-loach/,sparkling-gourami,yoyo-loach,False,False,/compatibility/sparkling-gourami/,/compatibility/yoyo-loach/,Ensure both owner links
/compatibility/sparkling-gourami-and-zebra-danio/,sparkling-gourami,zebra-danio,False,False,/compatibility/sparkling-gourami/,/compatibility/zebra-danio/,Ensure both owner links
/compatibility/sparkling-gourami-and-zebra-loach/,sparkling-gourami,zebra-loach,False,False,/compatibility/sparkling-gourami/,/compatibility/zebra-loach/,Ensure both owner links
/compatibility/sparkling-gourami-and-zebra-pleco/,sparkling-gourami,zebra-pleco,False,False,/compatibility/sparkling-gourami/,/compatibility/zebra-pleco/,Ensure both owner links
/compatibility/sterbai-cory-and-swordtail/,sterbai-cory,swordtail,False,False,/compatibility/sterbai-cory/,/compatibility/swordtail/,Ensure both owner links
/compatibility/sterbai-cory-and-texas-cichlid/,sterbai-cory,texas-cichlid,False,False,/compatibility/sterbai-cory/,/compatibility/texas-cichlid/,Ensure both owner links
/compatibility/sterbai-cory-and-threadfin-rainbowfish/,sterbai-cory,threadfin-rainbowfish,False,False,/compatibility/sterbai-cory/,/compatibility/threadfin-rainbowfish/,Ensure both owner links
/compatibility/sterbai-cory-and-three-spot-gourami/,sterbai-cory,three-spot-gourami,False,False,/compatibility/sterbai-cory/,/compatibility/three-spot-gourami/,Ensure both owner links
/compatibility/sterbai-cory-and-tiger-barb/,sterbai-cory,tiger-barb,False,False,/compatibility/sterbai-cory/,/compatibility/tiger-barb/,Ensure both owner links
/compatibility/sterbai-cory-and-watchman-goby/,sterbai-cory,watchman-goby,False,False,/compatibility/sterbai-cory/,/compatibility/watchman-goby/,Ensure both owner links
/compatibility/sterbai-cory-and-weather-loach/,sterbai-cory,weather-loach,False,False,/compatibility/sterbai-cory/,/compatibility/weather-loach/,Ensure both owner links
/compatibility/sterbai-cory-and-x-ray-tetra/,sterbai-cory,x-ray-tetra,False,False,/compatibility/sterbai-cory/,/compatibility/x-ray-tetra/,Ensure both owner links
/compatibility/sterbai-cory-and-yellow-tang/,sterbai-cory,yellow-tang,False,False,/compatibility/sterbai-cory/,/compatibility/yellow-tang/,Ensure both owner links
/compatibility/sterbai-cory-and-yoyo-loach/,sterbai-cory,yoyo-loach,False,False,/compatibility/sterbai-cory/,/compatibility/yoyo-loach/,Ensure both owner links
/compatibility/sterbai-cory-and-zebra-danio/,sterbai-cory,zebra-danio,False,False,/compatibility/sterbai-cory/,/compatibility/zebra-danio/,Ensure both owner links
/compatibility/sterbai-cory-and-zebra-loach/,sterbai-cory,zebra-loach,False,False,/compatibility/sterbai-cory/,/compatibility/zebra-loach/,Ensure both owner links
/compatibility/sterbai-cory-and-zebra-pleco/,sterbai-cory,zebra-pleco,False,False,/compatibility/sterbai-cory/,/compatibility/zebra-pleco/,Ensure both owner links
/compatibility/swordtail-and-texas-cichlid/,swordtail,texas-cichlid,False,False,/compatibility/swordtail/,/compatibility/texas-cichlid/,Ensure both owner links
/compatibility/swordtail-and-threadfin-rainbowfish/,swordtail,threadfin-rainbowfish,False,False,/compatibility/swordtail/,/compatibility/threadfin-rainbowfish/,Ensure both owner links
/compatibility/swordtail-and-three-spot-gourami/,swordtail,three-spot-gourami,False,False,/compatibility/swordtail/,/compatibility/three-spot-gourami/,Ensure both owner links
/compatibility/swordtail-and-tiger-barb/,swordtail,tiger-barb,False,False,/compatibility/swordtail/,/compatibility/tiger-barb/,Ensure both owner links
/compatibility/swordtail-and-watchman-goby/,swordtail,watchman-goby,False,False,/compatibility/swordtail/,/compatibility/watchman-goby/,Ensure both owner links
/compatibility/swordtail-and-weather-loach/,swordtail,weather-loach,False,False,/compatibility/swordtail/,/compatibility/weather-loach/,Ensure both owner links
/compatibility/swordtail-and-x-ray-tetra/,swordtail,x-ray-tetra,False,False,/compatibility/swordtail/,/compatibility/x-ray-tetra/,Ensure both owner links
/compatibility/swordtail-and-yellow-tang/,swordtail,yellow-tang,False,False,/compatibility/swordtail/,/compatibility/yellow-tang/,Ensure both owner links
/compatibility/swordtail-and-yoyo-loach/,swordtail,yoyo-loach,False,False,/compatibility/swordtail/,/compatibility/yoyo-loach/,Ensure both owner links
/compatibility/swordtail-and-zebra-danio/,swordtail,zebra-danio,False,False,/compatibility/swordtail/,/compatibility/zebra-danio/,Ensure both owner links
/compatibility/swordtail-and-zebra-loach/,swordtail,zebra-loach,False,False,/compatibility/swordtail/,/compatibility/zebra-loach/,Ensure both owner links
/compatibility/swordtail-and-zebra-pleco/,swordtail,zebra-pleco,False,False,/compatibility/swordtail/,/compatibility/zebra-pleco/,Ensure both owner links
/compatibility/texas-cichlid-and-threadfin-rainbowfish/,texas-cichlid,threadfin-rainbowfish,False,False,/compatibility/texas-cichlid/,/compatibility/threadfin-rainbowfish/,Ensure both owner links
/compatibility/texas-cichlid-and-three-spot-gourami/,texas-cichlid,three-spot-gourami,False,False,/compatibility/texas-cichlid/,/compatibility/three-spot-gourami/,Ensure both owner links
/compatibility/texas-cichlid-and-tiger-barb/,texas-cichlid,tiger-barb,False,False,/compatibility/texas-cichlid/,/compatibility/tiger-barb/,Ensure both owner links
/compatibility/texas-cichlid-and-watchman-goby/,texas-cichlid,watchman-goby,False,False,/compatibility/texas-cichlid/,/compatibility/watchman-goby/,Ensure both owner links
/compatibility/texas-cichlid-and-weather-loach/,texas-cichlid,weather-loach,False,False,/compatibility/texas-cichlid/,/compatibility/weather-loach/,Ensure both owner links
/compatibility/texas-cichlid-and-x-ray-tetra/,texas-cichlid,x-ray-tetra,False,False,/compatibility/texas-cichlid/,/compatibility/x-ray-tetra/,Ensure both owner links
/compatibility/texas-cichlid-and-yellow-tang/,texas-cichlid,yellow-tang,False,False,/compatibility/texas-cichlid/,/compatibility/yellow-tang/,Ensure both owner links
/compatibility/texas-cichlid-and-yoyo-loach/,texas-cichlid,yoyo-loach,False,False,/compatibility/texas-cichlid/,/compatibility/yoyo-loach/,Ensure both owner links
/compatibility/texas-cichlid-and-zebra-danio/,texas-cichlid,zebra-danio,False,False,/compatibility/texas-cichlid/,/compatibility/zebra-danio/,Ensure both owner links
/compatibility/texas-cichlid-and-zebra-loach/,texas-cichlid,zebra-loach,False,False,/compatibility/texas-cichlid/,/compatibility/zebra-loach/,Ensure both owner links
/compatibility/texas-cichlid-and-zebra-pleco/,texas-cichlid,zebra-pleco,False,False,/compatibility/texas-cichlid/,/compatibility/zebra-pleco/,Ensure both owner links
/compatibility/threadfin-rainbowfish-and-three-spot-gourami/,threadfin-rainbowfish,three-spot-gourami,False,False,/compatibility/threadfin-rainbowfish/,/compatibility/three-spot-gourami/,Ensure both owner links
/compatibility/threadfin-rainbowfish-and-tiger-barb/,threadfin-rainbowfish,tiger-barb,False,False,/compatibility/threadfin-rainbowfish/,/compatibility/tiger-barb/,Ensure both owner links
/compatibility/threadfin-rainbowfish-and-watchman-goby/,threadfin-rainbowfish,watchman-goby,False,False,/compatibility/threadfin-rainbowfish/,/compatibility/watchman-goby/,Ensure both owner links
/compatibility/threadfin-rainbowfish-and-weather-loach/,threadfin-rainbowfish,weather-loach,False,False,/compatibility/threadfin-rainbowfish/,/compatibility/weather-loach/,Ensure both owner links
/compatibility/threadfin-rainbowfish-and-x-ray-tetra/,threadfin-rainbowfish,x-ray-tetra,False,False,/compatibility/threadfin-rainbowfish/,/compatibility/x-ray-tetra/,Ensure both owner links
/compatibility/threadfin-rainbowfish-and-yellow-tang/,threadfin-rainbowfish,yellow-tang,False,False,/compatibility/threadfin-rainbowfish/,/compatibility/yellow-tang/,Ensure both owner links
/compatibility/threadfin-rainbowfish-and-yoyo-loach/,threadfin-rainbowfish,yoyo-loach,False,False,/compatibility/threadfin-rainbowfish/,/compatibility/yoyo-loach/,Ensure both owner links
/compatibility/threadfin-rainbowfish-and-zebra-danio/,threadfin-rainbowfish,zebra-danio,False,False,/compatibility/threadfin-rainbowfish/,/compatibility/zebra-danio/,Ensure both owner links
/compatibility/threadfin-rainbowfish-and-zebra-loach/,threadfin-rainbowfish,zebra-loach,False,False,/compatibility/threadfin-rainbowfish/,/compatibility/zebra-loach/,Ensure both owner links
/compatibility/threadfin-rainbowfish-and-zebra-pleco/,threadfin-rainbowfish,zebra-pleco,False,False,/compatibility/threadfin-rainbowfish/,/compatibility/zebra-pleco/,Ensure both owner links
/compatibility/three-spot-gourami-and-tiger-barb/,three-spot-gourami,tiger-barb,False,False,/compatibility/three-spot-gourami/,/compatibility/tiger-barb/,Ensure both owner links
/compatibility/three-spot-gourami-and-watchman-goby/,three-spot-gourami,watchman-goby,False,False,/compatibility/three-spot-gourami/,/compatibility/watchman-goby/,Ensure both owner links
/compatibility/three-spot-gourami-and-weather-loach/,three-spot-gourami,weather-loach,False,False,/compatibility/three-spot-gourami/,/compatibility/weather-loach/,Ensure both owner links
/compatibility/three-spot-gourami-and-x-ray-tetra/,three-spot-gourami,x-ray-tetra,False,False,/compatibility/three-spot-gourami/,/compatibility/x-ray-tetra/,Ensure both owner links
/compatibility/three-spot-gourami-and-yellow-tang/,three-spot-gourami,yellow-tang,False,False,/compatibility/three-spot-gourami/,/compatibility/yellow-tang/,Ensure both owner links
/compatibility/three-spot-gourami-and-yoyo-loach/,three-spot-gourami,yoyo-loach,False,False,/compatibility/three-spot-gourami/,/compatibility/yoyo-loach/,Ensure both owner links
/compatibility/three-spot-gourami-and-zebra-danio/,three-spot-gourami,zebra-danio,False,False,/compatibility/three-spot-gourami/,/compatibility/zebra-danio/,Ensure both owner links
/compatibility/three-spot-gourami-and-zebra-loach/,three-spot-gourami,zebra-loach,False,False,/compatibility/three-spot-gourami/,/compatibility/zebra-loach/,Ensure both owner links
/compatibility/three-spot-gourami-and-zebra-pleco/,three-spot-gourami,zebra-pleco,False,False,/compatibility/three-spot-gourami/,/compatibility/zebra-pleco/,Ensure both owner links
/compatibility/tiger-barb-and-watchman-goby/,tiger-barb,watchman-goby,False,False,/compatibility/tiger-barb/,/compatibility/watchman-goby/,Ensure both owner links
/compatibility/tiger-barb-and-weather-loach/,tiger-barb,weather-loach,False,False,/compatibility/tiger-barb/,/compatibility/weather-loach/,Ensure both owner links
/compatibility/tiger-barb-and-x-ray-tetra/,tiger-barb,x-ray-tetra,False,False,/compatibility/tiger-barb/,/compatibility/x-ray-tetra/,Ensure both owner links
/compatibility/tiger-barb-and-yellow-tang/,tiger-barb,yellow-tang,False,False,/compatibility/tiger-barb/,/compatibility/yellow-tang/,Ensure both owner links
/compatibility/tiger-barb-and-yoyo-loach/,tiger-barb,yoyo-loach,False,False,/compatibility/tiger-barb/,/compatibility/yoyo-loach/,Ensure both owner links
/compatibility/tiger-barb-and-zebra-danio/,tiger-barb,zebra-danio,False,False,/compatibility/tiger-barb/,/compatibility/zebra-danio/,Ensure both owner links
/compatibility/tiger-barb-and-zebra-loach/,tiger-barb,zebra-loach,False,False,/compatibility/tiger-barb/,/compatibility/zebra-loach/,Ensure both owner links
/compatibility/tiger-barb-and-zebra-pleco/,tiger-barb,zebra-pleco,False,False,/compatibility/tiger-barb/,/compatibility/zebra-pleco/,Ensure both owner links
/compatibility/watchman-goby-and-weather-loach/,watchman-goby,weather-loach,False,False,/compatibility/watchman-goby/,/compatibility/weather-loach/,Ensure both owner links
/compatibility/watchman-goby-and-x-ray-tetra/,watchman-goby,x-ray-tetra,False,False,/compatibility/watchman-goby/,/compatibility/x-ray-tetra/,Ensure both owner links
/compatibility/watchman-goby-and-yellow-tang/,watchman-goby,yellow-tang,False,False,/compatibility/watchman-goby/,/compatibility/yellow-tang/,Ensure both owner links
/compatibility/watchman-goby-and-yoyo-loach/,watchman-goby,yoyo-loach,False,False,/compatibility/watchman-goby/,/compatibility/yoyo-loach/,Ensure both owner links
/compatibility/watchman-goby-and-zebra-danio/,watchman-goby,zebra-danio,False,False,/compatibility/watchman-goby/,/compatibility/zebra-danio/,Ensure both owner links
/compatibility/watchman-goby-and-zebra-loach/,watchman-goby,zebra-loach,False,False,/compatibility/watchman-goby/,/compatibility/zebra-loach/,Ensure both owner links
/compatibility/watchman-goby-and-zebra-pleco/,watchman-goby,zebra-pleco,False,False,/compatibility/watchman-goby/,/compatibility/zebra-pleco/,Ensure both owner links
/compatibility/weather-loach-and-x-ray-tetra/,weather-loach,x-ray-tetra,False,False,/compatibility/weather-loach/,/compatibility/x-ray-tetra/,Ensure both owner links
/compatibility/weather-loach-and-yellow-tang/,weather-loach,yellow-tang,False,False,/compatibility/weather-loach/,/compatibility/yellow-tang/,Ensure both owner links
/compatibility/weather-loach-and-yoyo-loach/,weather-loach,yoyo-loach,False,False,/compatibility/weather-loach/,/compatibility/yoyo-loach/,Ensure both owner links
/compatibility/weather-loach-and-zebra-danio/,weather-loach,zebra-danio,False,False,/compatibility/weather-loach/,/compatibility/zebra-danio/,Ensure both owner links
/compatibility/weather-loach-and-zebra-loach/,weather-loach,zebra-loach,False,False,/compatibility/weather-loach/,/compatibility/zebra-loach/,Ensure both owner links
/compatibility/weather-loach-and-zebra-pleco/,weather-loach,zebra-pleco,False,False,/compatibility/weather-loach/,/compatibility/zebra-pleco/,Ensure both owner links
/compatibility/x-ray-tetra-and-yellow-tang/,x-ray-tetra,yellow-tang,False,False,/compatibility/x-ray-tetra/,/compatibility/yellow-tang/,Ensure both owner links
/compatibility/x-ray-tetra-and-yoyo-loach/,x-ray-tetra,yoyo-loach,False,False,/compatibility/x-ray-tetra/,/compatibility/yoyo-loach/,Ensure both owner links
/compatibility/x-ray-tetra-and-zebra-danio/,x-ray-tetra,zebra-danio,False,False,/compatibility/x-ray-tetra/,/compatibility/zebra-danio/,Ensure both owner links
/compatibility/x-ray-tetra-and-zebra-loach/,x-ray-tetra,zebra-loach,False,False,/compatibility/x-ray-tetra/,/compatibility/zebra-loach/,Ensure both owner links
/compatibility/x-ray-tetra-and-zebra-pleco/,x-ray-tetra,zebra-pleco,False,False,/compatibility/x-ray-tetra/,/compatibility/zebra-pleco/,Ensure both owner links
/compatibility/yellow-tang-and-yoyo-loach/,yellow-tang,yoyo-loach,False,False,/compatibility/yellow-tang/,/compatibility/yoyo-loach/,Ensure both owner links
/compatibility/yellow-tang-and-zebra-danio/,yellow-tang,zebra-danio,False,False,/compatibility/yellow-tang/,/compatibility/zebra-danio/,Ensure both owner links
/compatibility/yellow-tang-and-zebra-loach/,yellow-tang,zebra-loach,False,False,/compatibility/yellow-tang/,/compatibility/zebra-loach/,Ensure both owner links
/compatibility/yellow-tang-and-zebra-pleco/,yellow-tang,zebra-pleco,False,False,/compatibility/yellow-tang/,/compatibility/zebra-pleco/,Ensure both owner links
/compatibility/yoyo-loach-and-zebra-danio/,yoyo-loach,zebra-danio,False,False,/compatibility/yoyo-loach/,/compatibility/zebra-danio/,Ensure both owner links
/compatibility/yoyo-loach-and-zebra-loach/,yoyo-loach,zebra-loach,False,False,/compatibility/yoyo-loach/,/compatibility/zebra-loach/,Ensure both owner links
/compatibility/yoyo-loach-and-zebra-pleco/,yoyo-loach,zebra-pleco,False,False,/compatibility/yoyo-loach/,/compatibility/zebra-pleco/,Ensure both owner links
/compatibility/zebra-danio-and-zebra-loach/,zebra-danio,zebra-loach,False,False,/compatibility/zebra-danio/,/compatibility/zebra-loach/,Ensure both owner links
/compatibility/zebra-danio-and-zebra-pleco/,zebra-danio,zebra-pleco,False,False,/compatibility/zebra-danio/,/compatibility/zebra-pleco/,Ensure both owner links
/compatibility/zebra-loach-and-zebra-pleco/,zebra-loach,zebra-pleco,False,False,/compatibility/zebra-loach/,/compatibility/zebra-pleco/,Ensure both owner links
